market,date,tenor,yield
CN,2016-09-05,2Y,2.2646
CN,2016-09-05,5Y,2.5733
CN,2016-09-05,10Y,2.7503
CN,2016-09-05,30Y,3.3137
CN,2016-09-06,2Y,2.2809
CN,2016-09-06,5Y,2.5728
CN,2016-09-06,10Y,2.7628
CN,2016-09-06,30Y,3.3158
CN,2016-09-07,2Y,2.2672
CN,2016-09-07,5Y,2.5731
CN,2016-09-07,10Y,2.7853
CN,2016-09-07,30Y,3.3183
CN,2016-09-08,2Y,2.2836
CN,2016-09-08,5Y,2.5739
CN,2016-09-08,10Y,2.7753
CN,2016-09-08,30Y,3.3058
CN,2016-09-09,2Y,2.2958
CN,2016-09-09,5Y,2.5632
CN,2016-09-09,10Y,2.7678
CN,2016-09-09,30Y,3.2858
CN,2016-09-12,2Y,2.3290
CN,2016-09-12,5Y,2.5782
CN,2016-09-12,10Y,2.7916
CN,2016-09-12,30Y,3.2909
CN,2016-09-13,2Y,2.3132
CN,2016-09-13,5Y,2.5732
CN,2016-09-13,10Y,2.7654
CN,2016-09-13,30Y,3.2835
CN,2016-09-14,2Y,2.3115
CN,2016-09-14,5Y,2.5708
CN,2016-09-14,10Y,2.7579
CN,2016-09-14,30Y,3.2808
CN,2016-09-18,2Y,2.3259
CN,2016-09-18,5Y,2.5748
CN,2016-09-18,10Y,2.7655
CN,2016-09-18,30Y,3.2786
CN,2016-09-19,2Y,2.3076
CN,2016-09-19,5Y,2.5699
CN,2016-09-19,10Y,2.7605
CN,2016-09-19,30Y,3.2763
CN,2016-09-20,2Y,2.2836
CN,2016-09-20,5Y,2.5680
CN,2016-09-20,10Y,2.7431
CN,2016-09-20,30Y,3.2701
CN,2016-09-21,2Y,2.2885
CN,2016-09-21,5Y,2.5710
CN,2016-09-21,10Y,2.7518
CN,2016-09-21,30Y,3.2689
CN,2016-09-22,2Y,2.2656
CN,2016-09-22,5Y,2.5639
CN,2016-09-22,10Y,2.7456
CN,2016-09-22,30Y,3.2564
CN,2016-09-23,2Y,2.2535
CN,2016-09-23,5Y,2.5529
CN,2016-09-23,10Y,2.7318
CN,2016-09-23,30Y,3.2088
CN,2016-09-26,2Y,2.2545
CN,2016-09-26,5Y,2.5474
CN,2016-09-26,10Y,2.7157
CN,2016-09-26,30Y,3.2065
CN,2016-09-27,2Y,2.2600
CN,2016-09-27,5Y,2.5536
CN,2016-09-27,10Y,2.7144
CN,2016-09-27,30Y,3.2040
CN,2016-09-28,2Y,2.2530
CN,2016-09-28,5Y,2.5609
CN,2016-09-28,10Y,2.7244
CN,2016-09-28,30Y,3.2103
CN,2016-09-29,2Y,2.2650
CN,2016-09-29,5Y,2.5552
CN,2016-09-29,10Y,2.7282
CN,2016-09-29,30Y,3.2040
CN,2016-09-30,2Y,2.2609
CN,2016-09-30,5Y,2.5489
CN,2016-09-30,10Y,2.7258
CN,2016-09-30,30Y,3.1901
CN,2016-10-08,2Y,2.2571
CN,2016-10-08,5Y,2.5447
CN,2016-10-08,10Y,2.7047
CN,2016-10-08,30Y,3.1768
CN,2016-10-09,2Y,2.2625
CN,2016-10-09,5Y,2.5174
CN,2016-10-09,10Y,2.6760
CN,2016-10-09,30Y,3.1617
CN,2016-10-10,2Y,2.2499
CN,2016-10-10,5Y,2.5134
CN,2016-10-10,10Y,2.6735
CN,2016-10-10,30Y,3.1565
CN,2016-10-11,2Y,2.2515
CN,2016-10-11,5Y,2.5140
CN,2016-10-11,10Y,2.6835
CN,2016-10-11,30Y,3.1619
CN,2016-10-12,2Y,2.2560
CN,2016-10-12,5Y,2.5197
CN,2016-10-12,10Y,2.7098
CN,2016-10-12,30Y,3.1716
CN,2016-10-13,2Y,2.2452
CN,2016-10-13,5Y,2.5263
CN,2016-10-13,10Y,2.7010
CN,2016-10-13,30Y,3.1640
CN,2016-10-14,2Y,2.2361
CN,2016-10-14,5Y,2.4677
CN,2016-10-14,10Y,2.6952
CN,2016-10-14,30Y,3.1565
CN,2016-10-17,2Y,2.2487
CN,2016-10-17,5Y,2.4694
CN,2016-10-17,10Y,2.6904
CN,2016-10-17,30Y,3.1464
CN,2016-10-18,2Y,2.2158
CN,2016-10-18,5Y,2.4631
CN,2016-10-18,10Y,2.6965
CN,2016-10-18,30Y,3.1464
CN,2016-10-19,2Y,2.2065
CN,2016-10-19,5Y,2.4351
CN,2016-10-19,10Y,2.6664
CN,2016-10-19,30Y,3.1365
CN,2016-10-20,2Y,2.1998
CN,2016-10-20,5Y,2.4271
CN,2016-10-20,10Y,2.6518
CN,2016-10-20,30Y,3.0964
CN,2016-10-21,2Y,2.2145
CN,2016-10-21,5Y,2.4056
CN,2016-10-21,10Y,2.6451
CN,2016-10-21,30Y,3.0815
CN,2016-10-24,2Y,2.2320
CN,2016-10-24,5Y,2.4124
CN,2016-10-24,10Y,2.6595
CN,2016-10-24,30Y,3.0914
CN,2016-10-25,2Y,2.2178
CN,2016-10-25,5Y,2.4090
CN,2016-10-25,10Y,2.6859
CN,2016-10-25,30Y,3.1068
CN,2016-10-26,2Y,2.2530
CN,2016-10-26,5Y,2.4556
CN,2016-10-26,10Y,2.7200
CN,2016-10-26,30Y,3.1264
CN,2016-10-27,2Y,2.2567
CN,2016-10-27,5Y,2.4460
CN,2016-10-27,10Y,2.7068
CN,2016-10-27,30Y,3.1118
CN,2016-10-28,2Y,2.2475
CN,2016-10-28,5Y,2.4412
CN,2016-10-28,10Y,2.7027
CN,2016-10-28,30Y,3.1118
CN,2016-10-31,2Y,2.2507
CN,2016-10-31,5Y,2.4518
CN,2016-10-31,10Y,2.7425
CN,2016-10-31,30Y,3.1343
CN,2016-11-01,2Y,2.2691
CN,2016-11-01,5Y,2.4519
CN,2016-11-01,10Y,2.7375
CN,2016-11-01,30Y,3.1444
CN,2016-11-02,2Y,2.2541
CN,2016-11-02,5Y,2.4367
CN,2016-11-02,10Y,2.7372
CN,2016-11-02,30Y,3.1482
CN,2016-11-03,2Y,2.2224
CN,2016-11-03,5Y,2.4421
CN,2016-11-03,10Y,2.7301
CN,2016-11-03,30Y,3.1420
CN,2016-11-04,2Y,2.2164
CN,2016-11-04,5Y,2.4524
CN,2016-11-04,10Y,2.7339
CN,2016-11-04,30Y,3.1395
CN,2016-11-07,2Y,2.2258
CN,2016-11-07,5Y,2.4663
CN,2016-11-07,10Y,2.7475
CN,2016-11-07,30Y,3.1671
CN,2016-11-08,2Y,2.2289
CN,2016-11-08,5Y,2.4733
CN,2016-11-08,10Y,2.7634
CN,2016-11-08,30Y,3.1973
CN,2016-11-09,2Y,2.2292
CN,2016-11-09,5Y,2.4887
CN,2016-11-09,10Y,2.7651
CN,2016-11-09,30Y,3.1898
CN,2016-11-10,2Y,2.2295
CN,2016-11-10,5Y,2.4837
CN,2016-11-10,10Y,2.7926
CN,2016-11-10,30Y,3.2071
CN,2016-11-11,2Y,2.2426
CN,2016-11-11,5Y,2.5252
CN,2016-11-11,10Y,2.8150
CN,2016-11-11,30Y,3.2222
CN,2016-11-14,2Y,2.2314
CN,2016-11-14,5Y,2.5877
CN,2016-11-14,10Y,2.8577
CN,2016-11-14,30Y,3.2825
CN,2016-11-15,2Y,2.2645
CN,2016-11-15,5Y,2.6023
CN,2016-11-15,10Y,2.8501
CN,2016-11-15,30Y,3.3205
CN,2016-11-16,2Y,2.2518
CN,2016-11-16,5Y,2.6181
CN,2016-11-16,10Y,2.8652
CN,2016-11-16,30Y,3.3231
CN,2016-11-17,2Y,2.2772
CN,2016-11-17,5Y,2.6638
CN,2016-11-17,10Y,2.9055
CN,2016-11-17,30Y,3.3784
CN,2016-11-18,2Y,2.3102
CN,2016-11-18,5Y,2.6582
CN,2016-11-18,10Y,2.8901
CN,2016-11-18,30Y,3.3634
CN,2016-11-21,2Y,2.3147
CN,2016-11-21,5Y,2.6694
CN,2016-11-21,10Y,2.8851
CN,2016-11-21,30Y,3.3560
CN,2016-11-22,2Y,2.2859
CN,2016-11-22,5Y,2.6592
CN,2016-11-22,10Y,2.8689
CN,2016-11-22,30Y,3.3486
CN,2016-11-23,2Y,2.2879
CN,2016-11-23,5Y,2.6491
CN,2016-11-23,10Y,2.8451
CN,2016-11-23,30Y,3.3135
CN,2016-11-24,2Y,2.3034
CN,2016-11-24,5Y,2.6383
CN,2016-11-24,10Y,2.8502
CN,2016-11-24,30Y,3.2920
CN,2016-11-25,2Y,2.3377
CN,2016-11-25,5Y,2.6476
CN,2016-11-25,10Y,2.8650
CN,2016-11-25,30Y,3.2734
CN,2016-11-28,2Y,2.3331
CN,2016-11-28,5Y,2.6587
CN,2016-11-28,10Y,2.8502
CN,2016-11-28,30Y,3.2428
CN,2016-11-29,2Y,2.3734
CN,2016-11-29,5Y,2.7096
CN,2016-11-29,10Y,2.8906
CN,2016-11-29,30Y,3.2728
CN,2016-11-30,2Y,2.4248
CN,2016-11-30,5Y,2.7282
CN,2016-11-30,10Y,2.9502
CN,2016-11-30,30Y,3.2998
CN,2016-12-01,2Y,2.4579
CN,2016-12-01,5Y,2.7839
CN,2016-12-01,10Y,2.9893
CN,2016-12-01,30Y,3.3778
CN,2016-12-02,2Y,2.4792
CN,2016-12-02,5Y,2.7892
CN,2016-12-02,10Y,2.9895
CN,2016-12-02,30Y,3.3829
CN,2016-12-05,2Y,2.4846
CN,2016-12-05,5Y,2.8131
CN,2016-12-05,10Y,3.0302
CN,2016-12-05,30Y,3.3917
CN,2016-12-06,2Y,2.4925
CN,2016-12-06,5Y,2.9062
CN,2016-12-06,10Y,3.1151
CN,2016-12-06,30Y,3.4738
CN,2016-12-07,2Y,2.5051
CN,2016-12-07,5Y,2.8955
CN,2016-12-07,10Y,3.0877
CN,2016-12-07,30Y,3.4529
CN,2016-12-08,2Y,2.5741
CN,2016-12-08,5Y,2.8635
CN,2016-12-08,10Y,3.0753
CN,2016-12-08,30Y,3.4480
CN,2016-12-09,2Y,2.6394
CN,2016-12-09,5Y,2.8413
CN,2016-12-09,10Y,3.0853
CN,2016-12-09,30Y,3.4476
CN,2016-12-12,2Y,2.6325
CN,2016-12-12,5Y,2.9043
CN,2016-12-12,10Y,3.1458
CN,2016-12-12,30Y,3.5027
CN,2016-12-13,2Y,2.6622
CN,2016-12-13,5Y,2.9234
CN,2016-12-13,10Y,3.1863
CN,2016-12-13,30Y,3.5833
CN,2016-12-14,2Y,2.7416
CN,2016-12-14,5Y,2.9657
CN,2016-12-14,10Y,3.2186
CN,2016-12-14,30Y,3.6331
CN,2016-12-15,2Y,2.9049
CN,2016-12-15,5Y,3.0906
CN,2016-12-15,10Y,3.3315
CN,2016-12-15,30Y,3.8045
CN,2016-12-16,2Y,2.9969
CN,2016-12-16,5Y,3.0561
CN,2016-12-16,10Y,3.2803
CN,2016-12-16,30Y,3.7994
CN,2016-12-19,2Y,3.0490
CN,2016-12-19,5Y,3.1483
CN,2016-12-19,10Y,3.3316
CN,2016-12-19,30Y,3.8622
CN,2016-12-20,2Y,3.1055
CN,2016-12-20,5Y,3.1906
CN,2016-12-20,10Y,3.3739
CN,2016-12-20,30Y,3.8642
CN,2016-12-21,2Y,3.0095
CN,2016-12-21,5Y,3.1374
CN,2016-12-21,10Y,3.2815
CN,2016-12-21,30Y,3.8553
CN,2016-12-22,2Y,3.0034
CN,2016-12-22,5Y,3.0675
CN,2016-12-22,10Y,3.1908
CN,2016-12-22,30Y,3.7757
CN,2016-12-23,2Y,2.9077
CN,2016-12-23,5Y,3.0013
CN,2016-12-23,10Y,3.1769
CN,2016-12-23,30Y,3.7528
CN,2016-12-26,2Y,2.8999
CN,2016-12-26,5Y,2.9422
CN,2016-12-26,10Y,3.1551
CN,2016-12-26,30Y,3.7428
CN,2016-12-27,2Y,2.8422
CN,2016-12-27,5Y,2.9327
CN,2016-12-27,10Y,3.1628
CN,2016-12-27,30Y,3.7355
CN,2016-12-28,2Y,2.8439
CN,2016-12-28,5Y,2.9274
CN,2016-12-28,10Y,3.1223
CN,2016-12-28,30Y,3.7153
CN,2016-12-29,2Y,2.7538
CN,2016-12-29,5Y,2.8574
CN,2016-12-29,10Y,3.0471
CN,2016-12-29,30Y,3.6646
CN,2016-12-30,2Y,2.7042
CN,2016-12-30,5Y,2.8540
CN,2016-12-30,10Y,3.0115
CN,2016-12-30,30Y,3.5831
CN,2016-12-31,2Y,2.7014
CN,2016-12-31,5Y,2.8540
CN,2016-12-31,10Y,3.0115
CN,2016-12-31,30Y,3.5831
CN,2017-01-03,2Y,2.7798
CN,2017-01-03,5Y,2.8877
CN,2017-01-03,10Y,3.1054
CN,2017-01-03,30Y,3.6226
CN,2017-01-04,2Y,2.7937
CN,2017-01-04,5Y,2.9339
CN,2017-01-04,10Y,3.1823
CN,2017-01-04,30Y,3.6224
CN,2017-01-05,2Y,2.8132
CN,2017-01-05,5Y,2.9306
CN,2017-01-05,10Y,3.2086
CN,2017-01-05,30Y,3.6510
CN,2017-01-06,2Y,2.8047
CN,2017-01-06,5Y,2.9534
CN,2017-01-06,10Y,3.1953
CN,2017-01-06,30Y,3.6337
CN,2017-01-09,2Y,2.7880
CN,2017-01-09,5Y,2.9445
CN,2017-01-09,10Y,3.1692
CN,2017-01-09,30Y,3.6338
CN,2017-01-10,2Y,2.7671
CN,2017-01-10,5Y,2.9119
CN,2017-01-10,10Y,3.1792
CN,2017-01-10,30Y,3.6269
CN,2017-01-11,2Y,2.7886
CN,2017-01-11,5Y,2.9531
CN,2017-01-11,10Y,3.2055
CN,2017-01-11,30Y,3.6488
CN,2017-01-12,2Y,2.7697
CN,2017-01-12,5Y,2.9616
CN,2017-01-12,10Y,3.1888
CN,2017-01-12,30Y,3.6418
CN,2017-01-13,2Y,2.7539
CN,2017-01-13,5Y,2.9452
CN,2017-01-13,10Y,3.2022
CN,2017-01-13,30Y,3.6414
CN,2017-01-16,2Y,2.7094
CN,2017-01-16,5Y,2.9596
CN,2017-01-16,10Y,3.2496
CN,2017-01-16,30Y,3.6514
CN,2017-01-17,2Y,2.7550
CN,2017-01-17,5Y,2.9830
CN,2017-01-17,10Y,3.2692
CN,2017-01-17,30Y,3.6818
CN,2017-01-18,2Y,2.7297
CN,2017-01-18,5Y,2.9612
CN,2017-01-18,10Y,3.2682
CN,2017-01-18,30Y,3.6870
CN,2017-01-19,2Y,2.7457
CN,2017-01-19,5Y,2.9715
CN,2017-01-19,10Y,3.2584
CN,2017-01-19,30Y,3.6821
CN,2017-01-20,2Y,2.7265
CN,2017-01-20,5Y,2.9619
CN,2017-01-20,10Y,3.2440
CN,2017-01-20,30Y,3.6796
CN,2017-01-22,2Y,2.7182
CN,2017-01-22,5Y,2.9645
CN,2017-01-22,10Y,3.2550
CN,2017-01-22,30Y,3.6796
CN,2017-01-23,2Y,2.7367
CN,2017-01-23,5Y,2.9568
CN,2017-01-23,10Y,3.2429
CN,2017-01-23,30Y,3.6721
CN,2017-01-24,2Y,2.7404
CN,2017-01-24,5Y,2.9730
CN,2017-01-24,10Y,3.2837
CN,2017-01-24,30Y,3.7018
CN,2017-01-25,2Y,2.7617
CN,2017-01-25,5Y,3.0275
CN,2017-01-25,10Y,3.3463
CN,2017-01-25,30Y,3.7287
CN,2017-01-26,2Y,2.7737
CN,2017-01-26,5Y,3.0375
CN,2017-01-26,10Y,3.3465
CN,2017-01-26,30Y,3.7287
CN,2017-02-03,2Y,2.8244
CN,2017-02-03,5Y,3.0791
CN,2017-02-03,10Y,3.4214
CN,2017-02-03,30Y,3.7808
CN,2017-02-04,2Y,2.8507
CN,2017-02-04,5Y,3.1067
CN,2017-02-04,10Y,3.4099
CN,2017-02-04,30Y,3.7701
CN,2017-02-06,2Y,2.8969
CN,2017-02-06,5Y,3.1067
CN,2017-02-06,10Y,3.4905
CN,2017-02-06,30Y,3.8405
CN,2017-02-07,2Y,2.9465
CN,2017-02-07,5Y,3.1103
CN,2017-02-07,10Y,3.4866
CN,2017-02-07,30Y,3.8403
CN,2017-02-08,2Y,2.9368
CN,2017-02-08,5Y,3.1104
CN,2017-02-08,10Y,3.4591
CN,2017-02-08,30Y,3.8507
CN,2017-02-09,2Y,2.9270
CN,2017-02-09,5Y,3.0646
CN,2017-02-09,10Y,3.4148
CN,2017-02-09,30Y,3.8413
CN,2017-02-10,2Y,2.9283
CN,2017-02-10,5Y,3.0542
CN,2017-02-10,10Y,3.4368
CN,2017-02-10,30Y,3.8509
CN,2017-02-13,2Y,2.9192
CN,2017-02-13,5Y,3.0346
CN,2017-02-13,10Y,3.4192
CN,2017-02-13,30Y,3.8611
CN,2017-02-14,2Y,2.9260
CN,2017-02-14,5Y,3.0446
CN,2017-02-14,10Y,3.4107
CN,2017-02-14,30Y,3.8612
CN,2017-02-15,2Y,2.8975
CN,2017-02-15,5Y,3.0562
CN,2017-02-15,10Y,3.4058
CN,2017-02-15,30Y,3.8764
CN,2017-02-16,2Y,2.8844
CN,2017-02-16,5Y,3.0677
CN,2017-02-16,10Y,3.3559
CN,2017-02-16,30Y,3.8611
CN,2017-02-17,2Y,2.8657
CN,2017-02-17,5Y,3.0426
CN,2017-02-17,10Y,3.3311
CN,2017-02-17,30Y,3.8364
CN,2017-02-20,2Y,2.8333
CN,2017-02-20,5Y,2.9966
CN,2017-02-20,10Y,3.2812
CN,2017-02-20,30Y,3.8044
CN,2017-02-21,2Y,2.8103
CN,2017-02-21,5Y,3.0090
CN,2017-02-21,10Y,3.3013
CN,2017-02-21,30Y,3.8373
CN,2017-02-22,2Y,2.7890
CN,2017-02-22,5Y,3.0081
CN,2017-02-22,10Y,3.2839
CN,2017-02-22,30Y,3.8019
CN,2017-02-23,2Y,2.7748
CN,2017-02-23,5Y,3.0036
CN,2017-02-23,10Y,3.2714
CN,2017-02-23,30Y,3.7818
CN,2017-02-24,2Y,2.8078
CN,2017-02-24,5Y,3.0076
CN,2017-02-24,10Y,3.2916
CN,2017-02-24,30Y,3.7918
CN,2017-02-27,2Y,2.8264
CN,2017-02-27,5Y,2.9816
CN,2017-02-27,10Y,3.2871
CN,2017-02-27,30Y,3.7897
CN,2017-02-28,2Y,2.8328
CN,2017-02-28,5Y,2.9999
CN,2017-02-28,10Y,3.2921
CN,2017-02-28,30Y,3.7971
CN,2017-03-01,2Y,2.8371
CN,2017-03-01,5Y,3.0190
CN,2017-03-01,10Y,3.3252
CN,2017-03-01,30Y,3.8013
CN,2017-03-02,2Y,2.8617
CN,2017-03-02,5Y,3.0450
CN,2017-03-02,10Y,3.3483
CN,2017-03-02,30Y,3.7850
CN,2017-03-03,2Y,2.8847
CN,2017-03-03,5Y,3.0391
CN,2017-03-03,10Y,3.3573
CN,2017-03-03,30Y,3.7798
CN,2017-03-06,2Y,2.8691
CN,2017-03-06,5Y,3.0404
CN,2017-03-06,10Y,3.3615
CN,2017-03-06,30Y,3.8101
CN,2017-03-07,2Y,2.8947
CN,2017-03-07,5Y,3.0387
CN,2017-03-07,10Y,3.3643
CN,2017-03-07,30Y,3.8088
CN,2017-03-08,2Y,2.9185
CN,2017-03-08,5Y,3.0739
CN,2017-03-08,10Y,3.4088
CN,2017-03-08,30Y,3.8199
CN,2017-03-09,2Y,2.9122
CN,2017-03-09,5Y,3.1016
CN,2017-03-09,10Y,3.4151
CN,2017-03-09,30Y,3.8202
CN,2017-03-10,2Y,2.8997
CN,2017-03-10,5Y,3.1507
CN,2017-03-10,10Y,3.4156
CN,2017-03-10,30Y,3.8152
CN,2017-03-13,2Y,2.8561
CN,2017-03-13,5Y,3.1363
CN,2017-03-13,10Y,3.3851
CN,2017-03-13,30Y,3.8052
CN,2017-03-14,2Y,2.8907
CN,2017-03-14,5Y,3.1198
CN,2017-03-14,10Y,3.3653
CN,2017-03-14,30Y,3.8075
CN,2017-03-15,2Y,2.8960
CN,2017-03-15,5Y,3.1200
CN,2017-03-15,10Y,3.3524
CN,2017-03-15,30Y,3.8102
CN,2017-03-16,2Y,2.9056
CN,2017-03-16,5Y,3.1010
CN,2017-03-16,10Y,3.3097
CN,2017-03-16,30Y,3.7815
CN,2017-03-17,2Y,2.9132
CN,2017-03-17,5Y,3.1135
CN,2017-03-17,10Y,3.3124
CN,2017-03-17,30Y,3.7927
CN,2017-03-20,2Y,2.8929
CN,2017-03-20,5Y,3.1204
CN,2017-03-20,10Y,3.3141
CN,2017-03-20,30Y,3.8055
CN,2017-03-21,2Y,2.9544
CN,2017-03-21,5Y,3.1441
CN,2017-03-21,10Y,3.3141
CN,2017-03-21,30Y,3.8103
CN,2017-03-22,2Y,2.9543
CN,2017-03-22,5Y,3.1523
CN,2017-03-22,10Y,3.3068
CN,2017-03-22,30Y,3.8004
CN,2017-03-23,2Y,2.9704
CN,2017-03-23,5Y,3.1424
CN,2017-03-23,10Y,3.3034
CN,2017-03-23,30Y,3.8055
CN,2017-03-24,2Y,2.9530
CN,2017-03-24,5Y,3.1040
CN,2017-03-24,10Y,3.2529
CN,2017-03-24,30Y,3.7779
CN,2017-03-27,2Y,2.9556
CN,2017-03-27,5Y,3.0824
CN,2017-03-27,10Y,3.2451
CN,2017-03-27,30Y,3.7629
CN,2017-03-28,2Y,2.9388
CN,2017-03-28,5Y,3.0758
CN,2017-03-28,10Y,3.2626
CN,2017-03-28,30Y,3.7604
CN,2017-03-29,2Y,2.9393
CN,2017-03-29,5Y,3.0757
CN,2017-03-29,10Y,3.2695
CN,2017-03-29,30Y,3.7605
CN,2017-03-30,2Y,2.9239
CN,2017-03-30,5Y,3.0831
CN,2017-03-30,10Y,3.2890
CN,2017-03-30,30Y,3.7605
CN,2017-03-31,2Y,2.9308
CN,2017-03-31,5Y,3.0782
CN,2017-03-31,10Y,3.2828
CN,2017-03-31,30Y,3.7604
CN,2017-04-01,2Y,2.9530
CN,2017-04-01,5Y,3.0844
CN,2017-04-01,10Y,3.2730
CN,2017-04-01,30Y,3.7506
CN,2017-04-05,2Y,2.9929
CN,2017-04-05,5Y,3.0883
CN,2017-04-05,10Y,3.3102
CN,2017-04-05,30Y,3.7555
CN,2017-04-06,2Y,2.9960
CN,2017-04-06,5Y,3.1096
CN,2017-04-06,10Y,3.3109
CN,2017-04-06,30Y,3.7604
CN,2017-04-07,2Y,3.0069
CN,2017-04-07,5Y,3.0888
CN,2017-04-07,10Y,3.2966
CN,2017-04-07,30Y,3.7554
CN,2017-04-10,2Y,3.0126
CN,2017-04-10,5Y,3.1107
CN,2017-04-10,10Y,3.3166
CN,2017-04-10,30Y,3.7601
CN,2017-04-11,2Y,3.0158
CN,2017-04-11,5Y,3.1259
CN,2017-04-11,10Y,3.3209
CN,2017-04-11,30Y,3.7526
CN,2017-04-12,2Y,3.0099
CN,2017-04-12,5Y,3.1648
CN,2017-04-12,10Y,3.3283
CN,2017-04-12,30Y,3.7651
CN,2017-04-13,2Y,3.0123
CN,2017-04-13,5Y,3.1595
CN,2017-04-13,10Y,3.3220
CN,2017-04-13,30Y,3.7501
CN,2017-04-14,2Y,3.0504
CN,2017-04-14,5Y,3.1750
CN,2017-04-14,10Y,3.3599
CN,2017-04-14,30Y,3.7652
CN,2017-04-17,2Y,3.0790
CN,2017-04-17,5Y,3.2508
CN,2017-04-17,10Y,3.4160
CN,2017-04-17,30Y,3.7954
CN,2017-04-18,2Y,3.1135
CN,2017-04-18,5Y,3.2608
CN,2017-04-18,10Y,3.4064
CN,2017-04-18,30Y,3.8152
CN,2017-04-19,2Y,3.1184
CN,2017-04-19,5Y,3.2709
CN,2017-04-19,10Y,3.4065
CN,2017-04-19,30Y,3.8198
CN,2017-04-20,2Y,3.1319
CN,2017-04-20,5Y,3.2761
CN,2017-04-20,10Y,3.4240
CN,2017-04-20,30Y,3.8352
CN,2017-04-21,2Y,3.1412
CN,2017-04-21,5Y,3.3215
CN,2017-04-21,10Y,3.4614
CN,2017-04-21,30Y,3.8668
CN,2017-04-24,2Y,3.1554
CN,2017-04-24,5Y,3.3776
CN,2017-04-24,10Y,3.4991
CN,2017-04-24,30Y,3.9002
CN,2017-04-25,2Y,3.1629
CN,2017-04-25,5Y,3.3372
CN,2017-04-25,10Y,3.4568
CN,2017-04-25,30Y,3.8950
CN,2017-04-26,2Y,3.2118
CN,2017-04-26,5Y,3.3419
CN,2017-04-26,10Y,3.4519
CN,2017-04-26,30Y,3.8952
CN,2017-04-27,2Y,3.2165
CN,2017-04-27,5Y,3.3343
CN,2017-04-27,10Y,3.4494
CN,2017-04-27,30Y,3.8902
CN,2017-04-28,2Y,3.2148
CN,2017-04-28,5Y,3.3417
CN,2017-04-28,10Y,3.4668
CN,2017-04-28,30Y,3.8902
CN,2017-05-02,2Y,3.2932
CN,2017-05-02,5Y,3.3718
CN,2017-05-02,10Y,3.4870
CN,2017-05-02,30Y,3.8952
CN,2017-05-03,2Y,3.3420
CN,2017-05-03,5Y,3.4117
CN,2017-05-03,10Y,3.5219
CN,2017-05-03,30Y,3.9156
CN,2017-05-04,2Y,3.4130
CN,2017-05-04,5Y,3.4663
CN,2017-05-04,10Y,3.5517
CN,2017-05-04,30Y,3.9102
CN,2017-05-05,2Y,3.4245
CN,2017-05-05,5Y,3.4813
CN,2017-05-05,10Y,3.5592
CN,2017-05-05,30Y,3.9101
CN,2017-05-08,2Y,3.4826
CN,2017-05-08,5Y,3.5361
CN,2017-05-08,10Y,3.6042
CN,2017-05-08,30Y,3.9208
CN,2017-05-09,2Y,3.5054
CN,2017-05-09,5Y,3.5921
CN,2017-05-09,10Y,3.6325
CN,2017-05-09,30Y,3.9409
CN,2017-05-10,2Y,3.5599
CN,2017-05-10,5Y,3.6819
CN,2017-05-10,10Y,3.6900
CN,2017-05-10,30Y,3.9609
CN,2017-05-11,2Y,3.5701
CN,2017-05-11,5Y,3.6309
CN,2017-05-11,10Y,3.6400
CN,2017-05-11,30Y,3.9402
CN,2017-05-12,2Y,3.6247
CN,2017-05-12,5Y,3.6542
CN,2017-05-12,10Y,3.6525
CN,2017-05-12,30Y,3.9608
CN,2017-05-15,2Y,3.5773
CN,2017-05-15,5Y,3.6259
CN,2017-05-15,10Y,3.6100
CN,2017-05-15,30Y,3.9709
CN,2017-05-16,2Y,3.5864
CN,2017-05-16,5Y,3.6454
CN,2017-05-16,10Y,3.6225
CN,2017-05-16,30Y,3.9759
CN,2017-05-17,2Y,3.6557
CN,2017-05-17,5Y,3.6800
CN,2017-05-17,10Y,3.6275
CN,2017-05-17,30Y,4.0008
CN,2017-05-18,2Y,3.6451
CN,2017-05-18,5Y,3.6454
CN,2017-05-18,10Y,3.6075
CN,2017-05-18,30Y,4.0127
CN,2017-05-19,2Y,3.6652
CN,2017-05-19,5Y,3.6823
CN,2017-05-19,10Y,3.6250
CN,2017-05-19,30Y,4.0023
CN,2017-05-22,2Y,3.6945
CN,2017-05-22,5Y,3.7204
CN,2017-05-22,10Y,3.6601
CN,2017-05-22,30Y,4.0163
CN,2017-05-23,2Y,3.6830
CN,2017-05-23,5Y,3.7053
CN,2017-05-23,10Y,3.6725
CN,2017-05-23,30Y,4.0192
CN,2017-05-24,2Y,3.6517
CN,2017-05-24,5Y,3.6604
CN,2017-05-24,10Y,3.6601
CN,2017-05-24,30Y,4.0180
CN,2017-05-25,2Y,3.6159
CN,2017-05-25,5Y,3.6454
CN,2017-05-25,10Y,3.6476
CN,2017-05-25,30Y,4.0012
CN,2017-05-26,2Y,3.6096
CN,2017-05-26,5Y,3.6557
CN,2017-05-26,10Y,3.6501
CN,2017-05-26,30Y,4.0110
CN,2017-05-27,2Y,3.5984
CN,2017-05-27,5Y,3.6400
CN,2017-05-27,10Y,3.6499
CN,2017-05-27,30Y,4.0111
CN,2017-05-31,2Y,3.5606
CN,2017-05-31,5Y,3.5758
CN,2017-05-31,10Y,3.6102
CN,2017-05-31,30Y,3.9997
CN,2017-06-01,2Y,3.5667
CN,2017-06-01,5Y,3.5710
CN,2017-06-01,10Y,3.6152
CN,2017-06-01,30Y,4.0009
CN,2017-06-02,2Y,3.5791
CN,2017-06-02,5Y,3.5709
CN,2017-06-02,10Y,3.6277
CN,2017-06-02,30Y,4.0023
CN,2017-06-05,2Y,3.5759
CN,2017-06-05,5Y,3.5529
CN,2017-06-05,10Y,3.6152
CN,2017-06-05,30Y,3.9909
CN,2017-06-06,2Y,3.5819
CN,2017-06-06,5Y,3.5839
CN,2017-06-06,10Y,3.6328
CN,2017-06-06,30Y,3.9999
CN,2017-06-07,2Y,3.6130
CN,2017-06-07,5Y,3.6015
CN,2017-06-07,10Y,3.6427
CN,2017-06-07,30Y,3.9959
CN,2017-06-08,2Y,3.6364
CN,2017-06-08,5Y,3.6369
CN,2017-06-08,10Y,3.6478
CN,2017-06-08,30Y,3.9973
CN,2017-06-09,2Y,3.6179
CN,2017-06-09,5Y,3.6120
CN,2017-06-09,10Y,3.6303
CN,2017-06-09,30Y,3.9874
CN,2017-06-12,2Y,3.5735
CN,2017-06-12,5Y,3.5621
CN,2017-06-12,10Y,3.5841
CN,2017-06-12,30Y,3.9425
CN,2017-06-13,2Y,3.5762
CN,2017-06-13,5Y,3.5590
CN,2017-06-13,10Y,3.5754
CN,2017-06-13,30Y,3.9323
CN,2017-06-14,2Y,3.5864
CN,2017-06-14,5Y,3.5440
CN,2017-06-14,10Y,3.5354
CN,2017-06-14,30Y,3.9025
CN,2017-06-15,2Y,3.5737
CN,2017-06-15,5Y,3.5365
CN,2017-06-15,10Y,3.5554
CN,2017-06-15,30Y,3.8973
CN,2017-06-16,2Y,3.5726
CN,2017-06-16,5Y,3.5561
CN,2017-06-16,10Y,3.5680
CN,2017-06-16,30Y,3.9720
CN,2017-06-19,2Y,3.5316
CN,2017-06-19,5Y,3.4765
CN,2017-06-19,10Y,3.5006
CN,2017-06-19,30Y,3.9471
CN,2017-06-20,2Y,3.5079
CN,2017-06-20,5Y,3.4717
CN,2017-06-20,10Y,3.4881
CN,2017-06-20,30Y,3.9374
CN,2017-06-21,2Y,3.5174
CN,2017-06-21,5Y,3.5134
CN,2017-06-21,10Y,3.5406
CN,2017-06-21,30Y,3.9514
CN,2017-06-22,2Y,3.5461
CN,2017-06-22,5Y,3.5415
CN,2017-06-22,10Y,3.5607
CN,2017-06-22,30Y,3.9789
CN,2017-06-23,2Y,3.5338
CN,2017-06-23,5Y,3.5073
CN,2017-06-23,10Y,3.5457
CN,2017-06-23,30Y,3.9814
CN,2017-06-26,2Y,3.4981
CN,2017-06-26,5Y,3.4708
CN,2017-06-26,10Y,3.5134
CN,2017-06-26,30Y,3.9715
CN,2017-06-27,2Y,3.4543
CN,2017-06-27,5Y,3.4629
CN,2017-06-27,10Y,3.5084
CN,2017-06-27,30Y,3.9565
CN,2017-06-28,2Y,3.4684
CN,2017-06-28,5Y,3.4654
CN,2017-06-28,10Y,3.5333
CN,2017-06-28,30Y,3.9565
CN,2017-06-29,2Y,3.4649
CN,2017-06-29,5Y,3.4657
CN,2017-06-29,10Y,3.5483
CN,2017-06-29,30Y,3.9613
CN,2017-06-30,2Y,3.4940
CN,2017-06-30,5Y,3.4931
CN,2017-06-30,10Y,3.5683
CN,2017-06-30,30Y,3.9765
CN,2017-07-03,2Y,3.4972
CN,2017-07-03,5Y,3.5328
CN,2017-07-03,10Y,3.6033
CN,2017-07-03,30Y,3.9816
CN,2017-07-04,2Y,3.4813
CN,2017-07-04,5Y,3.5280
CN,2017-07-04,10Y,3.6009
CN,2017-07-04,30Y,3.9966
CN,2017-07-05,2Y,3.4758
CN,2017-07-05,5Y,3.5047
CN,2017-07-05,10Y,3.5760
CN,2017-07-05,30Y,3.9816
CN,2017-07-06,2Y,3.4548
CN,2017-07-06,5Y,3.4845
CN,2017-07-06,10Y,3.5660
CN,2017-07-06,30Y,3.9741
CN,2017-07-07,2Y,3.4655
CN,2017-07-07,5Y,3.4838
CN,2017-07-07,10Y,3.5897
CN,2017-07-07,30Y,3.9766
CN,2017-07-10,2Y,3.4689
CN,2017-07-10,5Y,3.5000
CN,2017-07-10,10Y,3.5911
CN,2017-07-10,30Y,3.9766
CN,2017-07-11,2Y,3.4677
CN,2017-07-11,5Y,3.5096
CN,2017-07-11,10Y,3.5836
CN,2017-07-11,30Y,3.9742
CN,2017-07-12,2Y,3.4749
CN,2017-07-12,5Y,3.5107
CN,2017-07-12,10Y,3.5749
CN,2017-07-12,30Y,3.9754
CN,2017-07-13,2Y,3.4694
CN,2017-07-13,5Y,3.5082
CN,2017-07-13,10Y,3.5643
CN,2017-07-13,30Y,3.9717
CN,2017-07-14,2Y,3.4709
CN,2017-07-14,5Y,3.5107
CN,2017-07-14,10Y,3.5637
CN,2017-07-14,30Y,3.9615
CN,2017-07-17,2Y,3.4606
CN,2017-07-17,5Y,3.4961
CN,2017-07-17,10Y,3.5626
CN,2017-07-17,30Y,3.9667
CN,2017-07-18,2Y,3.4776
CN,2017-07-18,5Y,3.5177
CN,2017-07-18,10Y,3.5851
CN,2017-07-18,30Y,3.9767
CN,2017-07-19,2Y,3.4824
CN,2017-07-19,5Y,3.5102
CN,2017-07-19,10Y,3.5901
CN,2017-07-19,30Y,3.9668
CN,2017-07-20,2Y,3.4570
CN,2017-07-20,5Y,3.5003
CN,2017-07-20,10Y,3.5740
CN,2017-07-20,30Y,3.9693
CN,2017-07-21,2Y,3.4613
CN,2017-07-21,5Y,3.5041
CN,2017-07-21,10Y,3.5829
CN,2017-07-21,30Y,4.0040
CN,2017-07-24,2Y,3.4579
CN,2017-07-24,5Y,3.5030
CN,2017-07-24,10Y,3.5769
CN,2017-07-24,30Y,4.0500
CN,2017-07-25,2Y,3.4608
CN,2017-07-25,5Y,3.5155
CN,2017-07-25,10Y,3.5920
CN,2017-07-25,30Y,4.0650
CN,2017-07-26,2Y,3.4742
CN,2017-07-26,5Y,3.5406
CN,2017-07-26,10Y,3.6170
CN,2017-07-26,30Y,4.0900
CN,2017-07-27,2Y,3.4687
CN,2017-07-27,5Y,3.5405
CN,2017-07-27,10Y,3.6021
CN,2017-07-27,30Y,4.0838
CN,2017-07-28,2Y,3.4592
CN,2017-07-28,5Y,3.5408
CN,2017-07-28,10Y,3.6034
CN,2017-07-28,30Y,4.0851
CN,2017-07-31,2Y,3.4638
CN,2017-07-31,5Y,3.5628
CN,2017-07-31,10Y,3.6260
CN,2017-07-31,30Y,4.1001
CN,2017-08-01,2Y,3.4696
CN,2017-08-01,5Y,3.5799
CN,2017-08-01,10Y,3.6373
CN,2017-08-01,30Y,4.1089
CN,2017-08-02,2Y,3.4417
CN,2017-08-02,5Y,3.5703
CN,2017-08-02,10Y,3.6311
CN,2017-08-02,30Y,4.1077
CN,2017-08-03,2Y,3.4388
CN,2017-08-03,5Y,3.5666
CN,2017-08-03,10Y,3.6262
CN,2017-08-03,30Y,4.1052
CN,2017-08-04,2Y,3.3820
CN,2017-08-04,5Y,3.5630
CN,2017-08-04,10Y,3.6262
CN,2017-08-04,30Y,4.1052
CN,2017-08-07,2Y,3.4192
CN,2017-08-07,5Y,3.5997
CN,2017-08-07,10Y,3.6626
CN,2017-08-07,30Y,4.1328
CN,2017-08-08,2Y,3.4288
CN,2017-08-08,5Y,3.6149
CN,2017-08-08,10Y,3.6538
CN,2017-08-08,30Y,4.1293
CN,2017-08-09,2Y,3.4361
CN,2017-08-09,5Y,3.6355
CN,2017-08-09,10Y,3.6600
CN,2017-08-09,30Y,4.1248
CN,2017-08-10,2Y,3.4184
CN,2017-08-10,5Y,3.6232
CN,2017-08-10,10Y,3.6375
CN,2017-08-10,30Y,4.1183
CN,2017-08-11,2Y,3.3979
CN,2017-08-11,5Y,3.5849
CN,2017-08-11,10Y,3.6163
CN,2017-08-11,30Y,4.0990
CN,2017-08-14,2Y,3.3805
CN,2017-08-14,5Y,3.5715
CN,2017-08-14,10Y,3.5925
CN,2017-08-14,30Y,4.1002
CN,2017-08-15,2Y,3.4051
CN,2017-08-15,5Y,3.5725
CN,2017-08-15,10Y,3.5801
CN,2017-08-15,30Y,4.0928
CN,2017-08-16,2Y,3.3955
CN,2017-08-16,5Y,3.5866
CN,2017-08-16,10Y,3.5988
CN,2017-08-16,30Y,4.1003
CN,2017-08-17,2Y,3.3951
CN,2017-08-17,5Y,3.5903
CN,2017-08-17,10Y,3.5926
CN,2017-08-17,30Y,4.1253
CN,2017-08-18,2Y,3.4034
CN,2017-08-18,5Y,3.5929
CN,2017-08-18,10Y,3.5951
CN,2017-08-18,30Y,4.1753
CN,2017-08-21,2Y,3.4027
CN,2017-08-21,5Y,3.6011
CN,2017-08-21,10Y,3.6181
CN,2017-08-21,30Y,4.1980
CN,2017-08-22,2Y,3.4013
CN,2017-08-22,5Y,3.6035
CN,2017-08-22,10Y,3.6201
CN,2017-08-22,30Y,4.2006
CN,2017-08-23,2Y,3.4038
CN,2017-08-23,5Y,3.5903
CN,2017-08-23,10Y,3.6152
CN,2017-08-23,30Y,4.2006
CN,2017-08-24,2Y,3.4242
CN,2017-08-24,5Y,3.6084
CN,2017-08-24,10Y,3.6252
CN,2017-08-24,30Y,4.2106
CN,2017-08-25,2Y,3.4475
CN,2017-08-25,5Y,3.6107
CN,2017-08-25,10Y,3.6327
CN,2017-08-25,30Y,4.2232
CN,2017-08-28,2Y,3.4586
CN,2017-08-28,5Y,3.6463
CN,2017-08-28,10Y,3.6502
CN,2017-08-28,30Y,4.2357
CN,2017-08-29,2Y,3.4698
CN,2017-08-29,5Y,3.6222
CN,2017-08-29,10Y,3.6303
CN,2017-08-29,30Y,4.2308
CN,2017-08-30,2Y,3.4832
CN,2017-08-30,5Y,3.6227
CN,2017-08-30,10Y,3.6303
CN,2017-08-30,30Y,4.2258
CN,2017-08-31,2Y,3.4795
CN,2017-08-31,5Y,3.6124
CN,2017-08-31,10Y,3.6265
CN,2017-08-31,30Y,4.2208
CN,2017-09-01,2Y,3.4743
CN,2017-09-01,5Y,3.6181
CN,2017-09-01,10Y,3.6353
CN,2017-09-01,30Y,4.2208
CN,2017-09-04,2Y,3.4803
CN,2017-09-04,5Y,3.6235
CN,2017-09-04,10Y,3.6454
CN,2017-09-04,30Y,4.2308
CN,2017-09-05,2Y,3.4907
CN,2017-09-05,5Y,3.6403
CN,2017-09-05,10Y,3.6641
CN,2017-09-05,30Y,4.2409
CN,2017-09-06,2Y,3.5590
CN,2017-09-06,5Y,3.6314
CN,2017-09-06,10Y,3.6554
CN,2017-09-06,30Y,4.2372
CN,2017-09-07,2Y,3.5296
CN,2017-09-07,5Y,3.6056
CN,2017-09-07,10Y,3.6155
CN,2017-09-07,30Y,4.2236
CN,2017-09-08,2Y,3.5008
CN,2017-09-08,5Y,3.5811
CN,2017-09-08,10Y,3.6005
CN,2017-09-08,30Y,4.2237
CN,2017-09-11,2Y,3.5107
CN,2017-09-11,5Y,3.5918
CN,2017-09-11,10Y,3.6156
CN,2017-09-11,30Y,4.2338
CN,2017-09-12,2Y,3.5105
CN,2017-09-12,5Y,3.5895
CN,2017-09-12,10Y,3.6181
CN,2017-09-12,30Y,4.2363
CN,2017-09-13,2Y,3.5200
CN,2017-09-13,5Y,3.6220
CN,2017-09-13,10Y,3.6356
CN,2017-09-13,30Y,4.2461
CN,2017-09-14,2Y,3.5144
CN,2017-09-14,5Y,3.5968
CN,2017-09-14,10Y,3.5982
CN,2017-09-14,30Y,4.2366
CN,2017-09-15,2Y,3.5130
CN,2017-09-15,5Y,3.5995
CN,2017-09-15,10Y,3.5982
CN,2017-09-15,30Y,4.2716
CN,2017-09-18,2Y,3.5186
CN,2017-09-18,5Y,3.6289
CN,2017-09-18,10Y,3.6220
CN,2017-09-18,30Y,4.2769
CN,2017-09-19,2Y,3.5323
CN,2017-09-19,5Y,3.6146
CN,2017-09-19,10Y,3.6158
CN,2017-09-19,30Y,4.2745
CN,2017-09-20,2Y,3.5462
CN,2017-09-20,5Y,3.6235
CN,2017-09-20,10Y,3.6209
CN,2017-09-20,30Y,4.2745
CN,2017-09-21,2Y,3.5585
CN,2017-09-21,5Y,3.6399
CN,2017-09-21,10Y,3.6334
CN,2017-09-21,30Y,4.2770
CN,2017-09-22,2Y,3.5477
CN,2017-09-22,5Y,3.6155
CN,2017-09-22,10Y,3.6209
CN,2017-09-22,30Y,4.2521
CN,2017-09-25,2Y,3.5399
CN,2017-09-25,5Y,3.6008
CN,2017-09-25,10Y,3.5985
CN,2017-09-25,30Y,4.2234
CN,2017-09-26,2Y,3.5253
CN,2017-09-26,5Y,3.6166
CN,2017-09-26,10Y,3.6172
CN,2017-09-26,30Y,4.2222
CN,2017-09-27,2Y,3.5371
CN,2017-09-27,5Y,3.6216
CN,2017-09-27,10Y,3.6235
CN,2017-09-27,30Y,4.2348
CN,2017-09-28,2Y,3.5403
CN,2017-09-28,5Y,3.6049
CN,2017-09-28,10Y,3.6136
CN,2017-09-28,30Y,4.2273
CN,2017-09-29,2Y,3.5262
CN,2017-09-29,5Y,3.6044
CN,2017-09-29,10Y,3.6136
CN,2017-09-29,30Y,4.2274
CN,2017-09-30,2Y,3.5385
CN,2017-09-30,5Y,3.6166
CN,2017-09-30,10Y,3.6136
CN,2017-09-30,30Y,4.2274
CN,2017-10-09,2Y,3.5419
CN,2017-10-09,5Y,3.6376
CN,2017-10-09,10Y,3.6477
CN,2017-10-09,30Y,4.2427
CN,2017-10-10,2Y,3.5430
CN,2017-10-10,5Y,3.6413
CN,2017-10-10,10Y,3.6470
CN,2017-10-10,30Y,4.2529
CN,2017-10-11,2Y,3.5210
CN,2017-10-11,5Y,3.6462
CN,2017-10-11,10Y,3.6540
CN,2017-10-11,30Y,4.2529
CN,2017-10-12,2Y,3.5334
CN,2017-10-12,5Y,3.6769
CN,2017-10-12,10Y,3.6765
CN,2017-10-12,30Y,4.2704
CN,2017-10-13,2Y,3.5231
CN,2017-10-13,5Y,3.6782
CN,2017-10-13,10Y,3.6740
CN,2017-10-13,30Y,4.2680
CN,2017-10-16,2Y,3.5333
CN,2017-10-16,5Y,3.7268
CN,2017-10-16,10Y,3.7054
CN,2017-10-16,30Y,4.2911
CN,2017-10-17,2Y,3.5459
CN,2017-10-17,5Y,3.7647
CN,2017-10-17,10Y,3.7409
CN,2017-10-17,30Y,4.3081
CN,2017-10-18,2Y,3.5436
CN,2017-10-18,5Y,3.7588
CN,2017-10-18,10Y,3.7366
CN,2017-10-18,30Y,4.3082
CN,2017-10-19,2Y,3.5332
CN,2017-10-19,5Y,3.7334
CN,2017-10-19,10Y,3.7167
CN,2017-10-19,30Y,4.2943
CN,2017-10-20,2Y,3.5312
CN,2017-10-20,5Y,3.7246
CN,2017-10-20,10Y,3.7217
CN,2017-10-20,30Y,4.2920
CN,2017-10-23,2Y,3.5340
CN,2017-10-23,5Y,3.7254
CN,2017-10-23,10Y,3.7231
CN,2017-10-23,30Y,4.2934
CN,2017-10-24,2Y,3.5370
CN,2017-10-24,5Y,3.7107
CN,2017-10-24,10Y,3.7220
CN,2017-10-24,30Y,4.2930
CN,2017-10-25,2Y,3.5589
CN,2017-10-25,5Y,3.7660
CN,2017-10-25,10Y,3.7768
CN,2017-10-25,30Y,4.3033
CN,2017-10-26,2Y,3.5677
CN,2017-10-26,5Y,3.7661
CN,2017-10-26,10Y,3.7769
CN,2017-10-26,30Y,4.3101
CN,2017-10-27,2Y,3.5759
CN,2017-10-27,5Y,3.8211
CN,2017-10-27,10Y,3.8266
CN,2017-10-27,30Y,4.3124
CN,2017-10-30,2Y,3.6207
CN,2017-10-30,5Y,3.9117
CN,2017-10-30,10Y,3.9115
CN,2017-10-30,30Y,4.3603
CN,2017-10-31,2Y,3.6266
CN,2017-10-31,5Y,3.8826
CN,2017-10-31,10Y,3.8917
CN,2017-10-31,30Y,4.3603
CN,2017-11-01,2Y,3.6371
CN,2017-11-01,5Y,3.8529
CN,2017-11-01,10Y,3.8630
CN,2017-11-01,30Y,4.3303
CN,2017-11-02,2Y,3.6506
CN,2017-11-02,5Y,3.8772
CN,2017-11-02,10Y,3.8718
CN,2017-11-02,30Y,4.3301
CN,2017-11-03,2Y,3.6450
CN,2017-11-03,5Y,3.8870
CN,2017-11-03,10Y,3.8816
CN,2017-11-03,30Y,4.3354
CN,2017-11-06,2Y,3.6590
CN,2017-11-06,5Y,3.8871
CN,2017-11-06,10Y,3.8694
CN,2017-11-06,30Y,4.3304
CN,2017-11-07,2Y,3.6639
CN,2017-11-07,5Y,3.9203
CN,2017-11-07,10Y,3.8813
CN,2017-11-07,30Y,4.3405
CN,2017-11-08,2Y,3.6734
CN,2017-11-08,5Y,3.8880
CN,2017-11-08,10Y,3.8725
CN,2017-11-08,30Y,4.3480
CN,2017-11-09,2Y,3.6385
CN,2017-11-09,5Y,3.8926
CN,2017-11-09,10Y,3.8863
CN,2017-11-09,30Y,4.3405
CN,2017-11-10,2Y,3.6579
CN,2017-11-10,5Y,3.9050
CN,2017-11-10,10Y,3.9000
CN,2017-11-10,30Y,4.3453
CN,2017-11-13,2Y,3.6519
CN,2017-11-13,5Y,3.9361
CN,2017-11-13,10Y,3.9500
CN,2017-11-13,30Y,4.3654
CN,2017-11-14,2Y,3.6667
CN,2017-11-14,5Y,3.9278
CN,2017-11-14,10Y,3.9525
CN,2017-11-14,30Y,4.3754
CN,2017-11-15,2Y,3.6643
CN,2017-11-15,5Y,3.8955
CN,2017-11-15,10Y,3.9500
CN,2017-11-15,30Y,4.3734
CN,2017-11-16,2Y,3.6605
CN,2017-11-16,5Y,3.8651
CN,2017-11-16,10Y,3.9225
CN,2017-11-16,30Y,4.3582
CN,2017-11-17,2Y,3.6650
CN,2017-11-17,5Y,3.8647
CN,2017-11-17,10Y,3.9200
CN,2017-11-17,30Y,4.3405
CN,2017-11-20,2Y,3.6677
CN,2017-11-20,5Y,3.8806
CN,2017-11-20,10Y,3.9400
CN,2017-11-20,30Y,4.3207
CN,2017-11-21,2Y,3.6787
CN,2017-11-21,5Y,3.8879
CN,2017-11-21,10Y,3.9500
CN,2017-11-21,30Y,4.3257
CN,2017-11-22,2Y,3.6960
CN,2017-11-22,5Y,3.9163
CN,2017-11-22,10Y,3.9850
CN,2017-11-22,30Y,4.3381
CN,2017-11-23,2Y,3.6988
CN,2017-11-23,5Y,3.9164
CN,2017-11-23,10Y,3.9851
CN,2017-11-23,30Y,4.3481
CN,2017-11-24,2Y,3.7130
CN,2017-11-24,5Y,3.8857
CN,2017-11-24,10Y,3.9463
CN,2017-11-24,30Y,4.3359
CN,2017-11-27,2Y,3.7271
CN,2017-11-27,5Y,3.8859
CN,2017-11-27,10Y,3.9501
CN,2017-11-27,30Y,4.3309
CN,2017-11-28,2Y,3.7340
CN,2017-11-28,5Y,3.8909
CN,2017-11-28,10Y,3.9601
CN,2017-11-28,30Y,4.3409
CN,2017-11-29,2Y,3.7185
CN,2017-11-29,5Y,3.8705
CN,2017-11-29,10Y,3.9101
CN,2017-11-29,30Y,4.3359
CN,2017-11-30,2Y,3.6959
CN,2017-11-30,5Y,3.8444
CN,2017-11-30,10Y,3.8901
CN,2017-11-30,30Y,4.3341
CN,2017-12-01,2Y,3.6978
CN,2017-12-01,5Y,3.8136
CN,2017-12-01,10Y,3.8852
CN,2017-12-01,30Y,4.3341
CN,2017-12-04,2Y,3.6880
CN,2017-12-04,5Y,3.8061
CN,2017-12-04,10Y,3.8902
CN,2017-12-04,30Y,4.3341
CN,2017-12-05,2Y,3.6960
CN,2017-12-05,5Y,3.7983
CN,2017-12-05,10Y,3.8752
CN,2017-12-05,30Y,4.3341
CN,2017-12-06,2Y,3.7448
CN,2017-12-06,5Y,3.8044
CN,2017-12-06,10Y,3.8752
CN,2017-12-06,30Y,4.3213
CN,2017-12-07,2Y,3.7390
CN,2017-12-07,5Y,3.8362
CN,2017-12-07,10Y,3.8927
CN,2017-12-07,30Y,4.3213
CN,2017-12-08,2Y,3.7547
CN,2017-12-08,5Y,3.8512
CN,2017-12-08,10Y,3.9102
CN,2017-12-08,30Y,4.3264
CN,2017-12-11,2Y,3.7615
CN,2017-12-11,5Y,3.8986
CN,2017-12-11,10Y,3.9303
CN,2017-12-11,30Y,4.3415
CN,2017-12-12,2Y,3.7693
CN,2017-12-12,5Y,3.9195
CN,2017-12-12,10Y,3.9378
CN,2017-12-12,30Y,4.3515
CN,2017-12-13,2Y,3.7870
CN,2017-12-13,5Y,3.9031
CN,2017-12-13,10Y,3.9303
CN,2017-12-13,30Y,4.3615
CN,2017-12-14,2Y,3.7707
CN,2017-12-14,5Y,3.8886
CN,2017-12-14,10Y,3.9104
CN,2017-12-14,30Y,4.3664
CN,2017-12-15,2Y,3.7659
CN,2017-12-15,5Y,3.8518
CN,2017-12-15,10Y,3.8904
CN,2017-12-15,30Y,4.3617
CN,2017-12-18,2Y,3.7646
CN,2017-12-18,5Y,3.8263
CN,2017-12-18,10Y,3.8904
CN,2017-12-18,30Y,4.3568
CN,2017-12-19,2Y,3.7601
CN,2017-12-19,5Y,3.8327
CN,2017-12-19,10Y,3.9005
CN,2017-12-19,30Y,4.3643
CN,2017-12-20,2Y,3.7968
CN,2017-12-20,5Y,3.8403
CN,2017-12-20,10Y,3.9005
CN,2017-12-20,30Y,4.3644
CN,2017-12-21,2Y,3.7956
CN,2017-12-21,5Y,3.8393
CN,2017-12-21,10Y,3.9005
CN,2017-12-21,30Y,4.3644
CN,2017-12-22,2Y,3.7994
CN,2017-12-22,5Y,3.8335
CN,2017-12-22,10Y,3.8780
CN,2017-12-22,30Y,4.3594
CN,2017-12-25,2Y,3.7962
CN,2017-12-25,5Y,3.8133
CN,2017-12-25,10Y,3.8731
CN,2017-12-25,30Y,4.3620
CN,2017-12-26,2Y,3.8031
CN,2017-12-26,5Y,3.8333
CN,2017-12-26,10Y,3.8881
CN,2017-12-26,30Y,4.3721
CN,2017-12-27,2Y,3.8031
CN,2017-12-27,5Y,3.8440
CN,2017-12-27,10Y,3.8956
CN,2017-12-27,30Y,4.3796
CN,2017-12-28,2Y,3.8048
CN,2017-12-28,5Y,3.8446
CN,2017-12-28,10Y,3.8857
CN,2017-12-28,30Y,4.3721
CN,2017-12-29,2Y,3.7847
CN,2017-12-29,5Y,3.8445
CN,2017-12-29,10Y,3.8807
CN,2017-12-29,30Y,4.3671
CN,2017-12-30,2Y,3.7857
CN,2017-12-30,5Y,3.8445
CN,2017-12-30,10Y,3.8807
CN,2017-12-30,30Y,4.3671
CN,2017-12-31,2Y,3.7857
CN,2017-12-31,5Y,3.8445
CN,2017-12-31,10Y,3.8807
CN,2017-12-31,30Y,4.3671
CN,2018-01-02,2Y,3.7177
CN,2018-01-02,5Y,3.8262
CN,2018-01-02,10Y,3.9008
CN,2018-01-02,30Y,4.3723
CN,2018-01-03,2Y,3.7165
CN,2018-01-03,5Y,3.8503
CN,2018-01-03,10Y,3.9162
CN,2018-01-03,30Y,4.3723
CN,2018-01-04,2Y,3.6772
CN,2018-01-04,5Y,3.8804
CN,2018-01-04,10Y,3.9319
CN,2018-01-04,30Y,4.3723
CN,2018-01-05,2Y,3.6312
CN,2018-01-05,5Y,3.8484
CN,2018-01-05,10Y,3.9212
CN,2018-01-05,30Y,4.3623
CN,2018-01-08,2Y,3.6107
CN,2018-01-08,5Y,3.8257
CN,2018-01-08,10Y,3.9110
CN,2018-01-08,30Y,4.3524
CN,2018-01-09,2Y,3.5902
CN,2018-01-09,5Y,3.8255
CN,2018-01-09,10Y,3.8909
CN,2018-01-09,30Y,4.3524
CN,2018-01-10,2Y,3.6076
CN,2018-01-10,5Y,3.8458
CN,2018-01-10,10Y,3.9201
CN,2018-01-10,30Y,4.3626
CN,2018-01-11,2Y,3.6165
CN,2018-01-11,5Y,3.8648
CN,2018-01-11,10Y,3.9546
CN,2018-01-11,30Y,4.3626
CN,2018-01-12,2Y,3.6203
CN,2018-01-12,5Y,3.8598
CN,2018-01-12,10Y,3.9337
CN,2018-01-12,30Y,4.3526
CN,2018-01-15,2Y,3.6271
CN,2018-01-15,5Y,3.8713
CN,2018-01-15,10Y,3.9650
CN,2018-01-15,30Y,4.3701
CN,2018-01-16,2Y,3.6206
CN,2018-01-16,5Y,3.8716
CN,2018-01-16,10Y,3.9596
CN,2018-01-16,30Y,4.3626
CN,2018-01-17,2Y,3.6340
CN,2018-01-17,5Y,3.8900
CN,2018-01-17,10Y,3.9597
CN,2018-01-17,30Y,4.3652
CN,2018-01-18,2Y,3.6290
CN,2018-01-18,5Y,3.9025
CN,2018-01-18,10Y,3.9797
CN,2018-01-18,30Y,4.3655
CN,2018-01-19,2Y,3.6210
CN,2018-01-19,5Y,3.8825
CN,2018-01-19,10Y,3.9754
CN,2018-01-19,30Y,4.3676
CN,2018-01-22,2Y,3.5917
CN,2018-01-22,5Y,3.8710
CN,2018-01-22,10Y,3.9522
CN,2018-01-22,30Y,4.3662
CN,2018-01-23,2Y,3.5977
CN,2018-01-23,5Y,3.8464
CN,2018-01-23,10Y,3.9414
CN,2018-01-23,30Y,4.3674
CN,2018-01-24,2Y,3.5753
CN,2018-01-24,5Y,3.8614
CN,2018-01-24,10Y,3.9507
CN,2018-01-24,30Y,4.3699
CN,2018-01-25,2Y,3.5767
CN,2018-01-25,5Y,3.8493
CN,2018-01-25,10Y,3.9435
CN,2018-01-25,30Y,4.3720
CN,2018-01-26,2Y,3.5843
CN,2018-01-26,5Y,3.8348
CN,2018-01-26,10Y,3.9365
CN,2018-01-26,30Y,4.3670
CN,2018-01-29,2Y,3.5648
CN,2018-01-29,5Y,3.8433
CN,2018-01-29,10Y,3.9368
CN,2018-01-29,30Y,4.3696
CN,2018-01-30,2Y,3.5792
CN,2018-01-30,5Y,3.8533
CN,2018-01-30,10Y,3.9292
CN,2018-01-30,30Y,4.3673
CN,2018-01-31,2Y,3.5289
CN,2018-01-31,5Y,3.8337
CN,2018-01-31,10Y,3.9140
CN,2018-01-31,30Y,4.3647
CN,2018-02-01,2Y,3.5024
CN,2018-02-01,5Y,3.8339
CN,2018-02-01,10Y,3.9066
CN,2018-02-01,30Y,4.3647
CN,2018-02-02,2Y,3.5182
CN,2018-02-02,5Y,3.8340
CN,2018-02-02,10Y,3.9092
CN,2018-02-02,30Y,4.3597
CN,2018-02-05,2Y,3.5525
CN,2018-02-05,5Y,3.8500
CN,2018-02-05,10Y,3.9167
CN,2018-02-05,30Y,4.3574
CN,2018-02-06,2Y,3.5514
CN,2018-02-06,5Y,3.8246
CN,2018-02-06,10Y,3.8825
CN,2018-02-06,30Y,4.3375
CN,2018-02-07,2Y,3.4991
CN,2018-02-07,5Y,3.8195
CN,2018-02-07,10Y,3.8700
CN,2018-02-07,30Y,4.3175
CN,2018-02-08,2Y,3.5235
CN,2018-02-08,5Y,3.8215
CN,2018-02-08,10Y,3.8801
CN,2018-02-08,30Y,4.3334
CN,2018-02-09,2Y,3.5184
CN,2018-02-09,5Y,3.8199
CN,2018-02-09,10Y,3.8800
CN,2018-02-09,30Y,4.3125
CN,2018-02-11,2Y,3.5334
CN,2018-02-11,5Y,3.8181
CN,2018-02-11,10Y,3.8775
CN,2018-02-11,30Y,4.3109
CN,2018-02-12,2Y,3.5258
CN,2018-02-12,5Y,3.8063
CN,2018-02-12,10Y,3.8750
CN,2018-02-12,30Y,4.3134
CN,2018-02-13,2Y,3.5300
CN,2018-02-13,5Y,3.8088
CN,2018-02-13,10Y,3.8700
CN,2018-02-13,30Y,4.3084
CN,2018-02-14,2Y,3.5098
CN,2018-02-14,5Y,3.8061
CN,2018-02-14,10Y,3.8702
CN,2018-02-14,30Y,4.3109
CN,2018-02-22,2Y,3.5248
CN,2018-02-22,5Y,3.8175
CN,2018-02-22,10Y,3.8752
CN,2018-02-22,30Y,4.3087
CN,2018-02-23,2Y,3.4935
CN,2018-02-23,5Y,3.8149
CN,2018-02-23,10Y,3.8702
CN,2018-02-23,30Y,4.2987
CN,2018-02-24,2Y,3.5019
CN,2018-02-24,5Y,3.8086
CN,2018-02-24,10Y,3.8652
CN,2018-02-24,30Y,4.2937
CN,2018-02-26,2Y,3.4157
CN,2018-02-26,5Y,3.7806
CN,2018-02-26,10Y,3.8452
CN,2018-02-26,30Y,4.2738
CN,2018-02-27,2Y,3.3755
CN,2018-02-27,5Y,3.7361
CN,2018-02-27,10Y,3.8201
CN,2018-02-27,30Y,4.2738
CN,2018-02-28,2Y,3.3504
CN,2018-02-28,5Y,3.7003
CN,2018-02-28,10Y,3.8202
CN,2018-02-28,30Y,4.2615
CN,2018-03-01,2Y,3.3528
CN,2018-03-01,5Y,3.7002
CN,2018-03-01,10Y,3.8201
CN,2018-03-01,30Y,4.2590
CN,2018-03-02,2Y,3.3685
CN,2018-03-02,5Y,3.7105
CN,2018-03-02,10Y,3.8352
CN,2018-03-02,30Y,4.2690
CN,2018-03-05,2Y,3.3951
CN,2018-03-05,5Y,3.7428
CN,2018-03-05,10Y,3.8453
CN,2018-03-05,30Y,4.2766
CN,2018-03-06,2Y,3.4034
CN,2018-03-06,5Y,3.7428
CN,2018-03-06,10Y,3.8253
CN,2018-03-06,30Y,4.2766
CN,2018-03-07,2Y,3.3805
CN,2018-03-07,5Y,3.7220
CN,2018-03-07,10Y,3.8203
CN,2018-03-07,30Y,4.2742
CN,2018-03-08,2Y,3.3905
CN,2018-03-08,5Y,3.7197
CN,2018-03-08,10Y,3.8203
CN,2018-03-08,30Y,4.2717
CN,2018-03-09,2Y,3.4007
CN,2018-03-09,5Y,3.6817
CN,2018-03-09,10Y,3.8278
CN,2018-03-09,30Y,4.2717
CN,2018-03-12,2Y,3.4285
CN,2018-03-12,5Y,3.6713
CN,2018-03-12,10Y,3.8243
CN,2018-03-12,30Y,4.2717
CN,2018-03-13,2Y,3.4572
CN,2018-03-13,5Y,3.6970
CN,2018-03-13,10Y,3.8362
CN,2018-03-13,30Y,4.2738
CN,2018-03-14,2Y,3.4719
CN,2018-03-14,5Y,3.6973
CN,2018-03-14,10Y,3.8413
CN,2018-03-14,30Y,4.2720
CN,2018-03-15,2Y,3.4808
CN,2018-03-15,5Y,3.6968
CN,2018-03-15,10Y,3.8257
CN,2018-03-15,30Y,4.2633
CN,2018-03-16,2Y,3.4481
CN,2018-03-16,5Y,3.6923
CN,2018-03-16,10Y,3.8154
CN,2018-03-16,30Y,4.2395
CN,2018-03-19,2Y,3.4521
CN,2018-03-19,5Y,3.6981
CN,2018-03-19,10Y,3.8104
CN,2018-03-19,30Y,4.2496
CN,2018-03-20,2Y,3.4550
CN,2018-03-20,5Y,3.6818
CN,2018-03-20,10Y,3.7906
CN,2018-03-20,30Y,4.2422
CN,2018-03-21,2Y,3.4392
CN,2018-03-21,5Y,3.6830
CN,2018-03-21,10Y,3.7630
CN,2018-03-21,30Y,4.2248
CN,2018-03-22,2Y,3.4260
CN,2018-03-22,5Y,3.6626
CN,2018-03-22,10Y,3.7480
CN,2018-03-22,30Y,4.1999
CN,2018-03-23,2Y,3.3979
CN,2018-03-23,5Y,3.6113
CN,2018-03-23,10Y,3.7005
CN,2018-03-23,30Y,4.1549
CN,2018-03-26,2Y,3.3850
CN,2018-03-26,5Y,3.6204
CN,2018-03-26,10Y,3.7307
CN,2018-03-26,30Y,4.1650
CN,2018-03-27,2Y,3.4145
CN,2018-03-27,5Y,3.6344
CN,2018-03-27,10Y,3.7432
CN,2018-03-27,30Y,4.1748
CN,2018-03-28,2Y,3.4169
CN,2018-03-28,5Y,3.6503
CN,2018-03-28,10Y,3.7406
CN,2018-03-28,30Y,4.1695
CN,2018-03-29,2Y,3.4150
CN,2018-03-29,5Y,3.6723
CN,2018-03-29,10Y,3.7456
CN,2018-03-29,30Y,4.1695
CN,2018-03-30,2Y,3.4217
CN,2018-03-30,5Y,3.6609
CN,2018-03-30,10Y,3.7407
CN,2018-03-30,30Y,4.1749
CN,2018-04-02,2Y,3.3942
CN,2018-04-02,5Y,3.6569
CN,2018-04-02,10Y,3.7357
CN,2018-04-02,30Y,4.1750
CN,2018-04-03,2Y,3.4052
CN,2018-04-03,5Y,3.6578
CN,2018-04-03,10Y,3.7507
CN,2018-04-03,30Y,4.1605
CN,2018-04-04,2Y,3.3751
CN,2018-04-04,5Y,3.6493
CN,2018-04-04,10Y,3.7234
CN,2018-04-04,30Y,4.1605
CN,2018-04-08,2Y,3.3785
CN,2018-04-08,5Y,3.6490
CN,2018-04-08,10Y,3.7008
CN,2018-04-08,30Y,4.1484
CN,2018-04-09,2Y,3.3295
CN,2018-04-09,5Y,3.6066
CN,2018-04-09,10Y,3.6959
CN,2018-04-09,30Y,4.1154
CN,2018-04-10,2Y,3.3327
CN,2018-04-10,5Y,3.5922
CN,2018-04-10,10Y,3.7159
CN,2018-04-10,30Y,4.1155
CN,2018-04-11,2Y,3.3223
CN,2018-04-11,5Y,3.5779
CN,2018-04-11,10Y,3.7109
CN,2018-04-11,30Y,4.1155
CN,2018-04-12,2Y,3.2927
CN,2018-04-12,5Y,3.5597
CN,2018-04-12,10Y,3.7109
CN,2018-04-12,30Y,4.1155
CN,2018-04-13,2Y,3.2708
CN,2018-04-13,5Y,3.5205
CN,2018-04-13,10Y,3.7062
CN,2018-04-13,30Y,4.1207
CN,2018-04-16,2Y,3.2408
CN,2018-04-16,5Y,3.4919
CN,2018-04-16,10Y,3.6561
CN,2018-04-16,30Y,4.1186
CN,2018-04-17,2Y,3.2200
CN,2018-04-17,5Y,3.4696
CN,2018-04-17,10Y,3.6512
CN,2018-04-17,30Y,4.1139
CN,2018-04-18,2Y,3.0135
CN,2018-04-18,5Y,3.3298
CN,2018-04-18,10Y,3.5013
CN,2018-04-18,30Y,3.9758
CN,2018-04-19,2Y,3.0593
CN,2018-04-19,5Y,3.3298
CN,2018-04-19,10Y,3.5064
CN,2018-04-19,30Y,4.0059
CN,2018-04-20,2Y,3.0838
CN,2018-04-20,5Y,3.3252
CN,2018-04-20,10Y,3.5215
CN,2018-04-20,30Y,3.9985
CN,2018-04-23,2Y,3.1788
CN,2018-04-23,5Y,3.3306
CN,2018-04-23,10Y,3.6019
CN,2018-04-23,30Y,4.0511
CN,2018-04-24,2Y,3.1133
CN,2018-04-24,5Y,3.2858
CN,2018-04-24,10Y,3.5855
CN,2018-04-24,30Y,4.0509
CN,2018-04-25,2Y,3.0948
CN,2018-04-25,5Y,3.2657
CN,2018-04-25,10Y,3.6118
CN,2018-04-25,30Y,4.0760
CN,2018-04-26,2Y,3.1034
CN,2018-04-26,5Y,3.2860
CN,2018-04-26,10Y,3.6344
CN,2018-04-26,30Y,4.0760
CN,2018-04-27,2Y,3.1038
CN,2018-04-27,5Y,3.2911
CN,2018-04-27,10Y,3.6364
CN,2018-04-27,30Y,4.0912
CN,2018-04-28,2Y,3.0947
CN,2018-04-28,5Y,3.2711
CN,2018-04-28,10Y,3.6217
CN,2018-04-28,30Y,4.0912
CN,2018-05-02,2Y,3.1503
CN,2018-05-02,5Y,3.2857
CN,2018-05-02,10Y,3.6665
CN,2018-05-02,30Y,4.0914
CN,2018-05-03,2Y,3.1369
CN,2018-05-03,5Y,3.2505
CN,2018-05-03,10Y,3.6467
CN,2018-05-03,30Y,4.1113
CN,2018-05-04,2Y,3.1088
CN,2018-05-04,5Y,3.2505
CN,2018-05-04,10Y,3.6319
CN,2018-05-04,30Y,4.1113
CN,2018-05-07,2Y,3.0947
CN,2018-05-07,5Y,3.2814
CN,2018-05-07,10Y,3.6518
CN,2018-05-07,30Y,4.1115
CN,2018-05-08,2Y,3.0794
CN,2018-05-08,5Y,3.3331
CN,2018-05-08,10Y,3.6922
CN,2018-05-08,30Y,4.1265
CN,2018-05-09,2Y,3.0840
CN,2018-05-09,5Y,3.3897
CN,2018-05-09,10Y,3.7074
CN,2018-05-09,30Y,4.1315
CN,2018-05-10,2Y,3.0747
CN,2018-05-10,5Y,3.3853
CN,2018-05-10,10Y,3.6924
CN,2018-05-10,30Y,4.1315
CN,2018-05-11,2Y,3.0746
CN,2018-05-11,5Y,3.3805
CN,2018-05-11,10Y,3.6882
CN,2018-05-11,30Y,4.1264
CN,2018-05-14,2Y,3.0900
CN,2018-05-14,5Y,3.4015
CN,2018-05-14,10Y,3.6937
CN,2018-05-14,30Y,4.1314
CN,2018-05-15,2Y,3.1016
CN,2018-05-15,5Y,3.4172
CN,2018-05-15,10Y,3.7151
CN,2018-05-15,30Y,4.1514
CN,2018-05-16,2Y,3.1108
CN,2018-05-16,5Y,3.4273
CN,2018-05-16,10Y,3.7076
CN,2018-05-16,30Y,4.1439
CN,2018-05-17,2Y,3.1935
CN,2018-05-17,5Y,3.4584
CN,2018-05-17,10Y,3.7120
CN,2018-05-17,30Y,4.1483
CN,2018-05-18,2Y,3.1823
CN,2018-05-18,5Y,3.4793
CN,2018-05-18,10Y,3.7099
CN,2018-05-18,30Y,4.1284
CN,2018-05-21,2Y,3.2289
CN,2018-05-21,5Y,3.4590
CN,2018-05-21,10Y,3.6939
CN,2018-05-21,30Y,4.1175
CN,2018-05-22,2Y,3.2318
CN,2018-05-22,5Y,3.4176
CN,2018-05-22,10Y,3.6700
CN,2018-05-22,30Y,4.1025
CN,2018-05-23,2Y,3.2264
CN,2018-05-23,5Y,3.4178
CN,2018-05-23,10Y,3.6400
CN,2018-05-23,30Y,4.0833
CN,2018-05-24,2Y,3.2454
CN,2018-05-24,5Y,3.4170
CN,2018-05-24,10Y,3.6501
CN,2018-05-24,30Y,4.0834
CN,2018-05-25,2Y,3.2359
CN,2018-05-25,5Y,3.3966
CN,2018-05-25,10Y,3.6126
CN,2018-05-25,30Y,4.0508
CN,2018-05-28,2Y,3.2504
CN,2018-05-28,5Y,3.4174
CN,2018-05-28,10Y,3.6101
CN,2018-05-28,30Y,4.0506
CN,2018-05-29,2Y,3.2536
CN,2018-05-29,5Y,3.4283
CN,2018-05-29,10Y,3.6001
CN,2018-05-29,30Y,4.0549
CN,2018-05-30,2Y,3.2655
CN,2018-05-30,5Y,3.4172
CN,2018-05-30,10Y,3.5976
CN,2018-05-30,30Y,4.0536
CN,2018-05-31,2Y,3.2674
CN,2018-05-31,5Y,3.4383
CN,2018-05-31,10Y,3.6129
CN,2018-05-31,30Y,4.0660
CN,2018-06-01,2Y,3.3096
CN,2018-06-01,5Y,3.4406
CN,2018-06-01,10Y,3.6202
CN,2018-06-01,30Y,4.0738
CN,2018-06-04,2Y,3.3287
CN,2018-06-04,5Y,3.4616
CN,2018-06-04,10Y,3.6532
CN,2018-06-04,30Y,4.1038
CN,2018-06-05,2Y,3.3285
CN,2018-06-05,5Y,3.4637
CN,2018-06-05,10Y,3.6602
CN,2018-06-05,30Y,4.1114
CN,2018-06-06,2Y,3.3566
CN,2018-06-06,5Y,3.4937
CN,2018-06-06,10Y,3.6602
CN,2018-06-06,30Y,4.1238
CN,2018-06-07,2Y,3.3569
CN,2018-06-07,5Y,3.5066
CN,2018-06-07,10Y,3.6702
CN,2018-06-07,30Y,4.1239
CN,2018-06-08,2Y,3.3393
CN,2018-06-08,5Y,3.4563
CN,2018-06-08,10Y,3.6453
CN,2018-06-08,30Y,4.1339
CN,2018-06-11,2Y,3.3461
CN,2018-06-11,5Y,3.4723
CN,2018-06-11,10Y,3.6502
CN,2018-06-11,30Y,4.1291
CN,2018-06-12,2Y,3.3874
CN,2018-06-12,5Y,3.5273
CN,2018-06-12,10Y,3.6853
CN,2018-06-12,30Y,4.1341
CN,2018-06-13,2Y,3.3752
CN,2018-06-13,5Y,3.5076
CN,2018-06-13,10Y,3.6627
CN,2018-06-13,30Y,4.1239
CN,2018-06-14,2Y,3.3472
CN,2018-06-14,5Y,3.4776
CN,2018-06-14,10Y,3.6227
CN,2018-06-14,30Y,4.1190
CN,2018-06-15,2Y,3.3350
CN,2018-06-15,5Y,3.4565
CN,2018-06-15,10Y,3.6028
CN,2018-06-15,30Y,4.1087
CN,2018-06-19,2Y,3.3301
CN,2018-06-19,5Y,3.4314
CN,2018-06-19,10Y,3.5603
CN,2018-06-19,30Y,4.0813
CN,2018-06-20,2Y,3.3662
CN,2018-06-20,5Y,3.4571
CN,2018-06-20,10Y,3.6054
CN,2018-06-20,30Y,4.0963
CN,2018-06-21,2Y,3.3685
CN,2018-06-21,5Y,3.4411
CN,2018-06-21,10Y,3.5753
CN,2018-06-21,30Y,4.0913
CN,2018-06-22,2Y,3.3647
CN,2018-06-22,5Y,3.4149
CN,2018-06-22,10Y,3.5604
CN,2018-06-22,30Y,4.0864
CN,2018-06-25,2Y,3.3682
CN,2018-06-25,5Y,3.4363
CN,2018-06-25,10Y,3.5803
CN,2018-06-25,30Y,4.0862
CN,2018-06-26,2Y,3.3541
CN,2018-06-26,5Y,3.4448
CN,2018-06-26,10Y,3.5804
CN,2018-06-26,30Y,4.0757
CN,2018-06-27,2Y,3.3543
CN,2018-06-27,5Y,3.4224
CN,2018-06-27,10Y,3.5529
CN,2018-06-27,30Y,4.0757
CN,2018-06-28,2Y,3.3000
CN,2018-06-28,5Y,3.3916
CN,2018-06-28,10Y,3.5304
CN,2018-06-28,30Y,4.0410
CN,2018-06-29,2Y,3.2568
CN,2018-06-29,5Y,3.3507
CN,2018-06-29,10Y,3.4756
CN,2018-06-29,30Y,3.9708
CN,2018-07-02,2Y,3.2387
CN,2018-07-02,5Y,3.3440
CN,2018-07-02,10Y,3.4668
CN,2018-07-02,30Y,3.9658
CN,2018-07-03,2Y,3.1928
CN,2018-07-03,5Y,3.3184
CN,2018-07-03,10Y,3.4955
CN,2018-07-03,30Y,3.9658
CN,2018-07-04,2Y,3.1552
CN,2018-07-04,5Y,3.3232
CN,2018-07-04,10Y,3.5107
CN,2018-07-04,30Y,3.9783
CN,2018-07-05,2Y,3.1438
CN,2018-07-05,5Y,3.3079
CN,2018-07-05,10Y,3.5005
CN,2018-07-05,30Y,3.9608
CN,2018-07-06,2Y,3.1309
CN,2018-07-06,5Y,3.3242
CN,2018-07-06,10Y,3.5259
CN,2018-07-06,30Y,3.9908
CN,2018-07-09,2Y,3.1547
CN,2018-07-09,5Y,3.3342
CN,2018-07-09,10Y,3.5432
CN,2018-07-09,30Y,4.0008
CN,2018-07-10,2Y,3.1567
CN,2018-07-10,5Y,3.3442
CN,2018-07-10,10Y,3.5431
CN,2018-07-10,30Y,4.0008
CN,2018-07-11,2Y,3.1426
CN,2018-07-11,5Y,3.3360
CN,2018-07-11,10Y,3.5107
CN,2018-07-11,30Y,4.0008
CN,2018-07-12,2Y,3.1379
CN,2018-07-12,5Y,3.3267
CN,2018-07-12,10Y,3.5158
CN,2018-07-12,30Y,4.0008
CN,2018-07-13,2Y,3.1440
CN,2018-07-13,5Y,3.2734
CN,2018-07-13,10Y,3.4858
CN,2018-07-13,30Y,3.9809
CN,2018-07-16,2Y,3.1089
CN,2018-07-16,5Y,3.2706
CN,2018-07-16,10Y,3.4808
CN,2018-07-16,30Y,3.9709
CN,2018-07-17,2Y,3.1046
CN,2018-07-17,5Y,3.3056
CN,2018-07-17,10Y,3.4808
CN,2018-07-17,30Y,3.9709
CN,2018-07-18,2Y,3.1227
CN,2018-07-18,5Y,3.3005
CN,2018-07-18,10Y,3.4708
CN,2018-07-18,30Y,3.9559
CN,2018-07-19,2Y,3.1124
CN,2018-07-19,5Y,3.2807
CN,2018-07-19,10Y,3.4409
CN,2018-07-19,30Y,3.9284
CN,2018-07-20,2Y,3.1308
CN,2018-07-20,5Y,3.2896
CN,2018-07-20,10Y,3.5135
CN,2018-07-20,30Y,3.9509
CN,2018-07-23,2Y,3.1252
CN,2018-07-23,5Y,3.2959
CN,2018-07-23,10Y,3.5186
CN,2018-07-23,30Y,3.9711
CN,2018-07-24,2Y,3.1210
CN,2018-07-24,5Y,3.3115
CN,2018-07-24,10Y,3.5615
CN,2018-07-24,30Y,4.0009
CN,2018-07-25,2Y,3.0853
CN,2018-07-25,5Y,3.3147
CN,2018-07-25,10Y,3.5614
CN,2018-07-25,30Y,4.0109
CN,2018-07-26,2Y,3.0615
CN,2018-07-26,5Y,3.2976
CN,2018-07-26,10Y,3.5361
CN,2018-07-26,30Y,4.0300
CN,2018-07-27,2Y,2.9863
CN,2018-07-27,5Y,3.2733
CN,2018-07-27,10Y,3.5212
CN,2018-07-27,30Y,4.0200
CN,2018-07-30,2Y,2.9605
CN,2018-07-30,5Y,3.2570
CN,2018-07-30,10Y,3.5213
CN,2018-07-30,30Y,4.0100
CN,2018-07-31,2Y,2.9243
CN,2018-07-31,5Y,3.2249
CN,2018-07-31,10Y,3.4812
CN,2018-07-31,30Y,3.9850
CN,2018-08-01,2Y,2.9081
CN,2018-08-01,5Y,3.1736
CN,2018-08-01,10Y,3.4638
CN,2018-08-01,30Y,3.9788
CN,2018-08-02,2Y,2.8835
CN,2018-08-02,5Y,3.1639
CN,2018-08-02,10Y,3.4713
CN,2018-08-02,30Y,3.9800
CN,2018-08-03,2Y,2.8454
CN,2018-08-03,5Y,3.1494
CN,2018-08-03,10Y,3.4567
CN,2018-08-03,30Y,3.9700
CN,2018-08-06,2Y,2.8031
CN,2018-08-06,5Y,3.1555
CN,2018-08-06,10Y,3.4568
CN,2018-08-06,30Y,3.9700
CN,2018-08-07,2Y,2.7665
CN,2018-08-07,5Y,3.1455
CN,2018-08-07,10Y,3.4876
CN,2018-08-07,30Y,3.9750
CN,2018-08-08,2Y,2.7923
CN,2018-08-08,5Y,3.2066
CN,2018-08-08,10Y,3.5222
CN,2018-08-08,30Y,3.9900
CN,2018-08-09,2Y,2.8742
CN,2018-08-09,5Y,3.2669
CN,2018-08-09,10Y,3.5476
CN,2018-08-09,30Y,4.0350
CN,2018-08-10,2Y,2.8783
CN,2018-08-10,5Y,3.2876
CN,2018-08-10,10Y,3.5525
CN,2018-08-10,30Y,4.0400
CN,2018-08-13,2Y,2.9515
CN,2018-08-13,5Y,3.3383
CN,2018-08-13,10Y,3.5826
CN,2018-08-13,30Y,4.0700
CN,2018-08-14,2Y,2.9576
CN,2018-08-14,5Y,3.3276
CN,2018-08-14,10Y,3.5519
CN,2018-08-14,30Y,4.0600
CN,2018-08-15,2Y,2.9824
CN,2018-08-15,5Y,3.3381
CN,2018-08-15,10Y,3.5829
CN,2018-08-15,30Y,4.0600
CN,2018-08-16,2Y,3.0056
CN,2018-08-16,5Y,3.3465
CN,2018-08-16,10Y,3.6141
CN,2018-08-16,30Y,4.0750
CN,2018-08-17,2Y,3.0662
CN,2018-08-17,5Y,3.3851
CN,2018-08-17,10Y,3.6524
CN,2018-08-17,30Y,4.2250
CN,2018-08-20,2Y,3.0640
CN,2018-08-20,5Y,3.4179
CN,2018-08-20,10Y,3.6326
CN,2018-08-20,30Y,4.2138
CN,2018-08-21,2Y,3.1576
CN,2018-08-21,5Y,3.4672
CN,2018-08-21,10Y,3.6300
CN,2018-08-21,30Y,4.2100
CN,2018-08-22,2Y,3.1171
CN,2018-08-22,5Y,3.4584
CN,2018-08-22,10Y,3.6075
CN,2018-08-22,30Y,4.1998
CN,2018-08-23,2Y,3.0817
CN,2018-08-23,5Y,3.4089
CN,2018-08-23,10Y,3.6101
CN,2018-08-23,30Y,4.1900
CN,2018-08-24,2Y,3.0548
CN,2018-08-24,5Y,3.4066
CN,2018-08-24,10Y,3.6278
CN,2018-08-24,30Y,4.1900
CN,2018-08-27,2Y,3.0817
CN,2018-08-27,5Y,3.4068
CN,2018-08-27,10Y,3.6303
CN,2018-08-27,30Y,4.1950
CN,2018-08-28,2Y,3.1091
CN,2018-08-28,5Y,3.4066
CN,2018-08-28,10Y,3.6101
CN,2018-08-28,30Y,4.1851
CN,2018-08-29,2Y,3.1084
CN,2018-08-29,5Y,3.4022
CN,2018-08-29,10Y,3.6101
CN,2018-08-29,30Y,4.1951
CN,2018-08-30,2Y,3.0769
CN,2018-08-30,5Y,3.3704
CN,2018-08-30,10Y,3.5801
CN,2018-08-30,30Y,4.1801
CN,2018-08-31,2Y,3.0718
CN,2018-08-31,5Y,3.3462
CN,2018-08-31,10Y,3.5751
CN,2018-08-31,30Y,4.1750
CN,2018-09-03,2Y,3.0961
CN,2018-09-03,5Y,3.3651
CN,2018-09-03,10Y,3.5951
CN,2018-09-03,30Y,4.1951
CN,2018-09-04,2Y,3.1179
CN,2018-09-04,5Y,3.3959
CN,2018-09-04,10Y,3.6101
CN,2018-09-04,30Y,4.2026
CN,2018-09-05,2Y,3.1136
CN,2018-09-05,5Y,3.4114
CN,2018-09-05,10Y,3.6101
CN,2018-09-05,30Y,4.2001
CN,2018-09-06,2Y,3.1103
CN,2018-09-06,5Y,3.4268
CN,2018-09-06,10Y,3.6101
CN,2018-09-06,30Y,4.2001
CN,2018-09-07,2Y,3.1106
CN,2018-09-07,5Y,3.4366
CN,2018-09-07,10Y,3.6301
CN,2018-09-07,30Y,4.2101
CN,2018-09-10,2Y,3.1211
CN,2018-09-10,5Y,3.4793
CN,2018-09-10,10Y,3.6551
CN,2018-09-10,30Y,4.2501
CN,2018-09-11,2Y,3.1360
CN,2018-09-11,5Y,3.5070
CN,2018-09-11,10Y,3.6751
CN,2018-09-11,30Y,4.2601
CN,2018-09-12,2Y,3.1291
CN,2018-09-12,5Y,3.5185
CN,2018-09-12,10Y,3.6551
CN,2018-09-12,30Y,4.2501
CN,2018-09-13,2Y,3.1160
CN,2018-09-13,5Y,3.5014
CN,2018-09-13,10Y,3.6526
CN,2018-09-13,30Y,4.2451
CN,2018-09-14,2Y,3.1122
CN,2018-09-14,5Y,3.4977
CN,2018-09-14,10Y,3.6351
CN,2018-09-14,30Y,4.2276
CN,2018-09-17,2Y,3.1016
CN,2018-09-17,5Y,3.4779
CN,2018-09-17,10Y,3.6327
CN,2018-09-17,30Y,4.2201
CN,2018-09-18,2Y,3.1017
CN,2018-09-18,5Y,3.4905
CN,2018-09-18,10Y,3.6452
CN,2018-09-18,30Y,4.2201
CN,2018-09-19,2Y,3.2262
CN,2018-09-19,5Y,3.5017
CN,2018-09-19,10Y,3.6727
CN,2018-09-19,30Y,4.2251
CN,2018-09-20,2Y,3.2520
CN,2018-09-20,5Y,3.5172
CN,2018-09-20,10Y,3.7003
CN,2018-09-20,30Y,4.2251
CN,2018-09-21,2Y,3.2473
CN,2018-09-21,5Y,3.5072
CN,2018-09-21,10Y,3.6752
CN,2018-09-21,30Y,4.2101
CN,2018-09-25,2Y,3.2338
CN,2018-09-25,5Y,3.4995
CN,2018-09-25,10Y,3.6754
CN,2018-09-25,30Y,4.2051
CN,2018-09-26,2Y,3.2177
CN,2018-09-26,5Y,3.4799
CN,2018-09-26,10Y,3.6503
CN,2018-09-26,30Y,4.1926
CN,2018-09-27,2Y,3.2060
CN,2018-09-27,5Y,3.4702
CN,2018-09-27,10Y,3.6253
CN,2018-09-27,30Y,4.1801
CN,2018-09-28,2Y,3.1897
CN,2018-09-28,5Y,3.4401
CN,2018-09-28,10Y,3.6153
CN,2018-09-28,30Y,4.1801
CN,2018-09-29,2Y,3.1685
CN,2018-09-29,5Y,3.4513
CN,2018-09-29,10Y,3.6104
CN,2018-09-29,30Y,4.1751
CN,2018-09-30,2Y,3.1402
CN,2018-09-30,5Y,3.4565
CN,2018-09-30,10Y,3.6103
CN,2018-09-30,30Y,4.1750
CN,2018-10-08,2Y,3.1430
CN,2018-10-08,5Y,3.4431
CN,2018-10-08,10Y,3.6155
CN,2018-10-08,30Y,4.1801
CN,2018-10-09,2Y,3.1284
CN,2018-10-09,5Y,3.4442
CN,2018-10-09,10Y,3.6156
CN,2018-10-09,30Y,4.1801
CN,2018-10-10,2Y,3.1143
CN,2018-10-10,5Y,3.4370
CN,2018-10-10,10Y,3.6156
CN,2018-10-10,30Y,4.1801
CN,2018-10-11,2Y,3.0711
CN,2018-10-11,5Y,3.4077
CN,2018-10-11,10Y,3.5806
CN,2018-10-11,30Y,4.1524
CN,2018-10-12,2Y,3.0379
CN,2018-10-12,5Y,3.3964
CN,2018-10-12,10Y,3.5831
CN,2018-10-12,30Y,4.1524
CN,2018-10-15,2Y,3.0379
CN,2018-10-15,5Y,3.4031
CN,2018-10-15,10Y,3.5857
CN,2018-10-15,30Y,4.1652
CN,2018-10-16,2Y,3.0505
CN,2018-10-16,5Y,3.4084
CN,2018-10-16,10Y,3.5757
CN,2018-10-16,30Y,4.1602
CN,2018-10-17,2Y,3.0625
CN,2018-10-17,5Y,3.4094
CN,2018-10-17,10Y,3.5807
CN,2018-10-17,30Y,4.1552
CN,2018-10-18,2Y,3.0562
CN,2018-10-18,5Y,3.3600
CN,2018-10-18,10Y,3.5508
CN,2018-10-18,30Y,4.1402
CN,2018-10-19,2Y,3.0328
CN,2018-10-19,5Y,3.3602
CN,2018-10-19,10Y,3.5658
CN,2018-10-19,30Y,4.1152
CN,2018-10-22,2Y,3.0159
CN,2018-10-22,5Y,3.3860
CN,2018-10-22,10Y,3.5910
CN,2018-10-22,30Y,4.1302
CN,2018-10-23,2Y,3.0116
CN,2018-10-23,5Y,3.3762
CN,2018-10-23,10Y,3.5709
CN,2018-10-23,30Y,4.1299
CN,2018-10-24,2Y,2.9859
CN,2018-10-24,5Y,3.3664
CN,2018-10-24,10Y,3.5409
CN,2018-10-24,30Y,4.1002
CN,2018-10-25,2Y,2.9837
CN,2018-10-25,5Y,3.3516
CN,2018-10-25,10Y,3.5409
CN,2018-10-25,30Y,4.0802
CN,2018-10-26,2Y,2.9747
CN,2018-10-26,5Y,3.3417
CN,2018-10-26,10Y,3.5410
CN,2018-10-26,30Y,4.0802
CN,2018-10-29,2Y,2.9456
CN,2018-10-29,5Y,3.3126
CN,2018-10-29,10Y,3.5111
CN,2018-10-29,30Y,4.0800
CN,2018-10-30,2Y,2.9330
CN,2018-10-30,5Y,3.3080
CN,2018-10-30,10Y,3.5161
CN,2018-10-30,30Y,4.0577
CN,2018-10-31,2Y,2.9415
CN,2018-10-31,5Y,3.3129
CN,2018-10-31,10Y,3.5086
CN,2018-10-31,30Y,4.0552
CN,2018-11-01,2Y,2.9399
CN,2018-11-01,5Y,3.3076
CN,2018-11-01,10Y,3.4936
CN,2018-11-01,30Y,4.0428
CN,2018-11-02,2Y,2.9441
CN,2018-11-02,5Y,3.3229
CN,2018-11-02,10Y,3.5461
CN,2018-11-02,30Y,4.0728
CN,2018-11-05,2Y,2.9369
CN,2018-11-05,5Y,3.3238
CN,2018-11-05,10Y,3.5312
CN,2018-11-05,30Y,4.0704
CN,2018-11-06,2Y,2.9139
CN,2018-11-06,5Y,3.3143
CN,2018-11-06,10Y,3.5113
CN,2018-11-06,30Y,4.0604
CN,2018-11-07,2Y,2.8807
CN,2018-11-07,5Y,3.2954
CN,2018-11-07,10Y,3.4813
CN,2018-11-07,30Y,4.0404
CN,2018-11-08,2Y,2.8450
CN,2018-11-08,5Y,3.2885
CN,2018-11-08,10Y,3.4813
CN,2018-11-08,30Y,4.0404
CN,2018-11-09,2Y,2.8248
CN,2018-11-09,5Y,3.2710
CN,2018-11-09,10Y,3.4763
CN,2018-11-09,30Y,4.0404
CN,2018-11-12,2Y,2.8009
CN,2018-11-12,5Y,3.2665
CN,2018-11-12,10Y,3.4865
CN,2018-11-12,30Y,4.0379
CN,2018-11-13,2Y,2.7792
CN,2018-11-13,5Y,3.2471
CN,2018-11-13,10Y,3.4740
CN,2018-11-13,30Y,4.0254
CN,2018-11-14,2Y,2.7332
CN,2018-11-14,5Y,3.1367
CN,2018-11-14,10Y,3.4218
CN,2018-11-14,30Y,4.0004
CN,2018-11-15,2Y,2.7051
CN,2018-11-15,5Y,3.1359
CN,2018-11-15,10Y,3.3915
CN,2018-11-15,30Y,3.9504
CN,2018-11-16,2Y,2.7025
CN,2018-11-16,5Y,3.1270
CN,2018-11-16,10Y,3.3515
CN,2018-11-16,30Y,3.8704
CN,2018-11-19,2Y,2.7176
CN,2018-11-19,5Y,3.1521
CN,2018-11-19,10Y,3.3772
CN,2018-11-19,30Y,3.8604
CN,2018-11-20,2Y,2.7277
CN,2018-11-20,5Y,3.1779
CN,2018-11-20,10Y,3.3771
CN,2018-11-20,30Y,3.9004
CN,2018-11-21,2Y,2.7095
CN,2018-11-21,5Y,3.1787
CN,2018-11-21,10Y,3.3716
CN,2018-11-21,30Y,3.8804
CN,2018-11-22,2Y,2.7030
CN,2018-11-22,5Y,3.1897
CN,2018-11-22,10Y,3.3917
CN,2018-11-22,30Y,3.8904
CN,2018-11-23,2Y,2.7146
CN,2018-11-23,5Y,3.1853
CN,2018-11-23,10Y,3.3917
CN,2018-11-23,30Y,3.9204
CN,2018-11-26,2Y,2.7173
CN,2018-11-26,5Y,3.1756
CN,2018-11-26,10Y,3.4151
CN,2018-11-26,30Y,3.9332
CN,2018-11-27,2Y,2.7011
CN,2018-11-27,5Y,3.1790
CN,2018-11-27,10Y,3.4000
CN,2018-11-27,30Y,3.9307
CN,2018-11-28,2Y,2.6781
CN,2018-11-28,5Y,3.1894
CN,2018-11-28,10Y,3.3700
CN,2018-11-28,30Y,3.9157
CN,2018-11-29,2Y,2.6893
CN,2018-11-29,5Y,3.1505
CN,2018-11-29,10Y,3.3600
CN,2018-11-29,30Y,3.8907
CN,2018-11-30,2Y,2.6965
CN,2018-11-30,5Y,3.1353
CN,2018-11-30,10Y,3.3550
CN,2018-11-30,30Y,3.8857
CN,2018-12-03,2Y,2.7198
CN,2018-12-03,5Y,3.1279
CN,2018-12-03,10Y,3.3500
CN,2018-12-03,30Y,3.8807
CN,2018-12-04,2Y,2.6959
CN,2018-12-04,5Y,3.0779
CN,2018-12-04,10Y,3.3050
CN,2018-12-04,30Y,3.8416
CN,2018-12-05,2Y,2.6534
CN,2018-12-05,5Y,3.0718
CN,2018-12-05,10Y,3.2750
CN,2018-12-05,30Y,3.8264
CN,2018-12-06,2Y,2.6346
CN,2018-12-06,5Y,3.0734
CN,2018-12-06,10Y,3.2751
CN,2018-12-06,30Y,3.7967
CN,2018-12-07,2Y,2.6276
CN,2018-12-07,5Y,3.0227
CN,2018-12-07,10Y,3.2853
CN,2018-12-07,30Y,3.7867
CN,2018-12-10,2Y,2.6519
CN,2018-12-10,5Y,2.9930
CN,2018-12-10,10Y,3.2678
CN,2018-12-10,30Y,3.7767
CN,2018-12-11,2Y,2.6368
CN,2018-12-11,5Y,2.9970
CN,2018-12-11,10Y,3.2652
CN,2018-12-11,30Y,3.7517
CN,2018-12-12,2Y,2.6315
CN,2018-12-12,5Y,3.0057
CN,2018-12-12,10Y,3.2703
CN,2018-12-12,30Y,3.7517
CN,2018-12-13,2Y,2.6354
CN,2018-12-13,5Y,3.0438
CN,2018-12-13,10Y,3.3311
CN,2018-12-13,30Y,3.8217
CN,2018-12-14,2Y,2.6545
CN,2018-12-14,5Y,3.0506
CN,2018-12-14,10Y,3.3468
CN,2018-12-14,30Y,3.8307
CN,2018-12-17,2Y,2.6742
CN,2018-12-17,5Y,3.0574
CN,2018-12-17,10Y,3.3713
CN,2018-12-17,30Y,3.8407
CN,2018-12-18,2Y,2.6811
CN,2018-12-18,5Y,3.0577
CN,2018-12-18,10Y,3.3714
CN,2018-12-18,30Y,3.8307
CN,2018-12-19,2Y,2.8582
CN,2018-12-19,5Y,3.0582
CN,2018-12-19,10Y,3.3412
CN,2018-12-19,30Y,3.8007
CN,2018-12-20,2Y,2.8191
CN,2018-12-20,5Y,3.0414
CN,2018-12-20,10Y,3.3003
CN,2018-12-20,30Y,3.7805
CN,2018-12-21,2Y,2.8102
CN,2018-12-21,5Y,3.0458
CN,2018-12-21,10Y,3.3168
CN,2018-12-21,30Y,3.7805
CN,2018-12-24,2Y,2.8358
CN,2018-12-24,5Y,3.0657
CN,2018-12-24,10Y,3.3483
CN,2018-12-24,30Y,3.7805
CN,2018-12-25,2Y,2.8412
CN,2018-12-25,5Y,3.0665
CN,2018-12-25,10Y,3.3113
CN,2018-12-25,30Y,3.7805
CN,2018-12-26,2Y,2.8018
CN,2018-12-26,5Y,3.0644
CN,2018-12-26,10Y,3.3011
CN,2018-12-26,30Y,3.7605
CN,2018-12-27,2Y,2.7655
CN,2018-12-27,5Y,3.0010
CN,2018-12-27,10Y,3.2709
CN,2018-12-27,30Y,3.7456
CN,2018-12-28,2Y,2.7224
CN,2018-12-28,5Y,2.9614
CN,2018-12-28,10Y,3.2315
CN,2018-12-28,30Y,3.7106
CN,2018-12-29,2Y,2.7077
CN,2018-12-29,5Y,2.9676
CN,2018-12-29,10Y,3.2265
CN,2018-12-29,30Y,3.7056
CN,2018-12-30,2Y,2.7078
CN,2018-12-30,5Y,2.9676
CN,2018-12-30,10Y,3.2265
CN,2018-12-30,30Y,3.7056
CN,2018-12-31,2Y,2.7078
CN,2018-12-31,5Y,2.9676
CN,2018-12-31,10Y,3.2265
CN,2018-12-31,30Y,3.7056
CN,2019-01-02,2Y,2.6167
CN,2019-01-02,5Y,2.9466
CN,2019-01-02,10Y,3.1734
CN,2019-01-02,30Y,3.6756
CN,2019-01-03,2Y,2.6233
CN,2019-01-03,5Y,2.8965
CN,2019-01-03,10Y,3.1410
CN,2019-01-03,30Y,3.6806
CN,2019-01-04,2Y,2.6069
CN,2019-01-04,5Y,2.8850
CN,2019-01-04,10Y,3.1513
CN,2019-01-04,30Y,3.7007
CN,2019-01-07,2Y,2.5672
CN,2019-01-07,5Y,2.9303
CN,2019-01-07,10Y,3.1507
CN,2019-01-07,30Y,3.7007
CN,2019-01-08,2Y,2.5222
CN,2019-01-08,5Y,2.8796
CN,2019-01-08,10Y,3.1211
CN,2019-01-08,30Y,3.6757
CN,2019-01-09,2Y,2.5421
CN,2019-01-09,5Y,2.8745
CN,2019-01-09,10Y,3.1106
CN,2019-01-09,30Y,3.7007
CN,2019-01-10,2Y,2.5390
CN,2019-01-10,5Y,2.8954
CN,2019-01-10,10Y,3.1006
CN,2019-01-10,30Y,3.7182
CN,2019-01-11,2Y,2.5750
CN,2019-01-11,5Y,2.9100
CN,2019-01-11,10Y,3.1058
CN,2019-01-11,30Y,3.7157
CN,2019-01-14,2Y,2.5861
CN,2019-01-14,5Y,2.9496
CN,2019-01-14,10Y,3.1297
CN,2019-01-14,30Y,3.7257
CN,2019-01-15,2Y,2.5951
CN,2019-01-15,5Y,2.9484
CN,2019-01-15,10Y,3.1383
CN,2019-01-15,30Y,3.7407
CN,2019-01-16,2Y,2.5212
CN,2019-01-16,5Y,2.9047
CN,2019-01-16,10Y,3.0745
CN,2019-01-16,30Y,3.6779
CN,2019-01-17,2Y,2.4901
CN,2019-01-17,5Y,2.8983
CN,2019-01-17,10Y,3.0760
CN,2019-01-17,30Y,3.6904
CN,2019-01-18,2Y,2.4979
CN,2019-01-18,5Y,2.9410
CN,2019-01-18,10Y,3.0910
CN,2019-01-18,30Y,3.7105
CN,2019-01-21,2Y,2.5625
CN,2019-01-21,5Y,2.9499
CN,2019-01-21,10Y,3.1037
CN,2019-01-21,30Y,3.7104
CN,2019-01-22,2Y,2.5358
CN,2019-01-22,5Y,2.9437
CN,2019-01-22,10Y,3.1071
CN,2019-01-22,30Y,3.7154
CN,2019-01-23,2Y,2.5499
CN,2019-01-23,5Y,2.9258
CN,2019-01-23,10Y,3.1190
CN,2019-01-23,30Y,3.7179
CN,2019-01-24,2Y,2.5457
CN,2019-01-24,5Y,2.9268
CN,2019-01-24,10Y,3.1338
CN,2019-01-24,30Y,3.7409
CN,2019-01-25,2Y,2.5358
CN,2019-01-25,5Y,2.9475
CN,2019-01-25,10Y,3.1398
CN,2019-01-25,30Y,3.7534
CN,2019-01-28,2Y,2.6435
CN,2019-01-28,5Y,2.9635
CN,2019-01-28,10Y,3.1397
CN,2019-01-28,30Y,3.7655
CN,2019-01-29,2Y,2.6340
CN,2019-01-29,5Y,2.9403
CN,2019-01-29,10Y,3.1246
CN,2019-01-29,30Y,3.7342
CN,2019-01-30,2Y,2.6099
CN,2019-01-30,5Y,2.9207
CN,2019-01-30,10Y,3.1151
CN,2019-01-30,30Y,3.7304
CN,2019-01-31,2Y,2.5962
CN,2019-01-31,5Y,2.8943
CN,2019-01-31,10Y,3.1037
CN,2019-01-31,30Y,3.7231
CN,2019-02-01,2Y,2.5824
CN,2019-02-01,5Y,2.9006
CN,2019-02-01,10Y,3.1032
CN,2019-02-01,30Y,3.7256
CN,2019-02-02,2Y,2.5738
CN,2019-02-02,5Y,2.8907
CN,2019-02-02,10Y,3.0978
CN,2019-02-02,30Y,3.7194
CN,2019-02-03,2Y,2.5726
CN,2019-02-03,5Y,2.8923
CN,2019-02-03,10Y,3.0967
CN,2019-02-03,30Y,3.7121
CN,2019-02-11,2Y,2.5567
CN,2019-02-11,5Y,2.8754
CN,2019-02-11,10Y,3.0670
CN,2019-02-11,30Y,3.7107
CN,2019-02-12,2Y,2.5543
CN,2019-02-12,5Y,2.8643
CN,2019-02-12,10Y,3.0748
CN,2019-02-12,30Y,3.7107
CN,2019-02-13,2Y,2.5461
CN,2019-02-13,5Y,2.8746
CN,2019-02-13,10Y,3.0719
CN,2019-02-13,30Y,3.7007
CN,2019-02-14,2Y,2.5515
CN,2019-02-14,5Y,2.8779
CN,2019-02-14,10Y,3.0726
CN,2019-02-14,30Y,3.7105
CN,2019-02-15,2Y,2.5530
CN,2019-02-15,5Y,2.8794
CN,2019-02-15,10Y,3.0794
CN,2019-02-15,30Y,3.7155
CN,2019-02-18,2Y,2.5541
CN,2019-02-18,5Y,2.9090
CN,2019-02-18,10Y,3.1094
CN,2019-02-18,30Y,3.7322
CN,2019-02-19,2Y,2.5555
CN,2019-02-19,5Y,2.9145
CN,2019-02-19,10Y,3.1279
CN,2019-02-19,30Y,3.7215
CN,2019-02-20,2Y,2.4943
CN,2019-02-20,5Y,2.9063
CN,2019-02-20,10Y,3.1196
CN,2019-02-20,30Y,3.7265
CN,2019-02-21,2Y,2.5331
CN,2019-02-21,5Y,2.9190
CN,2019-02-21,10Y,3.1361
CN,2019-02-21,30Y,3.7290
CN,2019-02-22,2Y,2.5256
CN,2019-02-22,5Y,2.9253
CN,2019-02-22,10Y,3.1451
CN,2019-02-22,30Y,3.7050
CN,2019-02-25,2Y,2.5570
CN,2019-02-25,5Y,2.9956
CN,2019-02-25,10Y,3.1787
CN,2019-02-25,30Y,3.7467
CN,2019-02-26,2Y,2.5728
CN,2019-02-26,5Y,3.0473
CN,2019-02-26,10Y,3.1878
CN,2019-02-26,30Y,3.7617
CN,2019-02-27,2Y,2.5783
CN,2019-02-27,5Y,3.0343
CN,2019-02-27,10Y,3.1689
CN,2019-02-27,30Y,3.7417
CN,2019-02-28,2Y,2.6035
CN,2019-02-28,5Y,3.0466
CN,2019-02-28,10Y,3.1731
CN,2019-02-28,30Y,3.7517
CN,2019-03-01,2Y,2.6035
CN,2019-03-01,5Y,3.0689
CN,2019-03-01,10Y,3.1870
CN,2019-03-01,30Y,3.7472
CN,2019-03-04,2Y,2.5804
CN,2019-03-04,5Y,3.0691
CN,2019-03-04,10Y,3.2023
CN,2019-03-04,30Y,3.7560
CN,2019-03-05,2Y,2.6052
CN,2019-03-05,5Y,3.0990
CN,2019-03-05,10Y,3.2149
CN,2019-03-05,30Y,3.7619
CN,2019-03-06,2Y,2.6057
CN,2019-03-06,5Y,3.0893
CN,2019-03-06,10Y,3.2021
CN,2019-03-06,30Y,3.7623
CN,2019-03-07,2Y,2.6059
CN,2019-03-07,5Y,3.0454
CN,2019-03-07,10Y,3.1572
CN,2019-03-07,30Y,3.7423
CN,2019-03-08,2Y,2.6061
CN,2019-03-08,5Y,3.0284
CN,2019-03-08,10Y,3.1423
CN,2019-03-08,30Y,3.7272
CN,2019-03-11,2Y,2.6124
CN,2019-03-11,5Y,3.0275
CN,2019-03-11,10Y,3.1374
CN,2019-03-11,30Y,3.7222
CN,2019-03-12,2Y,2.6223
CN,2019-03-12,5Y,3.0536
CN,2019-03-12,10Y,3.1424
CN,2019-03-12,30Y,3.7231
CN,2019-03-13,2Y,2.6247
CN,2019-03-13,5Y,3.0539
CN,2019-03-13,10Y,3.1375
CN,2019-03-13,30Y,3.7232
CN,2019-03-14,2Y,2.6398
CN,2019-03-14,5Y,3.0641
CN,2019-03-14,10Y,3.1475
CN,2019-03-14,30Y,3.7332
CN,2019-03-15,2Y,2.6450
CN,2019-03-15,5Y,3.0625
CN,2019-03-15,10Y,3.1376
CN,2019-03-15,30Y,3.7276
CN,2019-03-18,2Y,2.6319
CN,2019-03-18,5Y,3.0715
CN,2019-03-18,10Y,3.1377
CN,2019-03-18,30Y,3.7276
CN,2019-03-19,2Y,2.6188
CN,2019-03-19,5Y,3.0767
CN,2019-03-19,10Y,3.1377
CN,2019-03-19,30Y,3.7276
CN,2019-03-20,2Y,2.6093
CN,2019-03-20,5Y,3.0711
CN,2019-03-20,10Y,3.1453
CN,2019-03-20,30Y,3.7361
CN,2019-03-21,2Y,2.5998
CN,2019-03-21,5Y,3.0465
CN,2019-03-21,10Y,3.1291
CN,2019-03-21,30Y,3.7253
CN,2019-03-22,2Y,2.5979
CN,2019-03-22,5Y,3.0340
CN,2019-03-22,10Y,3.1080
CN,2019-03-22,30Y,3.7029
CN,2019-03-25,2Y,2.6229
CN,2019-03-25,5Y,3.0101
CN,2019-03-25,10Y,3.0831
CN,2019-03-25,30Y,3.6839
CN,2019-03-26,2Y,2.5898
CN,2019-03-26,5Y,2.9928
CN,2019-03-26,10Y,3.0633
CN,2019-03-26,30Y,3.6805
CN,2019-03-27,2Y,2.6035
CN,2019-03-27,5Y,2.9937
CN,2019-03-27,10Y,3.0882
CN,2019-03-27,30Y,3.6880
CN,2019-03-28,2Y,2.5925
CN,2019-03-28,5Y,2.9658
CN,2019-03-28,10Y,3.0634
CN,2019-03-28,30Y,3.6828
CN,2019-03-29,2Y,2.5852
CN,2019-03-29,5Y,2.9577
CN,2019-03-29,10Y,3.0683
CN,2019-03-29,30Y,3.6631
CN,2019-04-01,2Y,2.5733
CN,2019-04-01,5Y,3.0126
CN,2019-04-01,10Y,3.1332
CN,2019-04-01,30Y,3.7079
CN,2019-04-02,2Y,2.5887
CN,2019-04-02,5Y,3.0378
CN,2019-04-02,10Y,3.1681
CN,2019-04-02,30Y,3.7174
CN,2019-04-03,2Y,2.5906
CN,2019-04-03,5Y,3.0810
CN,2019-04-03,10Y,3.2331
CN,2019-04-03,30Y,3.7733
CN,2019-04-04,2Y,2.6138
CN,2019-04-04,5Y,3.1313
CN,2019-04-04,10Y,3.2679
CN,2019-04-04,30Y,3.7808
CN,2019-04-08,2Y,2.7080
CN,2019-04-08,5Y,3.1623
CN,2019-04-08,10Y,3.2482
CN,2019-04-08,30Y,3.7784
CN,2019-04-09,2Y,2.7539
CN,2019-04-09,5Y,3.2259
CN,2019-04-09,10Y,3.2882
CN,2019-04-09,30Y,3.8134
CN,2019-04-10,2Y,2.9026
CN,2019-04-10,5Y,3.2100
CN,2019-04-10,10Y,3.2932
CN,2019-04-10,30Y,3.8134
CN,2019-04-11,2Y,2.9036
CN,2019-04-11,5Y,3.1793
CN,2019-04-11,10Y,3.2784
CN,2019-04-11,30Y,3.8234
CN,2019-04-12,2Y,2.8996
CN,2019-04-12,5Y,3.1778
CN,2019-04-12,10Y,3.3334
CN,2019-04-12,30Y,3.8534
CN,2019-04-15,2Y,2.9275
CN,2019-04-15,5Y,3.2414
CN,2019-04-15,10Y,3.3736
CN,2019-04-15,30Y,3.9234
CN,2019-04-16,2Y,2.9432
CN,2019-04-16,5Y,3.2565
CN,2019-04-16,10Y,3.3937
CN,2019-04-16,30Y,3.9437
CN,2019-04-17,2Y,2.9397
CN,2019-04-17,5Y,3.2567
CN,2019-04-17,10Y,3.3938
CN,2019-04-17,30Y,3.9437
CN,2019-04-18,2Y,2.9120
CN,2019-04-18,5Y,3.2018
CN,2019-04-18,10Y,3.3589
CN,2019-04-18,30Y,3.9237
CN,2019-04-19,2Y,2.9089
CN,2019-04-19,5Y,3.2024
CN,2019-04-19,10Y,3.3741
CN,2019-04-19,30Y,3.9569
CN,2019-04-22,2Y,2.9334
CN,2019-04-22,5Y,3.2231
CN,2019-04-22,10Y,3.4091
CN,2019-04-22,30Y,3.9739
CN,2019-04-23,2Y,2.9541
CN,2019-04-23,5Y,3.2437
CN,2019-04-23,10Y,3.3993
CN,2019-04-23,30Y,3.9740
CN,2019-04-24,2Y,2.9452
CN,2019-04-24,5Y,3.2693
CN,2019-04-24,10Y,3.4343
CN,2019-04-24,30Y,4.0040
CN,2019-04-25,2Y,2.9419
CN,2019-04-25,5Y,3.2441
CN,2019-04-25,10Y,3.4193
CN,2019-04-25,30Y,3.9840
CN,2019-04-26,2Y,2.9390
CN,2019-04-26,5Y,3.2140
CN,2019-04-26,10Y,3.4043
CN,2019-04-26,30Y,3.9715
CN,2019-04-28,2Y,2.8922
CN,2019-04-28,5Y,3.2140
CN,2019-04-28,10Y,3.4043
CN,2019-04-28,30Y,3.9715
CN,2019-04-29,2Y,2.9223
CN,2019-04-29,5Y,3.2199
CN,2019-04-29,10Y,3.4268
CN,2019-04-29,30Y,3.9743
CN,2019-04-30,2Y,2.8918
CN,2019-04-30,5Y,3.1949
CN,2019-04-30,10Y,3.3869
CN,2019-04-30,30Y,3.9593
CN,2019-05-05,2Y,2.8918
CN,2019-05-05,5Y,3.1949
CN,2019-05-05,10Y,3.3849
CN,2019-05-05,30Y,3.9570
CN,2019-05-06,2Y,2.8602
CN,2019-05-06,5Y,3.1467
CN,2019-05-06,10Y,3.3550
CN,2019-05-06,30Y,3.9396
CN,2019-05-07,2Y,2.8939
CN,2019-05-07,5Y,3.1628
CN,2019-05-07,10Y,3.3551
CN,2019-05-07,30Y,3.9347
CN,2019-05-08,2Y,2.9056
CN,2019-05-08,5Y,3.1537
CN,2019-05-08,10Y,3.3426
CN,2019-05-08,30Y,3.9297
CN,2019-05-09,2Y,2.8679
CN,2019-05-09,5Y,3.1420
CN,2019-05-09,10Y,3.3116
CN,2019-05-09,30Y,3.9122
CN,2019-05-10,2Y,2.8851
CN,2019-05-10,5Y,3.1527
CN,2019-05-10,10Y,3.3017
CN,2019-05-10,30Y,3.9098
CN,2019-05-13,2Y,2.8652
CN,2019-05-13,5Y,3.1304
CN,2019-05-13,10Y,3.2709
CN,2019-05-13,30Y,3.8948
CN,2019-05-14,2Y,2.8734
CN,2019-05-14,5Y,3.1600
CN,2019-05-14,10Y,3.2859
CN,2019-05-14,30Y,3.9048
CN,2019-05-15,2Y,2.9001
CN,2019-05-15,5Y,3.1486
CN,2019-05-15,10Y,3.2762
CN,2019-05-15,30Y,3.9149
CN,2019-05-16,2Y,2.9033
CN,2019-05-16,5Y,3.1293
CN,2019-05-16,10Y,3.2662
CN,2019-05-16,30Y,3.9024
CN,2019-05-17,2Y,2.9065
CN,2019-05-17,5Y,3.1344
CN,2019-05-17,10Y,3.2665
CN,2019-05-17,30Y,3.9249
CN,2019-05-20,2Y,2.9065
CN,2019-05-20,5Y,3.1300
CN,2019-05-20,10Y,3.2717
CN,2019-05-20,30Y,3.9300
CN,2019-05-21,2Y,2.9161
CN,2019-05-21,5Y,3.1350
CN,2019-05-21,10Y,3.2990
CN,2019-05-21,30Y,3.9400
CN,2019-05-22,2Y,2.9110
CN,2019-05-22,5Y,3.1433
CN,2019-05-22,10Y,3.3264
CN,2019-05-22,30Y,3.9500
CN,2019-05-23,2Y,2.8778
CN,2019-05-23,5Y,3.1159
CN,2019-05-23,10Y,3.3100
CN,2019-05-23,30Y,3.9350
CN,2019-05-24,2Y,2.8557
CN,2019-05-24,5Y,3.1112
CN,2019-05-24,10Y,3.3125
CN,2019-05-24,30Y,3.9351
CN,2019-05-27,2Y,2.8838
CN,2019-05-27,5Y,3.1497
CN,2019-05-27,10Y,3.3500
CN,2019-05-27,30Y,3.9651
CN,2019-05-28,2Y,2.8597
CN,2019-05-28,5Y,3.1433
CN,2019-05-28,10Y,3.3100
CN,2019-05-28,30Y,3.9452
CN,2019-05-29,2Y,2.8236
CN,2019-05-29,5Y,3.0925
CN,2019-05-29,10Y,3.2875
CN,2019-05-29,30Y,3.9277
CN,2019-05-30,2Y,2.8073
CN,2019-05-30,5Y,3.0682
CN,2019-05-30,10Y,3.2750
CN,2019-05-30,30Y,3.9290
CN,2019-05-31,2Y,2.8155
CN,2019-05-31,5Y,3.0731
CN,2019-05-31,10Y,3.2751
CN,2019-05-31,30Y,3.9403
CN,2019-06-03,2Y,2.7874
CN,2019-06-03,5Y,3.0580
CN,2019-06-03,10Y,3.2401
CN,2019-06-03,30Y,3.9153
CN,2019-06-04,2Y,2.7823
CN,2019-06-04,5Y,3.0427
CN,2019-06-04,10Y,3.2101
CN,2019-06-04,30Y,3.8703
CN,2019-06-05,2Y,2.7874
CN,2019-06-05,5Y,3.0484
CN,2019-06-05,10Y,3.2100
CN,2019-06-05,30Y,3.8554
CN,2019-06-06,2Y,2.7771
CN,2019-06-06,5Y,3.0565
CN,2019-06-06,10Y,3.2136
CN,2019-06-06,30Y,3.8454
CN,2019-06-10,2Y,2.7927
CN,2019-06-10,5Y,3.0765
CN,2019-06-10,10Y,3.2251
CN,2019-06-10,30Y,3.8555
CN,2019-06-11,2Y,2.8125
CN,2019-06-11,5Y,3.1134
CN,2019-06-11,10Y,3.2651
CN,2019-06-11,30Y,3.8855
CN,2019-06-12,2Y,2.9198
CN,2019-06-12,5Y,3.1132
CN,2019-06-12,10Y,3.2601
CN,2019-06-12,30Y,3.8805
CN,2019-06-13,2Y,2.9207
CN,2019-06-13,5Y,3.0980
CN,2019-06-13,10Y,3.2451
CN,2019-06-13,30Y,3.8630
CN,2019-06-14,2Y,2.9066
CN,2019-06-14,5Y,3.0732
CN,2019-06-14,10Y,3.2302
CN,2019-06-14,30Y,3.8356
CN,2019-06-17,2Y,2.8904
CN,2019-06-17,5Y,3.0562
CN,2019-06-17,10Y,3.2252
CN,2019-06-17,30Y,3.8354
CN,2019-06-18,2Y,2.8792
CN,2019-06-18,5Y,3.0542
CN,2019-06-18,10Y,3.2302
CN,2019-06-18,30Y,3.8457
CN,2019-06-19,2Y,2.8803
CN,2019-06-19,5Y,3.0679
CN,2019-06-19,10Y,3.2427
CN,2019-06-19,30Y,3.8619
CN,2019-06-20,2Y,2.8533
CN,2019-06-20,5Y,3.0511
CN,2019-06-20,10Y,3.2352
CN,2019-06-20,30Y,3.8507
CN,2019-06-21,2Y,2.8480
CN,2019-06-21,5Y,3.0410
CN,2019-06-21,10Y,3.2303
CN,2019-06-21,30Y,3.8599
CN,2019-06-24,2Y,2.8630
CN,2019-06-24,5Y,3.0618
CN,2019-06-24,10Y,3.2453
CN,2019-06-24,30Y,3.8782
CN,2019-06-25,2Y,2.8635
CN,2019-06-25,5Y,3.0517
CN,2019-06-25,10Y,3.2353
CN,2019-06-25,30Y,3.8732
CN,2019-06-26,2Y,2.8585
CN,2019-06-26,5Y,3.0627
CN,2019-06-26,10Y,3.2453
CN,2019-06-26,30Y,3.8831
CN,2019-06-27,2Y,2.8574
CN,2019-06-27,5Y,3.0775
CN,2019-06-27,10Y,3.2553
CN,2019-06-27,30Y,3.8880
CN,2019-06-28,2Y,2.8484
CN,2019-06-28,5Y,3.0570
CN,2019-06-28,10Y,3.2254
CN,2019-06-28,30Y,3.8664
CN,2019-07-01,2Y,2.8581
CN,2019-07-01,5Y,3.0578
CN,2019-07-01,10Y,3.2254
CN,2019-07-01,30Y,3.8636
CN,2019-07-02,2Y,2.8331
CN,2019-07-02,5Y,3.0093
CN,2019-07-02,10Y,3.1704
CN,2019-07-02,30Y,3.8036
CN,2019-07-03,2Y,2.8059
CN,2019-07-03,5Y,2.9976
CN,2019-07-03,10Y,3.1554
CN,2019-07-03,30Y,3.7935
CN,2019-07-04,2Y,2.8120
CN,2019-07-04,5Y,2.9848
CN,2019-07-04,10Y,3.1479
CN,2019-07-04,30Y,3.7887
CN,2019-07-05,2Y,2.8202
CN,2019-07-05,5Y,3.0182
CN,2019-07-05,10Y,3.1705
CN,2019-07-05,30Y,3.7945
CN,2019-07-08,2Y,2.8321
CN,2019-07-08,5Y,3.0284
CN,2019-07-08,10Y,3.1805
CN,2019-07-08,30Y,3.8130
CN,2019-07-09,2Y,2.8393
CN,2019-07-09,5Y,3.0229
CN,2019-07-09,10Y,3.1680
CN,2019-07-09,30Y,3.8108
CN,2019-07-10,2Y,2.7667
CN,2019-07-10,5Y,3.0203
CN,2019-07-10,10Y,3.1706
CN,2019-07-10,30Y,3.8136
CN,2019-07-11,2Y,2.7584
CN,2019-07-11,5Y,3.0206
CN,2019-07-11,10Y,3.1680
CN,2019-07-11,30Y,3.8045
CN,2019-07-12,2Y,2.7855
CN,2019-07-12,5Y,3.0101
CN,2019-07-12,10Y,3.1531
CN,2019-07-12,30Y,3.7972
CN,2019-07-15,2Y,2.7817
CN,2019-07-15,5Y,3.0308
CN,2019-07-15,10Y,3.1782
CN,2019-07-15,30Y,3.8185
CN,2019-07-16,2Y,2.7822
CN,2019-07-16,5Y,3.0311
CN,2019-07-16,10Y,3.1732
CN,2019-07-16,30Y,3.8299
CN,2019-07-17,2Y,2.7823
CN,2019-07-17,5Y,3.0267
CN,2019-07-17,10Y,3.1757
CN,2019-07-17,30Y,3.8371
CN,2019-07-18,2Y,2.7827
CN,2019-07-18,5Y,3.0084
CN,2019-07-18,10Y,3.1608
CN,2019-07-18,30Y,3.8298
CN,2019-07-19,2Y,2.7731
CN,2019-07-19,5Y,3.0089
CN,2019-07-19,10Y,3.1559
CN,2019-07-19,30Y,3.8633
CN,2019-07-22,2Y,2.7843
CN,2019-07-22,5Y,2.9990
CN,2019-07-22,10Y,3.1484
CN,2019-07-22,30Y,3.8375
CN,2019-07-23,2Y,2.7747
CN,2019-07-23,5Y,2.9919
CN,2019-07-23,10Y,3.1484
CN,2019-07-23,30Y,3.8288
CN,2019-07-24,2Y,2.7752
CN,2019-07-24,5Y,3.0098
CN,2019-07-24,10Y,3.1710
CN,2019-07-24,30Y,3.8501
CN,2019-07-25,2Y,2.7754
CN,2019-07-25,5Y,3.0051
CN,2019-07-25,10Y,3.1635
CN,2019-07-25,30Y,3.8426
CN,2019-07-26,2Y,2.7709
CN,2019-07-26,5Y,3.0081
CN,2019-07-26,10Y,3.1661
CN,2019-07-26,30Y,3.8427
CN,2019-07-29,2Y,2.7721
CN,2019-07-29,5Y,3.0246
CN,2019-07-29,10Y,3.1836
CN,2019-07-29,30Y,3.8578
CN,2019-07-30,2Y,2.7725
CN,2019-07-30,5Y,3.0195
CN,2019-07-30,10Y,3.1761
CN,2019-07-30,30Y,3.8553
CN,2019-07-31,2Y,2.7577
CN,2019-07-31,5Y,2.9994
CN,2019-07-31,10Y,3.1552
CN,2019-07-31,30Y,3.8279
CN,2019-08-01,2Y,2.7582
CN,2019-08-01,5Y,2.9838
CN,2019-08-01,10Y,3.1487
CN,2019-08-01,30Y,3.8255
CN,2019-08-02,2Y,2.7489
CN,2019-08-02,5Y,2.9427
CN,2019-08-02,10Y,3.0914
CN,2019-08-02,30Y,3.7707
CN,2019-08-05,2Y,2.7283
CN,2019-08-05,5Y,2.9102
CN,2019-08-05,10Y,3.0563
CN,2019-08-05,30Y,3.7185
CN,2019-08-06,2Y,2.7026
CN,2019-08-06,5Y,2.9199
CN,2019-08-06,10Y,3.0613
CN,2019-08-06,30Y,3.7260
CN,2019-08-07,2Y,2.6991
CN,2019-08-07,5Y,2.9350
CN,2019-08-07,10Y,3.0514
CN,2019-08-07,30Y,3.7111
CN,2019-08-08,2Y,2.7042
CN,2019-08-08,5Y,2.9362
CN,2019-08-08,10Y,3.0465
CN,2019-08-08,30Y,3.7110
CN,2019-08-09,2Y,2.6999
CN,2019-08-09,5Y,2.9061
CN,2019-08-09,10Y,3.0216
CN,2019-08-09,30Y,3.6837
CN,2019-08-12,2Y,2.7206
CN,2019-08-12,5Y,2.9205
CN,2019-08-12,10Y,3.0391
CN,2019-08-12,30Y,3.6963
CN,2019-08-13,2Y,2.7207
CN,2019-08-13,5Y,2.9011
CN,2019-08-13,10Y,3.0041
CN,2019-08-13,30Y,3.6517
CN,2019-08-14,2Y,2.6959
CN,2019-08-14,5Y,2.9100
CN,2019-08-14,10Y,3.0105
CN,2019-08-14,30Y,3.6117
CN,2019-08-15,2Y,2.7093
CN,2019-08-15,5Y,2.9182
CN,2019-08-15,10Y,3.0115
CN,2019-08-15,30Y,3.6017
CN,2019-08-16,2Y,2.7057
CN,2019-08-16,5Y,2.9369
CN,2019-08-16,10Y,3.0217
CN,2019-08-16,30Y,3.6168
CN,2019-08-19,2Y,2.7062
CN,2019-08-19,5Y,2.9192
CN,2019-08-19,10Y,3.0191
CN,2019-08-19,30Y,3.6069
CN,2019-08-20,2Y,2.7031
CN,2019-08-20,5Y,2.9313
CN,2019-08-20,10Y,3.0317
CN,2019-08-20,30Y,3.6219
CN,2019-08-21,2Y,2.7034
CN,2019-08-21,5Y,2.9603
CN,2019-08-21,10Y,3.0567
CN,2019-08-21,30Y,3.6518
CN,2019-08-22,2Y,2.7044
CN,2019-08-22,5Y,2.9613
CN,2019-08-22,10Y,3.0543
CN,2019-08-22,30Y,3.6593
CN,2019-08-23,2Y,2.6943
CN,2019-08-23,5Y,2.9634
CN,2019-08-23,10Y,3.0644
CN,2019-08-23,30Y,3.6644
CN,2019-08-26,2Y,2.6905
CN,2019-08-26,5Y,2.9443
CN,2019-08-26,10Y,3.0494
CN,2019-08-26,30Y,3.6471
CN,2019-08-27,2Y,2.7159
CN,2019-08-27,5Y,2.9508
CN,2019-08-27,10Y,3.0520
CN,2019-08-27,30Y,3.6622
CN,2019-08-28,2Y,2.6998
CN,2019-08-28,5Y,2.9568
CN,2019-08-28,10Y,3.0520
CN,2019-08-28,30Y,3.6622
CN,2019-08-29,2Y,2.7200
CN,2019-08-29,5Y,2.9297
CN,2019-08-29,10Y,3.0321
CN,2019-08-29,30Y,3.6469
CN,2019-08-30,2Y,2.7013
CN,2019-08-30,5Y,2.9627
CN,2019-08-30,10Y,3.0573
CN,2019-08-30,30Y,3.6823
CN,2019-09-02,2Y,2.7079
CN,2019-09-02,5Y,2.9773
CN,2019-09-02,10Y,3.0723
CN,2019-09-02,30Y,3.7021
CN,2019-09-03,2Y,2.6981
CN,2019-09-03,5Y,2.9748
CN,2019-09-03,10Y,3.0624
CN,2019-09-03,30Y,3.6922
CN,2019-09-04,2Y,2.7137
CN,2019-09-04,5Y,2.9561
CN,2019-09-04,10Y,3.0473
CN,2019-09-04,30Y,3.6674
CN,2019-09-05,2Y,2.7139
CN,2019-09-05,5Y,2.9257
CN,2019-09-05,10Y,3.0173
CN,2019-09-05,30Y,3.6207
CN,2019-09-06,2Y,2.7031
CN,2019-09-06,5Y,2.9081
CN,2019-09-06,10Y,3.0173
CN,2019-09-06,30Y,3.6182
CN,2019-09-09,2Y,2.6936
CN,2019-09-09,5Y,2.9361
CN,2019-09-09,10Y,3.0250
CN,2019-09-09,30Y,3.6259
CN,2019-09-10,2Y,2.7132
CN,2019-09-10,5Y,2.9548
CN,2019-09-10,10Y,3.0425
CN,2019-09-10,30Y,3.6359
CN,2019-09-11,2Y,2.7147
CN,2019-09-11,5Y,2.9519
CN,2019-09-11,10Y,3.0525
CN,2019-09-11,30Y,3.6386
CN,2019-09-12,2Y,2.7059
CN,2019-09-12,5Y,2.9802
CN,2019-09-12,10Y,3.0876
CN,2019-09-12,30Y,3.6684
CN,2019-09-16,2Y,2.6968
CN,2019-09-16,5Y,2.9769
CN,2019-09-16,10Y,3.0926
CN,2019-09-16,30Y,3.6688
CN,2019-09-17,2Y,2.6965
CN,2019-09-17,5Y,2.9879
CN,2019-09-17,10Y,3.1076
CN,2019-09-17,30Y,3.6789
CN,2019-09-18,2Y,2.7045
CN,2019-09-18,5Y,3.0033
CN,2019-09-18,10Y,3.1278
CN,2019-09-18,30Y,3.7191
CN,2019-09-19,2Y,2.7040
CN,2019-09-19,5Y,2.9977
CN,2019-09-19,10Y,3.1053
CN,2019-09-19,30Y,3.7042
CN,2019-09-20,2Y,2.7070
CN,2019-09-20,5Y,2.9894
CN,2019-09-20,10Y,3.0980
CN,2019-09-20,30Y,3.6968
CN,2019-09-23,2Y,2.7031
CN,2019-09-23,5Y,2.9841
CN,2019-09-23,10Y,3.1005
CN,2019-09-23,30Y,3.7020
CN,2019-09-24,2Y,2.7092
CN,2019-09-24,5Y,2.9979
CN,2019-09-24,10Y,3.1205
CN,2019-09-24,30Y,3.7196
CN,2019-09-25,2Y,2.7008
CN,2019-09-25,5Y,2.9904
CN,2019-09-25,10Y,3.1157
CN,2019-09-25,30Y,3.7247
CN,2019-09-26,2Y,2.7075
CN,2019-09-26,5Y,3.0085
CN,2019-09-26,10Y,3.1381
CN,2019-09-26,30Y,3.7448
CN,2019-09-27,2Y,2.7090
CN,2019-09-27,5Y,3.0163
CN,2019-09-27,10Y,3.1482
CN,2019-09-27,30Y,3.7589
CN,2019-09-29,2Y,2.7100
CN,2019-09-29,5Y,3.0051
CN,2019-09-29,10Y,3.1434
CN,2019-09-29,30Y,3.7539
CN,2019-09-30,2Y,2.7203
CN,2019-09-30,5Y,3.0123
CN,2019-09-30,10Y,3.1411
CN,2019-09-30,30Y,3.7501
CN,2019-10-08,2Y,2.7117
CN,2019-10-08,5Y,2.9971
CN,2019-10-08,10Y,3.1063
CN,2019-10-08,30Y,3.7257
CN,2019-10-09,2Y,2.6871
CN,2019-10-09,5Y,2.9998
CN,2019-10-09,10Y,3.1089
CN,2019-10-09,30Y,3.7258
CN,2019-10-10,2Y,2.6824
CN,2019-10-10,5Y,3.0188
CN,2019-10-10,10Y,3.1289
CN,2019-10-10,30Y,3.7458
CN,2019-10-11,2Y,2.6892
CN,2019-10-11,5Y,3.0385
CN,2019-10-11,10Y,3.1564
CN,2019-10-11,30Y,3.7638
CN,2019-10-12,2Y,2.6907
CN,2019-10-12,5Y,3.0466
CN,2019-10-12,10Y,3.1716
CN,2019-10-12,30Y,3.7885
CN,2019-10-14,2Y,2.7023
CN,2019-10-14,5Y,3.0467
CN,2019-10-14,10Y,3.1641
CN,2019-10-14,30Y,3.7811
CN,2019-10-15,2Y,2.7047
CN,2019-10-15,5Y,3.0524
CN,2019-10-15,10Y,3.1668
CN,2019-10-15,30Y,3.7960
CN,2019-10-16,2Y,2.7258
CN,2019-10-16,5Y,3.0074
CN,2019-10-16,10Y,3.1693
CN,2019-10-16,30Y,3.7912
CN,2019-10-17,2Y,2.7234
CN,2019-10-17,5Y,3.0003
CN,2019-10-17,10Y,3.1569
CN,2019-10-17,30Y,3.7839
CN,2019-10-18,2Y,2.7251
CN,2019-10-18,5Y,2.9803
CN,2019-10-18,10Y,3.1870
CN,2019-10-18,30Y,3.8188
CN,2019-10-21,2Y,2.7355
CN,2019-10-21,5Y,3.0287
CN,2019-10-21,10Y,3.2196
CN,2019-10-21,30Y,3.8464
CN,2019-10-22,2Y,2.7340
CN,2019-10-22,5Y,3.0415
CN,2019-10-22,10Y,3.2196
CN,2019-10-22,30Y,3.8416
CN,2019-10-23,2Y,2.7240
CN,2019-10-23,5Y,3.0266
CN,2019-10-23,10Y,3.2122
CN,2019-10-23,30Y,3.8369
CN,2019-10-24,2Y,2.7159
CN,2019-10-24,5Y,3.0246
CN,2019-10-24,10Y,3.2196
CN,2019-10-24,30Y,3.8368
CN,2019-10-25,2Y,2.7240
CN,2019-10-25,5Y,3.0273
CN,2019-10-25,10Y,3.2372
CN,2019-10-25,30Y,3.8564
CN,2019-10-28,2Y,2.7261
CN,2019-10-28,5Y,3.0633
CN,2019-10-28,10Y,3.2924
CN,2019-10-28,30Y,3.9054
CN,2019-10-29,2Y,2.7466
CN,2019-10-29,5Y,3.0839
CN,2019-10-29,10Y,3.3029
CN,2019-10-29,30Y,3.9104
CN,2019-10-30,2Y,2.7773
CN,2019-10-30,5Y,3.1239
CN,2019-10-30,10Y,3.3125
CN,2019-10-30,30Y,3.9158
CN,2019-10-31,2Y,2.7664
CN,2019-10-31,5Y,3.0810
CN,2019-10-31,10Y,3.2880
CN,2019-10-31,30Y,3.8962
CN,2019-11-01,2Y,2.7631
CN,2019-11-01,5Y,3.0639
CN,2019-11-01,10Y,3.2757
CN,2019-11-01,30Y,3.8815
CN,2019-11-04,2Y,2.7789
CN,2019-11-04,5Y,3.0896
CN,2019-11-04,10Y,3.2954
CN,2019-11-04,30Y,3.8963
CN,2019-11-05,2Y,2.7754
CN,2019-11-05,5Y,3.0598
CN,2019-11-05,10Y,3.2454
CN,2019-11-05,30Y,3.8589
CN,2019-11-06,2Y,2.7757
CN,2019-11-06,5Y,3.0655
CN,2019-11-06,10Y,3.2555
CN,2019-11-06,30Y,3.8639
CN,2019-11-07,2Y,2.7629
CN,2019-11-07,5Y,3.0708
CN,2019-11-07,10Y,3.2736
CN,2019-11-07,30Y,3.8803
CN,2019-11-08,2Y,2.7577
CN,2019-11-08,5Y,3.0656
CN,2019-11-08,10Y,3.2765
CN,2019-11-08,30Y,3.8805
CN,2019-11-11,2Y,2.7590
CN,2019-11-11,5Y,3.0485
CN,2019-11-11,10Y,3.2463
CN,2019-11-11,30Y,3.8709
CN,2019-11-12,2Y,2.7600
CN,2019-11-12,5Y,3.0563
CN,2019-11-12,10Y,3.2550
CN,2019-11-12,30Y,3.8682
CN,2019-11-13,2Y,2.7710
CN,2019-11-13,5Y,3.0566
CN,2019-11-13,10Y,3.2370
CN,2019-11-13,30Y,3.8561
CN,2019-11-14,2Y,2.7450
CN,2019-11-14,5Y,3.0645
CN,2019-11-14,10Y,3.2555
CN,2019-11-14,30Y,3.8733
CN,2019-11-15,2Y,2.7737
CN,2019-11-15,5Y,3.0517
CN,2019-11-15,10Y,3.2355
CN,2019-11-15,30Y,3.8512
CN,2019-11-18,2Y,2.7406
CN,2019-11-18,5Y,3.0227
CN,2019-11-18,10Y,3.1993
CN,2019-11-18,30Y,3.8118
CN,2019-11-19,2Y,2.7209
CN,2019-11-19,5Y,2.9977
CN,2019-11-19,10Y,3.1743
CN,2019-11-19,30Y,3.7776
CN,2019-11-20,2Y,2.7086
CN,2019-11-20,5Y,2.9827
CN,2019-11-20,10Y,3.1747
CN,2019-11-20,30Y,3.7826
CN,2019-11-21,2Y,2.6912
CN,2019-11-21,5Y,2.9684
CN,2019-11-21,10Y,3.1749
CN,2019-11-21,30Y,3.7652
CN,2019-11-22,2Y,2.6839
CN,2019-11-22,5Y,2.9688
CN,2019-11-22,10Y,3.1747
CN,2019-11-22,30Y,3.7627
CN,2019-11-25,2Y,2.6918
CN,2019-11-25,5Y,2.9949
CN,2019-11-25,10Y,3.1875
CN,2019-11-25,30Y,3.7938
CN,2019-11-26,2Y,2.6944
CN,2019-11-26,5Y,2.9801
CN,2019-11-26,10Y,3.1675
CN,2019-11-26,30Y,3.7819
CN,2019-11-27,2Y,2.6891
CN,2019-11-27,5Y,2.9853
CN,2019-11-27,10Y,3.1700
CN,2019-11-27,30Y,3.7864
CN,2019-11-28,2Y,2.6868
CN,2019-11-28,5Y,2.9827
CN,2019-11-28,10Y,3.1650
CN,2019-11-28,30Y,3.7838
CN,2019-11-29,2Y,2.6818
CN,2019-11-29,5Y,2.9755
CN,2019-11-29,10Y,3.1650
CN,2019-11-29,30Y,3.7718
CN,2019-12-02,2Y,2.7086
CN,2019-12-02,5Y,3.0065
CN,2019-12-02,10Y,3.2062
CN,2019-12-02,30Y,3.7985
CN,2019-12-03,2Y,2.6929
CN,2019-12-03,5Y,3.0047
CN,2019-12-03,10Y,3.1746
CN,2019-12-03,30Y,3.7848
CN,2019-12-04,2Y,2.6780
CN,2019-12-04,5Y,2.9769
CN,2019-12-04,10Y,3.1751
CN,2019-12-04,30Y,3.7748
CN,2019-12-05,2Y,2.6751
CN,2019-12-05,5Y,2.9768
CN,2019-12-05,10Y,3.1776
CN,2019-12-05,30Y,3.7808
CN,2019-12-06,2Y,2.7051
CN,2019-12-06,5Y,2.9870
CN,2019-12-06,10Y,3.1751
CN,2019-12-06,30Y,3.7856
CN,2019-12-09,2Y,2.7045
CN,2019-12-09,5Y,3.0028
CN,2019-12-09,10Y,3.1903
CN,2019-12-09,30Y,3.7932
CN,2019-12-10,2Y,2.7048
CN,2019-12-10,5Y,3.0036
CN,2019-12-10,10Y,3.1776
CN,2019-12-10,30Y,3.7834
CN,2019-12-11,2Y,2.7093
CN,2019-12-11,5Y,2.9883
CN,2019-12-11,10Y,3.1702
CN,2019-12-11,30Y,3.7787
CN,2019-12-12,2Y,2.6920
CN,2019-12-12,5Y,2.9839
CN,2019-12-12,10Y,3.1652
CN,2019-12-12,30Y,3.7784
CN,2019-12-13,2Y,2.6938
CN,2019-12-13,5Y,2.9920
CN,2019-12-13,10Y,3.1828
CN,2019-12-13,30Y,3.7904
CN,2019-12-16,2Y,2.7064
CN,2019-12-16,5Y,2.9927
CN,2019-12-16,10Y,3.1854
CN,2019-12-16,30Y,3.7956
CN,2019-12-17,2Y,2.7004
CN,2019-12-17,5Y,3.0105
CN,2019-12-17,10Y,3.2133
CN,2019-12-17,30Y,3.8200
CN,2019-12-18,2Y,2.6848
CN,2019-12-18,5Y,3.0099
CN,2019-12-18,10Y,3.2139
CN,2019-12-18,30Y,3.8271
CN,2019-12-19,2Y,2.6616
CN,2019-12-19,5Y,3.0002
CN,2019-12-19,10Y,3.2139
CN,2019-12-19,30Y,3.8202
CN,2019-12-20,2Y,2.6237
CN,2019-12-20,5Y,2.9678
CN,2019-12-20,10Y,3.1808
CN,2019-12-20,30Y,3.7813
CN,2019-12-23,2Y,2.5567
CN,2019-12-23,5Y,2.9428
CN,2019-12-23,10Y,3.1661
CN,2019-12-23,30Y,3.7569
CN,2019-12-24,2Y,2.5376
CN,2019-12-24,5Y,2.9288
CN,2019-12-24,10Y,3.1535
CN,2019-12-24,30Y,3.7440
CN,2019-12-25,2Y,2.5310
CN,2019-12-25,5Y,2.9236
CN,2019-12-25,10Y,3.1463
CN,2019-12-25,30Y,3.7307
CN,2019-12-26,2Y,2.5059
CN,2019-12-26,5Y,2.8881
CN,2019-12-26,10Y,3.1137
CN,2019-12-26,30Y,3.7052
CN,2019-12-27,2Y,2.4927
CN,2019-12-27,5Y,2.8851
CN,2019-12-27,10Y,3.1292
CN,2019-12-27,30Y,3.7114
CN,2019-12-30,2Y,2.4743
CN,2019-12-30,5Y,2.8872
CN,2019-12-30,10Y,3.1322
CN,2019-12-30,30Y,3.7207
CN,2019-12-31,2Y,2.4784
CN,2019-12-31,5Y,2.8897
CN,2019-12-31,10Y,3.1365
CN,2019-12-31,30Y,3.7149
CN,2020-01-02,2Y,2.5316
CN,2020-01-02,5Y,2.9156
CN,2020-01-02,10Y,3.1485
CN,2020-01-02,30Y,3.7324
CN,2020-01-03,2Y,2.5366
CN,2020-01-03,5Y,2.9353
CN,2020-01-03,10Y,3.1428
CN,2020-01-03,30Y,3.7265
CN,2020-01-06,2Y,2.5048
CN,2020-01-06,5Y,2.9059
CN,2020-01-06,10Y,3.1352
CN,2020-01-06,30Y,3.7160
CN,2020-01-07,2Y,2.4926
CN,2020-01-07,5Y,2.9179
CN,2020-01-07,10Y,3.1379
CN,2020-01-07,30Y,3.7213
CN,2020-01-08,2Y,2.5038
CN,2020-01-08,5Y,2.9020
CN,2020-01-08,10Y,3.1337
CN,2020-01-08,30Y,3.7122
CN,2020-01-09,2Y,2.5122
CN,2020-01-09,5Y,2.8961
CN,2020-01-09,10Y,3.1184
CN,2020-01-09,30Y,3.6973
CN,2020-01-10,2Y,2.5068
CN,2020-01-10,5Y,2.8643
CN,2020-01-10,10Y,3.0819
CN,2020-01-10,30Y,3.6686
CN,2020-01-13,2Y,2.5118
CN,2020-01-13,5Y,2.8703
CN,2020-01-13,10Y,3.0840
CN,2020-01-13,30Y,3.6682
CN,2020-01-14,2Y,2.5118
CN,2020-01-14,5Y,2.8936
CN,2020-01-14,10Y,3.0994
CN,2020-01-14,30Y,3.6804
CN,2020-01-15,2Y,2.5017
CN,2020-01-15,5Y,2.8890
CN,2020-01-15,10Y,3.0897
CN,2020-01-15,30Y,3.6783
CN,2020-01-16,2Y,2.5094
CN,2020-01-16,5Y,2.8867
CN,2020-01-16,10Y,3.0918
CN,2020-01-16,30Y,3.6783
CN,2020-01-17,2Y,2.5115
CN,2020-01-17,5Y,2.8697
CN,2020-01-17,10Y,3.0832
CN,2020-01-17,30Y,3.6687
CN,2020-01-19,2Y,2.5104
CN,2020-01-19,5Y,2.8699
CN,2020-01-19,10Y,3.0780
CN,2020-01-19,30Y,3.6687
CN,2020-01-20,2Y,2.4929
CN,2020-01-20,5Y,2.8592
CN,2020-01-20,10Y,3.0776
CN,2020-01-20,30Y,3.6588
CN,2020-01-21,2Y,2.4772
CN,2020-01-21,5Y,2.8174
CN,2020-01-21,10Y,3.0337
CN,2020-01-21,30Y,3.6036
CN,2020-01-22,2Y,2.4792
CN,2020-01-22,5Y,2.8242
CN,2020-01-22,10Y,3.0282
CN,2020-01-22,30Y,3.6146
CN,2020-01-23,2Y,2.4793
CN,2020-01-23,5Y,2.7883
CN,2020-01-23,10Y,2.9932
CN,2020-01-23,30Y,3.5746
CN,2020-02-03,2Y,2.3300
CN,2020-02-03,5Y,2.6269
CN,2020-02-03,10Y,2.8231
CN,2020-02-03,30Y,3.4252
CN,2020-02-04,2Y,2.3694
CN,2020-02-04,5Y,2.6399
CN,2020-02-04,10Y,2.8551
CN,2020-02-04,30Y,3.4488
CN,2020-02-05,2Y,2.3590
CN,2020-02-05,5Y,2.6348
CN,2020-02-05,10Y,2.8440
CN,2020-02-05,30Y,3.4460
CN,2020-02-06,2Y,2.3468
CN,2020-02-06,5Y,2.6353
CN,2020-02-06,10Y,2.8392
CN,2020-02-06,30Y,3.4437
CN,2020-02-07,2Y,2.3242
CN,2020-02-07,5Y,2.5917
CN,2020-02-07,10Y,2.8024
CN,2020-02-07,30Y,3.4059
CN,2020-02-10,2Y,2.3083
CN,2020-02-10,5Y,2.5642
CN,2020-02-10,10Y,2.7872
CN,2020-02-10,30Y,3.3993
CN,2020-02-11,2Y,2.3155
CN,2020-02-11,5Y,2.5956
CN,2020-02-11,10Y,2.8340
CN,2020-02-11,30Y,3.4363
CN,2020-02-12,2Y,2.2960
CN,2020-02-12,5Y,2.6067
CN,2020-02-12,10Y,2.8333
CN,2020-02-12,30Y,3.4389
CN,2020-02-13,2Y,2.2935
CN,2020-02-13,5Y,2.6076
CN,2020-02-13,10Y,2.8201
CN,2020-02-13,30Y,3.4320
CN,2020-02-14,2Y,2.3127
CN,2020-02-14,5Y,2.6229
CN,2020-02-14,10Y,2.8631
CN,2020-02-14,30Y,3.4659
CN,2020-02-17,2Y,2.3138
CN,2020-02-17,5Y,2.6545
CN,2020-02-17,10Y,2.8928
CN,2020-02-17,30Y,3.4998
CN,2020-02-18,2Y,2.2897
CN,2020-02-18,5Y,2.6473
CN,2020-02-18,10Y,2.8664
CN,2020-02-18,30Y,3.4748
CN,2020-02-19,2Y,2.3008
CN,2020-02-19,5Y,2.6545
CN,2020-02-19,10Y,2.8776
CN,2020-02-19,30Y,3.4748
CN,2020-02-20,2Y,2.3542
CN,2020-02-20,5Y,2.6834
CN,2020-02-20,10Y,2.8857
CN,2020-02-20,30Y,3.4999
CN,2020-02-21,2Y,2.3063
CN,2020-02-21,5Y,2.6634
CN,2020-02-21,10Y,2.8470
CN,2020-02-21,30Y,3.4600
CN,2020-02-24,2Y,2.2708
CN,2020-02-24,5Y,2.6311
CN,2020-02-24,10Y,2.8120
CN,2020-02-24,30Y,3.4309
CN,2020-02-25,2Y,2.2892
CN,2020-02-25,5Y,2.6384
CN,2020-02-25,10Y,2.8220
CN,2020-02-25,30Y,3.4421
CN,2020-02-26,2Y,2.2898
CN,2020-02-26,5Y,2.6283
CN,2020-02-26,10Y,2.7973
CN,2020-02-26,30Y,3.4271
CN,2020-02-27,2Y,2.2845
CN,2020-02-27,5Y,2.5953
CN,2020-02-27,10Y,2.7702
CN,2020-02-27,30Y,3.4040
CN,2020-02-28,2Y,2.2545
CN,2020-02-28,5Y,2.5266
CN,2020-02-28,10Y,2.7376
CN,2020-02-28,30Y,3.3726
CN,2020-03-02,2Y,2.2545
CN,2020-03-02,5Y,2.5372
CN,2020-03-02,10Y,2.7428
CN,2020-03-02,30Y,3.3836
CN,2020-03-03,2Y,2.2545
CN,2020-03-03,5Y,2.5315
CN,2020-03-03,10Y,2.7478
CN,2020-03-03,30Y,3.3846
CN,2020-03-04,2Y,2.2325
CN,2020-03-04,5Y,2.4843
CN,2020-03-04,10Y,2.6730
CN,2020-03-04,30Y,3.3425
CN,2020-03-05,2Y,2.2275
CN,2020-03-05,5Y,2.4918
CN,2020-03-05,10Y,2.6829
CN,2020-03-05,30Y,3.3530
CN,2020-03-06,2Y,2.1850
CN,2020-03-06,5Y,2.4575
CN,2020-03-06,10Y,2.6280
CN,2020-03-06,30Y,3.3061
CN,2020-03-09,2Y,2.1004
CN,2020-03-09,5Y,2.3606
CN,2020-03-09,10Y,2.5205
CN,2020-03-09,30Y,3.1449
CN,2020-03-10,2Y,2.1504
CN,2020-03-10,5Y,2.4591
CN,2020-03-10,10Y,2.6130
CN,2020-03-10,30Y,3.2398
CN,2020-03-11,2Y,2.1204
CN,2020-03-11,5Y,2.4539
CN,2020-03-11,10Y,2.6079
CN,2020-03-11,30Y,3.2118
CN,2020-03-12,2Y,2.1372
CN,2020-03-12,5Y,2.4769
CN,2020-03-12,10Y,2.6379
CN,2020-03-12,30Y,3.2277
CN,2020-03-13,2Y,2.1593
CN,2020-03-13,5Y,2.5381
CN,2020-03-13,10Y,2.6759
CN,2020-03-13,30Y,3.3002
CN,2020-03-16,2Y,2.1940
CN,2020-03-16,5Y,2.5224
CN,2020-03-16,10Y,2.6758
CN,2020-03-16,30Y,3.2832
CN,2020-03-17,2Y,2.2090
CN,2020-03-17,5Y,2.5508
CN,2020-03-17,10Y,2.7135
CN,2020-03-17,30Y,3.3400
CN,2020-03-18,2Y,2.2090
CN,2020-03-18,5Y,2.5443
CN,2020-03-18,10Y,2.7136
CN,2020-03-18,30Y,3.3550
CN,2020-03-19,2Y,2.1959
CN,2020-03-19,5Y,2.5546
CN,2020-03-19,10Y,2.7299
CN,2020-03-19,30Y,3.3701
CN,2020-03-20,2Y,2.1716
CN,2020-03-20,5Y,2.5217
CN,2020-03-20,10Y,2.6815
CN,2020-03-20,30Y,3.3301
CN,2020-03-23,2Y,2.1266
CN,2020-03-23,5Y,2.4672
CN,2020-03-23,10Y,2.6315
CN,2020-03-23,30Y,3.2753
CN,2020-03-24,2Y,2.0654
CN,2020-03-24,5Y,2.4497
CN,2020-03-24,10Y,2.6289
CN,2020-03-24,30Y,3.2704
CN,2020-03-25,2Y,2.0259
CN,2020-03-25,5Y,2.4373
CN,2020-03-25,10Y,2.6289
CN,2020-03-25,30Y,3.2604
CN,2020-03-26,2Y,1.9664
CN,2020-03-26,5Y,2.3714
CN,2020-03-26,10Y,2.5940
CN,2020-03-26,30Y,3.2255
CN,2020-03-27,2Y,1.9855
CN,2020-03-27,5Y,2.4038
CN,2020-03-27,10Y,2.6090
CN,2020-03-27,30Y,3.2405
CN,2020-03-30,2Y,1.9547
CN,2020-03-30,5Y,2.3828
CN,2020-03-30,10Y,2.6142
CN,2020-03-30,30Y,3.2408
CN,2020-03-31,2Y,1.9053
CN,2020-03-31,5Y,2.3372
CN,2020-03-31,10Y,2.5899
CN,2020-03-31,30Y,3.2107
CN,2020-04-01,2Y,1.9062
CN,2020-04-01,5Y,2.3119
CN,2020-04-01,10Y,2.5550
CN,2020-04-01,30Y,3.1857
CN,2020-04-02,2Y,1.9102
CN,2020-04-02,5Y,2.3366
CN,2020-04-02,10Y,2.5854
CN,2020-04-02,30Y,3.2208
CN,2020-04-03,2Y,1.9311
CN,2020-04-03,5Y,2.3142
CN,2020-04-03,10Y,2.5965
CN,2020-04-03,30Y,3.2507
CN,2020-04-07,2Y,1.6829
CN,2020-04-07,5Y,2.1776
CN,2020-04-07,10Y,2.5112
CN,2020-04-07,30Y,3.1761
CN,2020-04-08,2Y,1.5452
CN,2020-04-08,5Y,2.0454
CN,2020-04-08,10Y,2.4824
CN,2020-04-08,30Y,3.1610
CN,2020-04-09,2Y,1.6096
CN,2020-04-09,5Y,2.0776
CN,2020-04-09,10Y,2.5226
CN,2020-04-09,30Y,3.2313
CN,2020-04-10,2Y,1.6609
CN,2020-04-10,5Y,2.1150
CN,2020-04-10,10Y,2.5403
CN,2020-04-10,30Y,3.2710
CN,2020-04-13,2Y,1.6879
CN,2020-04-13,5Y,2.0717
CN,2020-04-13,10Y,2.5658
CN,2020-04-13,30Y,3.2762
CN,2020-04-14,2Y,1.6299
CN,2020-04-14,5Y,2.0423
CN,2020-04-14,10Y,2.5591
CN,2020-04-14,30Y,3.2835
CN,2020-04-15,2Y,1.5816
CN,2020-04-15,5Y,2.0280
CN,2020-04-15,10Y,2.5455
CN,2020-04-15,30Y,3.2911
CN,2020-04-16,2Y,1.5688
CN,2020-04-16,5Y,2.0236
CN,2020-04-16,10Y,2.5276
CN,2020-04-16,30Y,3.2765
CN,2020-04-17,2Y,1.5719
CN,2020-04-17,5Y,2.0293
CN,2020-04-17,10Y,2.5590
CN,2020-04-17,30Y,3.3060
CN,2020-04-20,2Y,1.5393
CN,2020-04-20,5Y,2.0262
CN,2020-04-20,10Y,2.5920
CN,2020-04-20,30Y,3.3753
CN,2020-04-21,2Y,1.4636
CN,2020-04-21,5Y,1.9871
CN,2020-04-21,10Y,2.5791
CN,2020-04-21,30Y,3.3610
CN,2020-04-22,2Y,1.3814
CN,2020-04-22,5Y,1.8665
CN,2020-04-22,10Y,2.5567
CN,2020-04-22,30Y,3.3412
CN,2020-04-23,2Y,1.3268
CN,2020-04-23,5Y,1.8372
CN,2020-04-23,10Y,2.5227
CN,2020-04-23,30Y,3.2916
CN,2020-04-24,2Y,1.3725
CN,2020-04-24,5Y,1.8385
CN,2020-04-24,10Y,2.5100
CN,2020-04-24,30Y,3.2817
CN,2020-04-26,2Y,1.3734
CN,2020-04-26,5Y,1.8424
CN,2020-04-26,10Y,2.5205
CN,2020-04-26,30Y,3.2842
CN,2020-04-27,2Y,1.3775
CN,2020-04-27,5Y,1.8633
CN,2020-04-27,10Y,2.5345
CN,2020-04-27,30Y,3.3043
CN,2020-04-28,2Y,1.3680
CN,2020-04-28,5Y,1.8463
CN,2020-04-28,10Y,2.5254
CN,2020-04-28,30Y,3.3019
CN,2020-04-29,2Y,1.3400
CN,2020-04-29,5Y,1.7903
CN,2020-04-29,10Y,2.5009
CN,2020-04-29,30Y,3.2870
CN,2020-04-30,2Y,1.3725
CN,2020-04-30,5Y,1.7886
CN,2020-04-30,10Y,2.5380
CN,2020-04-30,30Y,3.3242
CN,2020-05-06,2Y,1.4058
CN,2020-05-06,5Y,1.8361
CN,2020-05-06,10Y,2.5809
CN,2020-05-06,30Y,3.3669
CN,2020-05-07,2Y,1.4528
CN,2020-05-07,5Y,1.9260
CN,2020-05-07,10Y,2.6298
CN,2020-05-07,30Y,3.4063
CN,2020-05-08,2Y,1.4657
CN,2020-05-08,5Y,1.9362
CN,2020-05-08,10Y,2.6207
CN,2020-05-08,30Y,3.4063
CN,2020-05-09,2Y,1.4559
CN,2020-05-09,5Y,1.9468
CN,2020-05-09,10Y,2.6400
CN,2020-05-09,30Y,3.4213
CN,2020-05-11,2Y,1.5199
CN,2020-05-11,5Y,2.0187
CN,2020-05-11,10Y,2.6698
CN,2020-05-11,30Y,3.4564
CN,2020-05-12,2Y,1.5212
CN,2020-05-12,5Y,2.0247
CN,2020-05-12,10Y,2.6603
CN,2020-05-12,30Y,3.4514
CN,2020-05-13,2Y,1.5433
CN,2020-05-13,5Y,2.0510
CN,2020-05-13,10Y,2.7076
CN,2020-05-13,30Y,3.4802
CN,2020-05-14,2Y,1.5365
CN,2020-05-14,5Y,2.0131
CN,2020-05-14,10Y,2.6989
CN,2020-05-14,30Y,3.4890
CN,2020-05-15,2Y,1.5240
CN,2020-05-15,5Y,1.9702
CN,2020-05-15,10Y,2.6820
CN,2020-05-15,30Y,3.4963
CN,2020-05-18,2Y,1.5776
CN,2020-05-18,5Y,2.0592
CN,2020-05-18,10Y,2.7253
CN,2020-05-18,30Y,3.5434
CN,2020-05-19,2Y,1.6117
CN,2020-05-19,5Y,2.1163
CN,2020-05-19,10Y,2.7272
CN,2020-05-19,30Y,3.5362
CN,2020-05-20,2Y,1.6284
CN,2020-05-20,5Y,2.1278
CN,2020-05-20,10Y,2.6900
CN,2020-05-20,30Y,3.5118
CN,2020-05-21,2Y,1.6431
CN,2020-05-21,5Y,2.1576
CN,2020-05-21,10Y,2.6850
CN,2020-05-21,30Y,3.5072
CN,2020-05-22,2Y,1.5947
CN,2020-05-22,5Y,2.0450
CN,2020-05-22,10Y,2.6176
CN,2020-05-22,30Y,3.4434
CN,2020-05-25,2Y,1.6632
CN,2020-05-25,5Y,2.1377
CN,2020-05-25,10Y,2.6852
CN,2020-05-25,30Y,3.4934
CN,2020-05-26,2Y,1.7376
CN,2020-05-26,5Y,2.2295
CN,2020-05-26,10Y,2.7402
CN,2020-05-26,30Y,3.5283
CN,2020-05-27,2Y,1.8594
CN,2020-05-27,5Y,2.2956
CN,2020-05-27,10Y,2.7527
CN,2020-05-27,30Y,3.5181
CN,2020-05-28,2Y,1.8439
CN,2020-05-28,5Y,2.2562
CN,2020-05-28,10Y,2.7201
CN,2020-05-28,30Y,3.5033
CN,2020-05-29,2Y,1.8545
CN,2020-05-29,5Y,2.2241
CN,2020-05-29,10Y,2.7053
CN,2020-05-29,30Y,3.4934
CN,2020-06-01,2Y,1.8536
CN,2020-06-01,5Y,2.2369
CN,2020-06-01,10Y,2.7253
CN,2020-06-01,30Y,3.5035
CN,2020-06-02,2Y,2.0187
CN,2020-06-02,5Y,2.3658
CN,2020-06-02,10Y,2.7852
CN,2020-06-02,30Y,3.5584
CN,2020-06-03,2Y,2.1431
CN,2020-06-03,5Y,2.3720
CN,2020-06-03,10Y,2.7901
CN,2020-06-03,30Y,3.5685
CN,2020-06-04,2Y,2.2335
CN,2020-06-04,5Y,2.4656
CN,2020-06-04,10Y,2.8301
CN,2020-06-04,30Y,3.5934
CN,2020-06-05,2Y,2.2572
CN,2020-06-05,5Y,2.5258
CN,2020-06-05,10Y,2.8475
CN,2020-06-05,30Y,3.6034
CN,2020-06-08,2Y,2.2335
CN,2020-06-08,5Y,2.4969
CN,2020-06-08,10Y,2.8101
CN,2020-06-08,30Y,3.5837
CN,2020-06-09,2Y,2.2112
CN,2020-06-09,5Y,2.5002
CN,2020-06-09,10Y,2.8031
CN,2020-06-09,30Y,3.5863
CN,2020-06-10,2Y,2.2655
CN,2020-06-10,5Y,2.5134
CN,2020-06-10,10Y,2.8201
CN,2020-06-10,30Y,3.5837
CN,2020-06-11,2Y,2.2442
CN,2020-06-11,5Y,2.4818
CN,2020-06-11,10Y,2.7701
CN,2020-06-11,30Y,3.5236
CN,2020-06-12,2Y,2.2210
CN,2020-06-12,5Y,2.4690
CN,2020-06-12,10Y,2.7451
CN,2020-06-12,30Y,3.5012
CN,2020-06-15,2Y,2.2430
CN,2020-06-15,5Y,2.5118
CN,2020-06-15,10Y,2.7878
CN,2020-06-15,30Y,3.5236
CN,2020-06-16,2Y,2.2844
CN,2020-06-16,5Y,2.5993
CN,2020-06-16,10Y,2.8402
CN,2020-06-16,30Y,3.5736
CN,2020-06-17,2Y,2.3373
CN,2020-06-17,5Y,2.6455
CN,2020-06-17,10Y,2.8802
CN,2020-06-17,30Y,3.5972
CN,2020-06-18,2Y,2.3294
CN,2020-06-18,5Y,2.6136
CN,2020-06-18,10Y,2.8527
CN,2020-06-18,30Y,3.5836
CN,2020-06-19,2Y,2.3390
CN,2020-06-19,5Y,2.6227
CN,2020-06-19,10Y,2.8752
CN,2020-06-19,30Y,3.6112
CN,2020-06-22,2Y,2.3862
CN,2020-06-22,5Y,2.6681
CN,2020-06-22,10Y,2.9153
CN,2020-06-22,30Y,3.6260
CN,2020-06-23,2Y,2.4015
CN,2020-06-23,5Y,2.6517
CN,2020-06-23,10Y,2.9127
CN,2020-06-23,30Y,3.6235
CN,2020-06-24,2Y,2.3250
CN,2020-06-24,5Y,2.5861
CN,2020-06-24,10Y,2.8614
CN,2020-06-24,30Y,3.5888
CN,2020-06-28,2Y,2.2780
CN,2020-06-28,5Y,2.5723
CN,2020-06-28,10Y,2.8404
CN,2020-06-28,30Y,3.5740
CN,2020-06-29,2Y,2.2857
CN,2020-06-29,5Y,2.5910
CN,2020-06-29,10Y,2.8504
CN,2020-06-29,30Y,3.5916
CN,2020-06-30,2Y,2.2446
CN,2020-06-30,5Y,2.5542
CN,2020-06-30,10Y,2.8230
CN,2020-06-30,30Y,3.5591
CN,2020-07-01,2Y,2.2853
CN,2020-07-01,5Y,2.5976
CN,2020-07-01,10Y,2.8456
CN,2020-07-01,30Y,3.5766
CN,2020-07-02,2Y,2.2684
CN,2020-07-02,5Y,2.5753
CN,2020-07-02,10Y,2.8584
CN,2020-07-02,30Y,3.5790
CN,2020-07-03,2Y,2.2942
CN,2020-07-03,5Y,2.6084
CN,2020-07-03,10Y,2.8974
CN,2020-07-03,30Y,3.6139
CN,2020-07-06,2Y,2.4666
CN,2020-07-06,5Y,2.7510
CN,2020-07-06,10Y,2.9959
CN,2020-07-06,30Y,3.6887
CN,2020-07-07,2Y,2.4431
CN,2020-07-07,5Y,2.7925
CN,2020-07-07,10Y,3.0158
CN,2020-07-07,30Y,3.7087
CN,2020-07-08,2Y,2.5198
CN,2020-07-08,5Y,2.8522
CN,2020-07-08,10Y,3.0632
CN,2020-07-08,30Y,3.7435
CN,2020-07-09,2Y,2.5039
CN,2020-07-09,5Y,2.8995
CN,2020-07-09,10Y,3.0809
CN,2020-07-09,30Y,3.7687
CN,2020-07-10,2Y,2.5040
CN,2020-07-10,5Y,2.8423
CN,2020-07-10,10Y,3.0305
CN,2020-07-10,30Y,3.7439
CN,2020-07-13,2Y,2.5845
CN,2020-07-13,5Y,2.8905
CN,2020-07-13,10Y,3.0557
CN,2020-07-13,30Y,3.7590
CN,2020-07-14,2Y,2.5509
CN,2020-07-14,5Y,2.8272
CN,2020-07-14,10Y,3.0057
CN,2020-07-14,30Y,3.7370
CN,2020-07-15,2Y,2.4890
CN,2020-07-15,5Y,2.7402
CN,2020-07-15,10Y,2.9559
CN,2020-07-15,30Y,3.7048
CN,2020-07-16,2Y,2.4794
CN,2020-07-16,5Y,2.7133
CN,2020-07-16,10Y,2.9459
CN,2020-07-16,30Y,3.6949
CN,2020-07-17,2Y,2.4433
CN,2020-07-17,5Y,2.7022
CN,2020-07-17,10Y,2.9507
CN,2020-07-17,30Y,3.6998
CN,2020-07-20,2Y,2.4251
CN,2020-07-20,5Y,2.6700
CN,2020-07-20,10Y,2.9311
CN,2020-07-20,30Y,3.6953
CN,2020-07-21,2Y,2.4071
CN,2020-07-21,5Y,2.6326
CN,2020-07-21,10Y,2.9011
CN,2020-07-21,30Y,3.6653
CN,2020-07-22,2Y,2.3550
CN,2020-07-22,5Y,2.6253
CN,2020-07-22,10Y,2.8861
CN,2020-07-22,30Y,3.6402
CN,2020-07-23,2Y,2.3779
CN,2020-07-23,5Y,2.6379
CN,2020-07-23,10Y,2.9064
CN,2020-07-23,30Y,3.6600
CN,2020-07-24,2Y,2.3701
CN,2020-07-24,5Y,2.5999
CN,2020-07-24,10Y,2.8612
CN,2020-07-24,30Y,3.6000
CN,2020-07-27,2Y,2.3808
CN,2020-07-27,5Y,2.6284
CN,2020-07-27,10Y,2.8791
CN,2020-07-27,30Y,3.5973
CN,2020-07-28,2Y,2.4196
CN,2020-07-28,5Y,2.6762
CN,2020-07-28,10Y,2.9214
CN,2020-07-28,30Y,3.6449
CN,2020-07-29,2Y,2.4393
CN,2020-07-29,5Y,2.6829
CN,2020-07-29,10Y,2.9415
CN,2020-07-29,30Y,3.6645
CN,2020-07-30,2Y,2.4551
CN,2020-07-30,5Y,2.6794
CN,2020-07-30,10Y,2.9364
CN,2020-07-30,30Y,3.6648
CN,2020-07-31,2Y,2.4696
CN,2020-07-31,5Y,2.7022
CN,2020-07-31,10Y,2.9664
CN,2020-07-31,30Y,3.7031
CN,2020-08-03,2Y,2.4996
CN,2020-08-03,5Y,2.6845
CN,2020-08-03,10Y,2.9466
CN,2020-08-03,30Y,3.6945
CN,2020-08-04,2Y,2.5273
CN,2020-08-04,5Y,2.7007
CN,2020-08-04,10Y,2.9365
CN,2020-08-04,30Y,3.6945
CN,2020-08-05,2Y,2.5694
CN,2020-08-05,5Y,2.7638
CN,2020-08-05,10Y,2.9592
CN,2020-08-05,30Y,3.7180
CN,2020-08-06,2Y,2.6097
CN,2020-08-06,5Y,2.8211
CN,2020-08-06,10Y,2.9816
CN,2020-08-06,30Y,3.7498
CN,2020-08-07,2Y,2.6273
CN,2020-08-07,5Y,2.8311
CN,2020-08-07,10Y,2.9918
CN,2020-08-07,30Y,3.7685
CN,2020-08-10,2Y,2.6113
CN,2020-08-10,5Y,2.8060
CN,2020-08-10,10Y,2.9543
CN,2020-08-10,30Y,3.7255
CN,2020-08-11,2Y,2.6060
CN,2020-08-11,5Y,2.8267
CN,2020-08-11,10Y,2.9544
CN,2020-08-11,30Y,3.7198
CN,2020-08-12,2Y,2.6578
CN,2020-08-12,5Y,2.8650
CN,2020-08-12,10Y,2.9620
CN,2020-08-12,30Y,3.7293
CN,2020-08-13,2Y,2.6455
CN,2020-08-13,5Y,2.8397
CN,2020-08-13,10Y,2.9555
CN,2020-08-13,30Y,3.7198
CN,2020-08-14,2Y,2.6157
CN,2020-08-14,5Y,2.8209
CN,2020-08-14,10Y,2.9369
CN,2020-08-14,30Y,3.7021
CN,2020-08-17,2Y,2.6128
CN,2020-08-17,5Y,2.8106
CN,2020-08-17,10Y,2.9421
CN,2020-08-17,30Y,3.6949
CN,2020-08-18,2Y,2.6231
CN,2020-08-18,5Y,2.8458
CN,2020-08-18,10Y,2.9771
CN,2020-08-18,30Y,3.7189
CN,2020-08-19,2Y,2.6534
CN,2020-08-19,5Y,2.8844
CN,2020-08-19,10Y,2.9921
CN,2020-08-19,30Y,3.7342
CN,2020-08-20,2Y,2.6693
CN,2020-08-20,5Y,2.9115
CN,2020-08-20,10Y,2.9973
CN,2020-08-20,30Y,3.7448
CN,2020-08-21,2Y,2.6645
CN,2020-08-21,5Y,2.8754
CN,2020-08-21,10Y,2.9823
CN,2020-08-21,30Y,3.7112
CN,2020-08-24,2Y,2.6814
CN,2020-08-24,5Y,2.8976
CN,2020-08-24,10Y,2.9998
CN,2020-08-24,30Y,3.7296
CN,2020-08-25,2Y,2.7290
CN,2020-08-25,5Y,2.9454
CN,2020-08-25,10Y,3.0424
CN,2020-08-25,30Y,3.7501
CN,2020-08-26,2Y,2.7483
CN,2020-08-26,5Y,2.9751
CN,2020-08-26,10Y,3.0511
CN,2020-08-26,30Y,3.7549
CN,2020-08-27,2Y,2.7796
CN,2020-08-27,5Y,2.9820
CN,2020-08-27,10Y,3.0599
CN,2020-08-27,30Y,3.7643
CN,2020-08-28,2Y,2.7909
CN,2020-08-28,5Y,2.9902
CN,2020-08-28,10Y,3.0672
CN,2020-08-28,30Y,3.7748
CN,2020-08-31,2Y,2.7775
CN,2020-08-31,5Y,2.9549
CN,2020-08-31,10Y,3.0177
CN,2020-08-31,30Y,3.7343
CN,2020-09-01,2Y,2.7885
CN,2020-09-01,5Y,2.9811
CN,2020-09-01,10Y,3.0478
CN,2020-09-01,30Y,3.7603
CN,2020-09-02,2Y,2.8446
CN,2020-09-02,5Y,3.0526
CN,2020-09-02,10Y,3.1027
CN,2020-09-02,30Y,3.7812
CN,2020-09-03,2Y,2.8745
CN,2020-09-03,5Y,3.0842
CN,2020-09-03,10Y,3.1051
CN,2020-09-03,30Y,3.7814
CN,2020-09-04,2Y,2.8918
CN,2020-09-04,5Y,3.1008
CN,2020-09-04,10Y,3.1228
CN,2020-09-04,30Y,3.8030
CN,2020-09-07,2Y,2.9166
CN,2020-09-07,5Y,3.1074
CN,2020-09-07,10Y,3.1454
CN,2020-09-07,30Y,3.8320
CN,2020-09-08,2Y,2.8986
CN,2020-09-08,5Y,3.0846
CN,2020-09-08,10Y,3.1230
CN,2020-09-08,30Y,3.8204
CN,2020-09-09,2Y,2.8517
CN,2020-09-09,5Y,3.0323
CN,2020-09-09,10Y,3.0805
CN,2020-09-09,30Y,3.7891
CN,2020-09-10,2Y,2.7796
CN,2020-09-10,5Y,2.9990
CN,2020-09-10,10Y,3.0833
CN,2020-09-10,30Y,3.8128
CN,2020-09-11,2Y,2.8101
CN,2020-09-11,5Y,3.0371
CN,2020-09-11,10Y,3.1346
CN,2020-09-11,30Y,3.8234
CN,2020-09-14,2Y,2.8195
CN,2020-09-14,5Y,3.0608
CN,2020-09-14,10Y,3.1532
CN,2020-09-14,30Y,3.8291
CN,2020-09-15,2Y,2.7695
CN,2020-09-15,5Y,3.0008
CN,2020-09-15,10Y,3.1083
CN,2020-09-15,30Y,3.8100
CN,2020-09-16,2Y,2.7418
CN,2020-09-16,5Y,2.9944
CN,2020-09-16,10Y,3.1260
CN,2020-09-16,30Y,3.8276
CN,2020-09-17,2Y,2.7502
CN,2020-09-17,5Y,3.0157
CN,2020-09-17,10Y,3.1334
CN,2020-09-17,30Y,3.8251
CN,2020-09-18,2Y,2.7317
CN,2020-09-18,5Y,2.9710
CN,2020-09-18,10Y,3.1162
CN,2020-09-18,30Y,3.8301
CN,2020-09-21,2Y,2.6970
CN,2020-09-21,5Y,2.9414
CN,2020-09-21,10Y,3.0999
CN,2020-09-21,30Y,3.8153
CN,2020-09-22,2Y,2.7114
CN,2020-09-22,5Y,2.9374
CN,2020-09-22,10Y,3.0863
CN,2020-09-22,30Y,3.8053
CN,2020-09-23,2Y,2.7195
CN,2020-09-23,5Y,2.9433
CN,2020-09-23,10Y,3.0890
CN,2020-09-23,30Y,3.8103
CN,2020-09-24,2Y,2.7312
CN,2020-09-24,5Y,2.9550
CN,2020-09-24,10Y,3.0840
CN,2020-09-24,30Y,3.8029
CN,2020-09-25,2Y,2.7508
CN,2020-09-25,5Y,3.0015
CN,2020-09-25,10Y,3.1295
CN,2020-09-25,30Y,3.8329
CN,2020-09-27,2Y,2.7696
CN,2020-09-27,5Y,3.0086
CN,2020-09-27,10Y,3.1324
CN,2020-09-27,30Y,3.8305
CN,2020-09-28,2Y,2.7724
CN,2020-09-28,5Y,3.0007
CN,2020-09-28,10Y,3.1092
CN,2020-09-28,30Y,3.8205
CN,2020-09-29,2Y,2.7843
CN,2020-09-29,5Y,3.0245
CN,2020-09-29,10Y,3.1292
CN,2020-09-29,30Y,3.8330
CN,2020-09-30,2Y,2.7924
CN,2020-09-30,5Y,3.0537
CN,2020-09-30,10Y,3.1482
CN,2020-09-30,30Y,3.8481
CN,2020-10-09,2Y,2.8857
CN,2020-10-09,5Y,3.1147
CN,2020-10-09,10Y,3.1873
CN,2020-10-09,30Y,3.8834
CN,2020-10-10,2Y,2.8857
CN,2020-10-10,5Y,3.1144
CN,2020-10-10,10Y,3.1898
CN,2020-10-10,30Y,3.8822
CN,2020-10-12,2Y,2.8681
CN,2020-10-12,5Y,3.0893
CN,2020-10-12,10Y,3.1861
CN,2020-10-12,30Y,3.8709
CN,2020-10-13,2Y,2.8674
CN,2020-10-13,5Y,3.1072
CN,2020-10-13,10Y,3.1950
CN,2020-10-13,30Y,3.8835
CN,2020-10-14,2Y,2.9034
CN,2020-10-14,5Y,3.1393
CN,2020-10-14,10Y,3.2150
CN,2020-10-14,30Y,3.8985
CN,2020-10-15,2Y,2.9103
CN,2020-10-15,5Y,3.1655
CN,2020-10-15,10Y,3.2300
CN,2020-10-15,30Y,3.9035
CN,2020-10-16,2Y,2.9105
CN,2020-10-16,5Y,3.1557
CN,2020-10-16,10Y,3.2202
CN,2020-10-16,30Y,3.9086
CN,2020-10-19,2Y,2.9128
CN,2020-10-19,5Y,3.1310
CN,2020-10-19,10Y,3.2005
CN,2020-10-19,30Y,3.9012
CN,2020-10-20,2Y,2.9175
CN,2020-10-20,5Y,3.1196
CN,2020-10-20,10Y,3.1955
CN,2020-10-20,30Y,3.8963
CN,2020-10-21,2Y,2.8811
CN,2020-10-21,5Y,3.0400
CN,2020-10-21,10Y,3.1855
CN,2020-10-21,30Y,3.8888
CN,2020-10-22,2Y,2.8314
CN,2020-10-22,5Y,2.9800
CN,2020-10-22,10Y,3.1707
CN,2020-10-22,30Y,3.8713
CN,2020-10-23,2Y,2.8730
CN,2020-10-23,5Y,3.0000
CN,2020-10-23,10Y,3.1957
CN,2020-10-23,30Y,3.8888
CN,2020-10-26,2Y,2.8817
CN,2020-10-26,5Y,3.0077
CN,2020-10-26,10Y,3.1934
CN,2020-10-26,30Y,3.8864
CN,2020-10-27,2Y,2.8618
CN,2020-10-27,5Y,2.9702
CN,2020-10-27,10Y,3.1609
CN,2020-10-27,30Y,3.8615
CN,2020-10-28,2Y,2.8745
CN,2020-10-28,5Y,2.9953
CN,2020-10-28,10Y,3.1810
CN,2020-10-28,30Y,3.8715
CN,2020-10-29,2Y,2.8692
CN,2020-10-29,5Y,2.9904
CN,2020-10-29,10Y,3.1860
CN,2020-10-29,30Y,3.8740
CN,2020-10-30,2Y,2.8736
CN,2020-10-30,5Y,2.9755
CN,2020-10-30,10Y,3.1810
CN,2020-10-30,30Y,3.8615
CN,2020-11-02,2Y,2.8733
CN,2020-11-02,5Y,2.9757
CN,2020-11-02,10Y,3.1785
CN,2020-11-02,30Y,3.8465
CN,2020-11-03,2Y,2.8669
CN,2020-11-03,5Y,2.9633
CN,2020-11-03,10Y,3.1762
CN,2020-11-03,30Y,3.8465
CN,2020-11-04,2Y,2.8717
CN,2020-11-04,5Y,2.9761
CN,2020-11-04,10Y,3.1687
CN,2020-11-04,30Y,3.8340
CN,2020-11-05,2Y,2.8881
CN,2020-11-05,5Y,2.9986
CN,2020-11-05,10Y,3.1912
CN,2020-11-05,30Y,3.8541
CN,2020-11-06,2Y,2.9279
CN,2020-11-06,5Y,3.0341
CN,2020-11-06,10Y,3.2063
CN,2020-11-06,30Y,3.8716
CN,2020-11-09,2Y,2.9442
CN,2020-11-09,5Y,3.0572
CN,2020-11-09,10Y,3.2363
CN,2020-11-09,30Y,3.8916
CN,2020-11-10,2Y,2.9260
CN,2020-11-10,5Y,3.0426
CN,2020-11-10,10Y,3.2241
CN,2020-11-10,30Y,3.8867
CN,2020-11-11,2Y,2.9425
CN,2020-11-11,5Y,3.0528
CN,2020-11-11,10Y,3.2391
CN,2020-11-11,30Y,3.8942
CN,2020-11-12,2Y,2.9683
CN,2020-11-12,5Y,3.0832
CN,2020-11-12,10Y,3.2614
CN,2020-11-12,30Y,3.9016
CN,2020-11-13,2Y,2.9837
CN,2020-11-13,5Y,3.0984
CN,2020-11-13,10Y,3.2715
CN,2020-11-13,30Y,3.9066
CN,2020-11-16,2Y,2.9893
CN,2020-11-16,5Y,3.1039
CN,2020-11-16,10Y,3.2741
CN,2020-11-16,30Y,3.9041
CN,2020-11-17,2Y,3.0063
CN,2020-11-17,5Y,3.1242
CN,2020-11-17,10Y,3.2866
CN,2020-11-17,30Y,3.9116
CN,2020-11-18,2Y,3.0500
CN,2020-11-18,5Y,3.1670
CN,2020-11-18,10Y,3.3240
CN,2020-11-18,30Y,3.9289
CN,2020-11-19,2Y,3.0998
CN,2020-11-19,5Y,3.2145
CN,2020-11-19,10Y,3.3487
CN,2020-11-19,30Y,3.9412
CN,2020-11-20,2Y,3.1128
CN,2020-11-20,5Y,3.1910
CN,2020-11-20,10Y,3.3100
CN,2020-11-20,30Y,3.9316
CN,2020-11-23,2Y,3.0703
CN,2020-11-23,5Y,3.1337
CN,2020-11-23,10Y,3.2650
CN,2020-11-23,30Y,3.9018
CN,2020-11-24,2Y,3.0977
CN,2020-11-24,5Y,3.1691
CN,2020-11-24,10Y,3.2900
CN,2020-11-24,30Y,3.9041
CN,2020-11-25,2Y,3.0653
CN,2020-11-25,5Y,3.1340
CN,2020-11-25,10Y,3.2675
CN,2020-11-25,30Y,3.8867
CN,2020-11-26,2Y,3.0633
CN,2020-11-26,5Y,3.1420
CN,2020-11-26,10Y,3.2850
CN,2020-11-26,30Y,3.8992
CN,2020-11-27,2Y,3.0622
CN,2020-11-27,5Y,3.1522
CN,2020-11-27,10Y,3.3000
CN,2020-11-27,30Y,3.9041
CN,2020-11-30,2Y,2.9737
CN,2020-11-30,5Y,3.0708
CN,2020-11-30,10Y,3.2500
CN,2020-11-30,30Y,3.8668
CN,2020-12-01,2Y,2.9890
CN,2020-12-01,5Y,3.0915
CN,2020-12-01,10Y,3.2725
CN,2020-12-01,30Y,3.8817
CN,2020-12-02,2Y,3.0268
CN,2020-12-02,5Y,3.1250
CN,2020-12-02,10Y,3.2925
CN,2020-12-02,30Y,3.8942
CN,2020-12-03,2Y,3.0215
CN,2020-12-03,5Y,3.1305
CN,2020-12-03,10Y,3.2851
CN,2020-12-03,30Y,3.8816
CN,2020-12-04,2Y,3.0104
CN,2020-12-04,5Y,3.1156
CN,2020-12-04,10Y,3.2651
CN,2020-12-04,30Y,3.8566
CN,2020-12-07,2Y,3.0199
CN,2020-12-07,5Y,3.1261
CN,2020-12-07,10Y,3.2701
CN,2020-12-07,30Y,3.8545
CN,2020-12-08,2Y,2.9949
CN,2020-12-08,5Y,3.1121
CN,2020-12-08,10Y,3.2551
CN,2020-12-08,30Y,3.8313
CN,2020-12-09,2Y,2.9888
CN,2020-12-09,5Y,3.1257
CN,2020-12-09,10Y,3.2726
CN,2020-12-09,30Y,3.8234
CN,2020-12-10,2Y,2.9426
CN,2020-12-10,5Y,3.1050
CN,2020-12-10,10Y,3.2601
CN,2020-12-10,30Y,3.8262
CN,2020-12-11,2Y,2.9802
CN,2020-12-11,5Y,3.1403
CN,2020-12-11,10Y,3.2951
CN,2020-12-11,30Y,3.8434
CN,2020-12-14,2Y,2.9502
CN,2020-12-14,5Y,3.1260
CN,2020-12-14,10Y,3.2851
CN,2020-12-14,30Y,3.8383
CN,2020-12-15,2Y,2.9102
CN,2020-12-15,5Y,3.0989
CN,2020-12-15,10Y,3.2777
CN,2020-12-15,30Y,3.8361
CN,2020-12-16,2Y,2.8653
CN,2020-12-16,5Y,3.0802
CN,2020-12-16,10Y,3.2752
CN,2020-12-16,30Y,3.8361
CN,2020-12-17,2Y,2.8853
CN,2020-12-17,5Y,3.1025
CN,2020-12-17,10Y,3.2802
CN,2020-12-17,30Y,3.8412
CN,2020-12-18,2Y,2.8853
CN,2020-12-18,5Y,3.1100
CN,2020-12-18,10Y,3.2902
CN,2020-12-18,30Y,3.8283
CN,2020-12-21,2Y,2.8416
CN,2020-12-21,5Y,3.0735
CN,2020-12-21,10Y,3.2652
CN,2020-12-21,30Y,3.8185
CN,2020-12-22,2Y,2.8146
CN,2020-12-22,5Y,3.0353
CN,2020-12-22,10Y,3.2278
CN,2020-12-22,30Y,3.7862
CN,2020-12-23,2Y,2.7818
CN,2020-12-23,5Y,3.0237
CN,2020-12-23,10Y,3.2153
CN,2020-12-23,30Y,3.7839
CN,2020-12-24,2Y,2.7955
CN,2020-12-24,5Y,3.0439
CN,2020-12-24,10Y,3.2303
CN,2020-12-24,30Y,3.8014
CN,2020-12-25,2Y,2.7661
CN,2020-12-25,5Y,3.0030
CN,2020-12-25,10Y,3.1878
CN,2020-12-25,30Y,3.7743
CN,2020-12-28,2Y,2.7483
CN,2020-12-28,5Y,2.9953
CN,2020-12-28,10Y,3.1629
CN,2020-12-28,30Y,3.7571
CN,2020-12-29,2Y,2.7442
CN,2020-12-29,5Y,2.9879
CN,2020-12-29,10Y,3.1554
CN,2020-12-29,30Y,3.7445
CN,2020-12-30,2Y,2.6994
CN,2020-12-30,5Y,2.9310
CN,2020-12-30,10Y,3.1204
CN,2020-12-30,30Y,3.7172
CN,2020-12-31,2Y,2.7226
CN,2020-12-31,5Y,2.9512
CN,2020-12-31,10Y,3.1429
CN,2020-12-31,30Y,3.7268
CN,2021-01-04,2Y,2.7672
CN,2021-01-04,5Y,2.9961
CN,2021-01-04,10Y,3.1780
CN,2021-01-04,30Y,3.7593
CN,2021-01-05,2Y,2.7167
CN,2021-01-05,5Y,2.9459
CN,2021-01-05,10Y,3.1305
CN,2021-01-05,30Y,3.7222
CN,2021-01-06,2Y,2.6993
CN,2021-01-06,5Y,2.9335
CN,2021-01-06,10Y,3.1256
CN,2021-01-06,30Y,3.7197
CN,2021-01-07,2Y,2.6348
CN,2021-01-07,5Y,2.9252
CN,2021-01-07,10Y,3.1256
CN,2021-01-07,30Y,3.7198
CN,2021-01-08,2Y,2.6197
CN,2021-01-08,5Y,2.9471
CN,2021-01-08,10Y,3.1456
CN,2021-01-08,30Y,3.7372
CN,2021-01-11,2Y,2.6282
CN,2021-01-11,5Y,2.9682
CN,2021-01-11,10Y,3.1632
CN,2021-01-11,30Y,3.7496
CN,2021-01-12,2Y,2.5970
CN,2021-01-12,5Y,2.9452
CN,2021-01-12,10Y,3.1457
CN,2021-01-12,30Y,3.7398
CN,2021-01-13,2Y,2.5478
CN,2021-01-13,5Y,2.8987
CN,2021-01-13,10Y,3.1157
CN,2021-01-13,30Y,3.7201
CN,2021-01-14,2Y,2.5976
CN,2021-01-14,5Y,2.8950
CN,2021-01-14,10Y,3.1059
CN,2021-01-14,30Y,3.7076
CN,2021-01-15,2Y,2.6810
CN,2021-01-15,5Y,2.9634
CN,2021-01-15,10Y,3.1508
CN,2021-01-15,30Y,3.7423
CN,2021-01-18,2Y,2.7428
CN,2021-01-18,5Y,3.0078
CN,2021-01-18,10Y,3.1658
CN,2021-01-18,30Y,3.7496
CN,2021-01-19,2Y,2.7234
CN,2021-01-19,5Y,2.9930
CN,2021-01-19,10Y,3.1609
CN,2021-01-19,30Y,3.7472
CN,2021-01-20,2Y,2.6711
CN,2021-01-20,5Y,2.9584
CN,2021-01-20,10Y,3.1610
CN,2021-01-20,30Y,3.7369
CN,2021-01-21,2Y,2.6365
CN,2021-01-21,5Y,2.9244
CN,2021-01-21,10Y,3.1335
CN,2021-01-21,30Y,3.7198
CN,2021-01-22,2Y,2.6464
CN,2021-01-22,5Y,2.9373
CN,2021-01-22,10Y,3.1185
CN,2021-01-22,30Y,3.7156
CN,2021-01-25,2Y,2.6688
CN,2021-01-25,5Y,2.9558
CN,2021-01-25,10Y,3.1323
CN,2021-01-25,30Y,3.7199
CN,2021-01-26,2Y,2.7373
CN,2021-01-26,5Y,2.9990
CN,2021-01-26,10Y,3.1585
CN,2021-01-26,30Y,3.7371
CN,2021-01-27,2Y,2.7429
CN,2021-01-27,5Y,2.9942
CN,2021-01-27,10Y,3.1636
CN,2021-01-27,30Y,3.7344
CN,2021-01-28,2Y,2.7859
CN,2021-01-28,5Y,3.0330
CN,2021-01-28,10Y,3.1961
CN,2021-01-28,30Y,3.7514
CN,2021-01-29,2Y,2.8206
CN,2021-01-29,5Y,3.0006
CN,2021-01-29,10Y,3.1786
CN,2021-01-29,30Y,3.7391
CN,2021-02-01,2Y,2.7555
CN,2021-02-01,5Y,2.9899
CN,2021-02-01,10Y,3.1712
CN,2021-02-01,30Y,3.7342
CN,2021-02-02,2Y,2.7405
CN,2021-02-02,5Y,3.0102
CN,2021-02-02,10Y,3.1862
CN,2021-02-02,30Y,3.7415
CN,2021-02-03,2Y,2.8083
CN,2021-02-03,5Y,3.0547
CN,2021-02-03,10Y,3.2112
CN,2021-02-03,30Y,3.7588
CN,2021-02-04,2Y,2.8333
CN,2021-02-04,5Y,3.0851
CN,2021-02-04,10Y,3.2347
CN,2021-02-04,30Y,3.7711
CN,2021-02-05,2Y,2.8243
CN,2021-02-05,5Y,3.0695
CN,2021-02-05,10Y,3.2164
CN,2021-02-05,30Y,3.7715
CN,2021-02-07,2Y,2.8196
CN,2021-02-07,5Y,3.0775
CN,2021-02-07,10Y,3.2168
CN,2021-02-07,30Y,3.7664
CN,2021-02-08,2Y,2.8195
CN,2021-02-08,5Y,3.0922
CN,2021-02-08,10Y,3.2370
CN,2021-02-08,30Y,3.7787
CN,2021-02-09,2Y,2.7992
CN,2021-02-09,5Y,3.0731
CN,2021-02-09,10Y,3.2303
CN,2021-02-09,30Y,3.7686
CN,2021-02-10,2Y,2.8107
CN,2021-02-10,5Y,3.0824
CN,2021-02-10,10Y,3.2449
CN,2021-02-10,30Y,3.7760
CN,2021-02-18,2Y,2.8416
CN,2021-02-18,5Y,3.1158
CN,2021-02-18,10Y,3.2831
CN,2021-02-18,30Y,3.7982
CN,2021-02-19,2Y,2.7949
CN,2021-02-19,5Y,3.0790
CN,2021-02-19,10Y,3.2578
CN,2021-02-19,30Y,3.7809
CN,2021-02-20,2Y,2.7774
CN,2021-02-20,5Y,3.0783
CN,2021-02-20,10Y,3.2605
CN,2021-02-20,30Y,3.7834
CN,2021-02-22,2Y,2.7732
CN,2021-02-22,5Y,3.0938
CN,2021-02-22,10Y,3.2736
CN,2021-02-22,30Y,3.7984
CN,2021-02-23,2Y,2.7675
CN,2021-02-23,5Y,3.0846
CN,2021-02-23,10Y,3.2635
CN,2021-02-23,30Y,3.7987
CN,2021-02-24,2Y,2.7537
CN,2021-02-24,5Y,3.0738
CN,2021-02-24,10Y,3.2627
CN,2021-02-24,30Y,3.8038
CN,2021-02-25,2Y,2.7680
CN,2021-02-25,5Y,3.0934
CN,2021-02-25,10Y,3.2723
CN,2021-02-25,30Y,3.8087
CN,2021-02-26,2Y,2.7863
CN,2021-02-26,5Y,3.1050
CN,2021-02-26,10Y,3.2798
CN,2021-02-26,30Y,3.8111
CN,2021-03-01,2Y,2.7771
CN,2021-03-01,5Y,3.0805
CN,2021-03-01,10Y,3.2475
CN,2021-03-01,30Y,3.7761
CN,2021-03-02,2Y,2.7839
CN,2021-03-02,5Y,3.0867
CN,2021-03-02,10Y,3.2474
CN,2021-03-02,30Y,3.7761
CN,2021-03-03,2Y,2.8212
CN,2021-03-03,5Y,3.0913
CN,2021-03-03,10Y,3.2553
CN,2021-03-03,30Y,3.7785
CN,2021-03-04,2Y,2.8484
CN,2021-03-04,5Y,3.1078
CN,2021-03-04,10Y,3.2655
CN,2021-03-04,30Y,3.7833
CN,2021-03-05,2Y,2.8235
CN,2021-03-05,5Y,3.0874
CN,2021-03-05,10Y,3.2457
CN,2021-03-05,30Y,3.7633
CN,2021-03-08,2Y,2.8193
CN,2021-03-08,5Y,3.0898
CN,2021-03-08,10Y,3.2404
CN,2021-03-08,30Y,3.7609
CN,2021-03-09,2Y,2.8494
CN,2021-03-09,5Y,3.1015
CN,2021-03-09,10Y,3.2478
CN,2021-03-09,30Y,3.7633
CN,2021-03-10,2Y,2.8706
CN,2021-03-10,5Y,3.0860
CN,2021-03-10,10Y,3.2353
CN,2021-03-10,30Y,3.7610
CN,2021-03-11,2Y,2.8842
CN,2021-03-11,5Y,3.0949
CN,2021-03-11,10Y,3.2506
CN,2021-03-11,30Y,3.7582
CN,2021-03-12,2Y,2.8860
CN,2021-03-12,5Y,3.0999
CN,2021-03-12,10Y,3.2613
CN,2021-03-12,30Y,3.7631
CN,2021-03-15,2Y,2.8813
CN,2021-03-15,5Y,3.0999
CN,2021-03-15,10Y,3.2740
CN,2021-03-15,30Y,3.7705
CN,2021-03-16,2Y,2.8692
CN,2021-03-16,5Y,3.0699
CN,2021-03-16,10Y,3.2614
CN,2021-03-16,30Y,3.7605
CN,2021-03-17,2Y,2.8468
CN,2021-03-17,5Y,3.0635
CN,2021-03-17,10Y,3.2564
CN,2021-03-17,30Y,3.7504
CN,2021-03-18,2Y,2.8528
CN,2021-03-18,5Y,3.0687
CN,2021-03-18,10Y,3.2592
CN,2021-03-18,30Y,3.7428
CN,2021-03-19,2Y,2.8249
CN,2021-03-19,5Y,3.0540
CN,2021-03-19,10Y,3.2364
CN,2021-03-19,30Y,3.7304
CN,2021-03-22,2Y,2.8263
CN,2021-03-22,5Y,3.0420
CN,2021-03-22,10Y,3.2309
CN,2021-03-22,30Y,3.7255
CN,2021-03-23,2Y,2.8213
CN,2021-03-23,5Y,3.0324
CN,2021-03-23,10Y,3.2105
CN,2021-03-23,30Y,3.7182
CN,2021-03-24,2Y,2.7913
CN,2021-03-24,5Y,3.0101
CN,2021-03-24,10Y,3.1930
CN,2021-03-24,30Y,3.7109
CN,2021-03-25,2Y,2.7816
CN,2021-03-25,5Y,3.0026
CN,2021-03-25,10Y,3.1882
CN,2021-03-25,30Y,3.7085
CN,2021-03-26,2Y,2.7975
CN,2021-03-26,5Y,3.0102
CN,2021-03-26,10Y,3.1985
CN,2021-03-26,30Y,3.7180
CN,2021-03-29,2Y,2.7937
CN,2021-03-29,5Y,3.0058
CN,2021-03-29,10Y,3.1962
CN,2021-03-29,30Y,3.7211
CN,2021-03-30,2Y,2.8012
CN,2021-03-30,5Y,3.0163
CN,2021-03-30,10Y,3.2060
CN,2021-03-30,30Y,3.7285
CN,2021-03-31,2Y,2.7637
CN,2021-03-31,5Y,2.9836
CN,2021-03-31,10Y,3.1887
CN,2021-03-31,30Y,3.7085
CN,2021-04-01,2Y,2.7778
CN,2021-04-01,5Y,2.9939
CN,2021-04-01,10Y,3.1960
CN,2021-04-01,30Y,3.7186
CN,2021-04-02,2Y,2.7654
CN,2021-04-02,5Y,2.9993
CN,2021-04-02,10Y,3.2013
CN,2021-04-02,30Y,3.7184
CN,2021-04-06,2Y,2.7827
CN,2021-04-06,5Y,3.0156
CN,2021-04-06,10Y,3.2087
CN,2021-04-06,30Y,3.7234
CN,2021-04-07,2Y,2.8166
CN,2021-04-07,5Y,3.0363
CN,2021-04-07,10Y,3.2215
CN,2021-04-07,30Y,3.7282
CN,2021-04-08,2Y,2.8148
CN,2021-04-08,5Y,3.0390
CN,2021-04-08,10Y,3.2221
CN,2021-04-08,30Y,3.7321
CN,2021-04-09,2Y,2.8098
CN,2021-04-09,5Y,3.0291
CN,2021-04-09,10Y,3.2121
CN,2021-04-09,30Y,3.7234
CN,2021-04-12,2Y,2.7923
CN,2021-04-12,5Y,3.0116
CN,2021-04-12,10Y,3.1948
CN,2021-04-12,30Y,3.7110
CN,2021-04-13,2Y,2.7531
CN,2021-04-13,5Y,2.9746
CN,2021-04-13,10Y,3.1626
CN,2021-04-13,30Y,3.6925
CN,2021-04-14,2Y,2.7681
CN,2021-04-14,5Y,2.9774
CN,2021-04-14,10Y,3.1651
CN,2021-04-14,30Y,3.6850
CN,2021-04-15,2Y,2.7581
CN,2021-04-15,5Y,2.9853
CN,2021-04-15,10Y,3.1728
CN,2021-04-15,30Y,3.6780
CN,2021-04-16,2Y,2.7481
CN,2021-04-16,5Y,2.9777
CN,2021-04-16,10Y,3.1631
CN,2021-04-16,30Y,3.6625
CN,2021-04-19,2Y,2.7431
CN,2021-04-19,5Y,2.9662
CN,2021-04-19,10Y,3.1559
CN,2021-04-19,30Y,3.6525
CN,2021-04-20,2Y,2.7231
CN,2021-04-20,5Y,2.9574
CN,2021-04-20,10Y,3.1554
CN,2021-04-20,30Y,3.6450
CN,2021-04-21,2Y,2.6981
CN,2021-04-21,5Y,2.9542
CN,2021-04-21,10Y,3.1530
CN,2021-04-21,30Y,3.6300
CN,2021-04-22,2Y,2.6981
CN,2021-04-22,5Y,2.9597
CN,2021-04-22,10Y,3.1614
CN,2021-04-22,30Y,3.6450
CN,2021-04-23,2Y,2.7031
CN,2021-04-23,5Y,2.9682
CN,2021-04-23,10Y,3.1719
CN,2021-04-23,30Y,3.6650
CN,2021-04-25,2Y,2.7081
CN,2021-04-25,5Y,2.9839
CN,2021-04-25,10Y,3.1841
CN,2021-04-25,30Y,3.6700
CN,2021-04-26,2Y,2.7181
CN,2021-04-26,5Y,3.0006
CN,2021-04-26,10Y,3.2024
CN,2021-04-26,30Y,3.6900
CN,2021-04-27,2Y,2.7140
CN,2021-04-27,5Y,3.0062
CN,2021-04-27,10Y,3.2078
CN,2021-04-27,30Y,3.6900
CN,2021-04-28,2Y,2.6940
CN,2021-04-28,5Y,2.9912
CN,2021-04-28,10Y,3.1979
CN,2021-04-28,30Y,3.6925
CN,2021-04-29,2Y,2.6740
CN,2021-04-29,5Y,2.9814
CN,2021-04-29,10Y,3.1872
CN,2021-04-29,30Y,3.6850
CN,2021-04-30,2Y,2.6564
CN,2021-04-30,5Y,2.9615
CN,2021-04-30,10Y,3.1640
CN,2021-04-30,30Y,3.6701
CN,2021-05-06,2Y,2.6439
CN,2021-05-06,5Y,2.9451
CN,2021-05-06,10Y,3.1507
CN,2021-05-06,30Y,3.6601
CN,2021-05-07,2Y,2.6214
CN,2021-05-07,5Y,2.9416
CN,2021-05-07,10Y,3.1589
CN,2021-05-07,30Y,3.6551
CN,2021-05-08,2Y,2.6206
CN,2021-05-08,5Y,2.9369
CN,2021-05-08,10Y,3.1582
CN,2021-05-08,30Y,3.6551
CN,2021-05-10,2Y,2.5956
CN,2021-05-10,5Y,2.9173
CN,2021-05-10,10Y,3.1460
CN,2021-05-10,30Y,3.6501
CN,2021-05-11,2Y,2.5731
CN,2021-05-11,5Y,2.9150
CN,2021-05-11,10Y,3.1380
CN,2021-05-11,30Y,3.6426
CN,2021-05-12,2Y,2.5981
CN,2021-05-12,5Y,2.9229
CN,2021-05-12,10Y,3.1310
CN,2021-05-12,30Y,3.6351
CN,2021-05-13,2Y,2.6181
CN,2021-05-13,5Y,2.9427
CN,2021-05-13,10Y,3.1366
CN,2021-05-13,30Y,3.6376
CN,2021-05-14,2Y,2.6181
CN,2021-05-14,5Y,2.9367
CN,2021-05-14,10Y,3.1422
CN,2021-05-14,30Y,3.6351
CN,2021-05-17,2Y,2.6383
CN,2021-05-17,5Y,2.9591
CN,2021-05-17,10Y,3.1524
CN,2021-05-17,30Y,3.6376
CN,2021-05-18,2Y,2.6333
CN,2021-05-18,5Y,2.9515
CN,2021-05-18,10Y,3.1457
CN,2021-05-18,30Y,3.6301
CN,2021-05-19,2Y,2.6133
CN,2021-05-19,5Y,2.9290
CN,2021-05-19,10Y,3.1298
CN,2021-05-19,30Y,3.6126
CN,2021-05-20,2Y,2.5883
CN,2021-05-20,5Y,2.9016
CN,2021-05-20,10Y,3.1001
CN,2021-05-20,30Y,3.5926
CN,2021-05-21,2Y,2.5733
CN,2021-05-21,5Y,2.8919
CN,2021-05-21,10Y,3.0876
CN,2021-05-21,30Y,3.5826
CN,2021-05-24,2Y,2.6031
CN,2021-05-24,5Y,2.8994
CN,2021-05-24,10Y,3.0850
CN,2021-05-24,30Y,3.5801
CN,2021-05-25,2Y,2.6164
CN,2021-05-25,5Y,2.8993
CN,2021-05-25,10Y,3.0850
CN,2021-05-25,30Y,3.5751
CN,2021-05-26,2Y,2.6046
CN,2021-05-26,5Y,2.8925
CN,2021-05-26,10Y,3.0600
CN,2021-05-26,30Y,3.5651
CN,2021-05-27,2Y,2.6205
CN,2021-05-27,5Y,2.9131
CN,2021-05-27,10Y,3.0725
CN,2021-05-27,30Y,3.5776
CN,2021-05-28,2Y,2.6356
CN,2021-05-28,5Y,2.9311
CN,2021-05-28,10Y,3.0825
CN,2021-05-28,30Y,3.5801
CN,2021-05-31,2Y,2.6578
CN,2021-05-31,5Y,2.9245
CN,2021-05-31,10Y,3.0450
CN,2021-05-31,30Y,3.5652
CN,2021-06-01,2Y,2.6493
CN,2021-06-01,5Y,2.9193
CN,2021-06-01,10Y,3.0400
CN,2021-06-01,30Y,3.5602
CN,2021-06-02,2Y,2.6695
CN,2021-06-02,5Y,2.9453
CN,2021-06-02,10Y,3.0650
CN,2021-06-02,30Y,3.5802
CN,2021-06-03,2Y,2.6610
CN,2021-06-03,5Y,2.9350
CN,2021-06-03,10Y,3.0550
CN,2021-06-03,30Y,3.5727
CN,2021-06-04,2Y,2.6922
CN,2021-06-04,5Y,2.9746
CN,2021-06-04,10Y,3.0925
CN,2021-06-04,30Y,3.6002
CN,2021-06-07,2Y,2.7245
CN,2021-06-07,5Y,2.9943
CN,2021-06-07,10Y,3.1100
CN,2021-06-07,30Y,3.6277
CN,2021-06-08,2Y,2.7252
CN,2021-06-08,5Y,3.0000
CN,2021-06-08,10Y,3.1100
CN,2021-06-08,30Y,3.6275
CN,2021-06-09,2Y,2.7525
CN,2021-06-09,5Y,2.9883
CN,2021-06-09,10Y,3.1051
CN,2021-06-09,30Y,3.6300
CN,2021-06-10,2Y,2.7421
CN,2021-06-10,5Y,2.9828
CN,2021-06-10,10Y,3.1000
CN,2021-06-10,30Y,3.6276
CN,2021-06-11,2Y,2.7493
CN,2021-06-11,5Y,3.0085
CN,2021-06-11,10Y,3.1276
CN,2021-06-11,30Y,3.6625
CN,2021-06-15,2Y,2.7507
CN,2021-06-15,5Y,3.0044
CN,2021-06-15,10Y,3.1176
CN,2021-06-15,30Y,3.6601
CN,2021-06-16,2Y,2.7548
CN,2021-06-16,5Y,3.0101
CN,2021-06-16,10Y,3.1301
CN,2021-06-16,30Y,3.6830
CN,2021-06-17,2Y,2.7539
CN,2021-06-17,5Y,3.0236
CN,2021-06-17,10Y,3.1401
CN,2021-06-17,30Y,3.7305
CN,2021-06-18,2Y,2.7333
CN,2021-06-18,5Y,2.9867
CN,2021-06-18,10Y,3.1202
CN,2021-06-18,30Y,3.6948
CN,2021-06-21,2Y,2.7200
CN,2021-06-21,5Y,2.9615
CN,2021-06-21,10Y,3.0953
CN,2021-06-21,30Y,3.6674
CN,2021-06-22,2Y,2.7200
CN,2021-06-22,5Y,2.9598
CN,2021-06-22,10Y,3.0877
CN,2021-06-22,30Y,3.6625
CN,2021-06-23,2Y,2.6949
CN,2021-06-23,5Y,2.9514
CN,2021-06-23,10Y,3.0853
CN,2021-06-23,30Y,3.6551
CN,2021-06-24,2Y,2.6776
CN,2021-06-24,5Y,2.9489
CN,2021-06-24,10Y,3.0828
CN,2021-06-24,30Y,3.6552
CN,2021-06-25,2Y,2.6655
CN,2021-06-25,5Y,2.9506
CN,2021-06-25,10Y,3.0827
CN,2021-06-25,30Y,3.6502
CN,2021-06-28,2Y,2.6699
CN,2021-06-28,5Y,2.9708
CN,2021-06-28,10Y,3.0903
CN,2021-06-28,30Y,3.6680
CN,2021-06-29,2Y,2.6728
CN,2021-06-29,5Y,2.9579
CN,2021-06-29,10Y,3.0853
CN,2021-06-29,30Y,3.6581
CN,2021-06-30,2Y,2.6608
CN,2021-06-30,5Y,2.9516
CN,2021-06-30,10Y,3.0778
CN,2021-06-30,30Y,3.6582
CN,2021-07-01,2Y,2.6597
CN,2021-07-01,5Y,2.9601
CN,2021-07-01,10Y,3.0878
CN,2021-07-01,30Y,3.6657
CN,2021-07-02,2Y,2.6518
CN,2021-07-02,5Y,2.9504
CN,2021-07-02,10Y,3.0803
CN,2021-07-02,30Y,3.6656
CN,2021-07-05,2Y,2.6306
CN,2021-07-05,5Y,2.9489
CN,2021-07-05,10Y,3.0754
CN,2021-07-05,30Y,3.6484
CN,2021-07-06,2Y,2.6351
CN,2021-07-06,5Y,2.9570
CN,2021-07-06,10Y,3.0854
CN,2021-07-06,30Y,3.6531
CN,2021-07-07,2Y,2.6366
CN,2021-07-07,5Y,2.9353
CN,2021-07-07,10Y,3.0554
CN,2021-07-07,30Y,3.6207
CN,2021-07-08,2Y,2.5605
CN,2021-07-08,5Y,2.8661
CN,2021-07-08,10Y,2.9830
CN,2021-07-08,30Y,3.5529
CN,2021-07-09,2Y,2.5764
CN,2021-07-09,5Y,2.8888
CN,2021-07-09,10Y,3.0105
CN,2021-07-09,30Y,3.5778
CN,2021-07-12,2Y,2.5156
CN,2021-07-12,5Y,2.7888
CN,2021-07-12,10Y,2.9431
CN,2021-07-12,30Y,3.5282
CN,2021-07-13,2Y,2.5228
CN,2021-07-13,5Y,2.7815
CN,2021-07-13,10Y,2.9256
CN,2021-07-13,30Y,3.5107
CN,2021-07-14,2Y,2.5114
CN,2021-07-14,5Y,2.7796
CN,2021-07-14,10Y,2.9356
CN,2021-07-14,30Y,3.5159
CN,2021-07-15,2Y,2.5195
CN,2021-07-15,5Y,2.8155
CN,2021-07-15,10Y,2.9557
CN,2021-07-15,30Y,3.5361
CN,2021-07-16,2Y,2.5079
CN,2021-07-16,5Y,2.7879
CN,2021-07-16,10Y,2.9432
CN,2021-07-16,30Y,3.5263
CN,2021-07-19,2Y,2.5088
CN,2021-07-19,5Y,2.7701
CN,2021-07-19,10Y,2.9483
CN,2021-07-19,30Y,3.5289
CN,2021-07-20,2Y,2.4948
CN,2021-07-20,5Y,2.7504
CN,2021-07-20,10Y,2.9258
CN,2021-07-20,30Y,3.5114
CN,2021-07-21,2Y,2.4904
CN,2021-07-21,5Y,2.7473
CN,2021-07-21,10Y,2.9184
CN,2021-07-21,30Y,3.5015
CN,2021-07-22,2Y,2.4958
CN,2021-07-22,5Y,2.7543
CN,2021-07-22,10Y,2.9284
CN,2021-07-22,30Y,3.5065
CN,2021-07-23,2Y,2.4727
CN,2021-07-23,5Y,2.7426
CN,2021-07-23,10Y,2.9134
CN,2021-07-23,30Y,3.4891
CN,2021-07-26,2Y,2.4299
CN,2021-07-26,5Y,2.7079
CN,2021-07-26,10Y,2.8711
CN,2021-07-26,30Y,3.4542
CN,2021-07-27,2Y,2.4618
CN,2021-07-27,5Y,2.7328
CN,2021-07-27,10Y,2.9110
CN,2021-07-27,30Y,3.4867
CN,2021-07-28,2Y,2.5065
CN,2021-07-28,5Y,2.7438
CN,2021-07-28,10Y,2.9312
CN,2021-07-28,30Y,3.5018
CN,2021-07-29,2Y,2.4927
CN,2021-07-29,5Y,2.7192
CN,2021-07-29,10Y,2.8840
CN,2021-07-29,30Y,3.4793
CN,2021-07-30,2Y,2.4520
CN,2021-07-30,5Y,2.6872
CN,2021-07-30,10Y,2.8363
CN,2021-07-30,30Y,3.4444
CN,2021-08-02,2Y,2.4332
CN,2021-08-02,5Y,2.6515
CN,2021-08-02,10Y,2.8212
CN,2021-08-02,30Y,3.4117
CN,2021-08-03,2Y,2.4532
CN,2021-08-03,5Y,2.6622
CN,2021-08-03,10Y,2.8337
CN,2021-08-03,30Y,3.4144
CN,2021-08-04,2Y,2.4850
CN,2021-08-04,5Y,2.6738
CN,2021-08-04,10Y,2.8338
CN,2021-08-04,30Y,3.4093
CN,2021-08-05,2Y,2.4561
CN,2021-08-05,5Y,2.6614
CN,2021-08-05,10Y,2.7988
CN,2021-08-05,30Y,3.3769
CN,2021-08-06,2Y,2.4660
CN,2021-08-06,5Y,2.6631
CN,2021-08-06,10Y,2.8139
CN,2021-08-06,30Y,3.3818
CN,2021-08-09,2Y,2.5218
CN,2021-08-09,5Y,2.7131
CN,2021-08-09,10Y,2.8615
CN,2021-08-09,30Y,3.4167
CN,2021-08-10,2Y,2.5297
CN,2021-08-10,5Y,2.7157
CN,2021-08-10,10Y,2.8766
CN,2021-08-10,30Y,3.4268
CN,2021-08-11,2Y,2.5400
CN,2021-08-11,5Y,2.7382
CN,2021-08-11,10Y,2.8841
CN,2021-08-11,30Y,3.4293
CN,2021-08-12,2Y,2.5215
CN,2021-08-12,5Y,2.7082
CN,2021-08-12,10Y,2.8566
CN,2021-08-12,30Y,3.4120
CN,2021-08-13,2Y,2.5303
CN,2021-08-13,5Y,2.7152
CN,2021-08-13,10Y,2.8792
CN,2021-08-13,30Y,3.4344
CN,2021-08-16,2Y,2.5353
CN,2021-08-16,5Y,2.7433
CN,2021-08-16,10Y,2.8943
CN,2021-08-16,30Y,3.4445
CN,2021-08-17,2Y,2.5257
CN,2021-08-17,5Y,2.7310
CN,2021-08-17,10Y,2.8819
CN,2021-08-17,30Y,3.4321
CN,2021-08-18,2Y,2.4923
CN,2021-08-18,5Y,2.7012
CN,2021-08-18,10Y,2.8494
CN,2021-08-18,30Y,3.4021
CN,2021-08-19,2Y,2.4860
CN,2021-08-19,5Y,2.6889
CN,2021-08-19,10Y,2.8395
CN,2021-08-19,30Y,3.3971
CN,2021-08-20,2Y,2.5005
CN,2021-08-20,5Y,2.7066
CN,2021-08-20,10Y,2.8520
CN,2021-08-20,30Y,3.4022
CN,2021-08-23,2Y,2.5001
CN,2021-08-23,5Y,2.7223
CN,2021-08-23,10Y,2.8672
CN,2021-08-23,30Y,3.4098
CN,2021-08-24,2Y,2.4935
CN,2021-08-24,5Y,2.7049
CN,2021-08-24,10Y,2.8522
CN,2021-08-24,30Y,3.3998
CN,2021-08-25,2Y,2.4954
CN,2021-08-25,5Y,2.6975
CN,2021-08-25,10Y,2.8547
CN,2021-08-25,30Y,3.4024
CN,2021-08-26,2Y,2.5141
CN,2021-08-26,5Y,2.7330
CN,2021-08-26,10Y,2.8848
CN,2021-08-26,30Y,3.4249
CN,2021-08-27,2Y,2.5012
CN,2021-08-27,5Y,2.7132
CN,2021-08-27,10Y,2.8698
CN,2021-08-27,30Y,3.4149
CN,2021-08-30,2Y,2.4897
CN,2021-08-30,5Y,2.6937
CN,2021-08-30,10Y,2.8505
CN,2021-08-30,30Y,3.4050
CN,2021-08-31,2Y,2.4911
CN,2021-08-31,5Y,2.6811
CN,2021-08-31,10Y,2.8450
CN,2021-08-31,30Y,3.4027
CN,2021-09-01,2Y,2.4738
CN,2021-09-01,5Y,2.6466
CN,2021-09-01,10Y,2.8226
CN,2021-09-01,30Y,3.3876
CN,2021-09-02,2Y,2.4779
CN,2021-09-02,5Y,2.6565
CN,2021-09-02,10Y,2.8301
CN,2021-09-02,30Y,3.3901
CN,2021-09-03,2Y,2.4774
CN,2021-09-03,5Y,2.6625
CN,2021-09-03,10Y,2.8327
CN,2021-09-03,30Y,3.3952
CN,2021-09-06,2Y,2.4978
CN,2021-09-06,5Y,2.6674
CN,2021-09-06,10Y,2.8354
CN,2021-09-06,30Y,3.3952
CN,2021-09-07,2Y,2.5175
CN,2021-09-07,5Y,2.6901
CN,2021-09-07,10Y,2.8604
CN,2021-09-07,30Y,3.4126
CN,2021-09-08,2Y,2.5241
CN,2021-09-08,5Y,2.7005
CN,2021-09-08,10Y,2.8705
CN,2021-09-08,30Y,3.4176
CN,2021-09-09,2Y,2.5195
CN,2021-09-09,5Y,2.7005
CN,2021-09-09,10Y,2.8730
CN,2021-09-09,30Y,3.4227
CN,2021-09-10,2Y,2.5082
CN,2021-09-10,5Y,2.7059
CN,2021-09-10,10Y,2.8656
CN,2021-09-10,30Y,3.4177
CN,2021-09-13,2Y,2.5381
CN,2021-09-13,5Y,2.7424
CN,2021-09-13,10Y,2.8908
CN,2021-09-13,30Y,3.4313
CN,2021-09-14,2Y,2.5386
CN,2021-09-14,5Y,2.7372
CN,2021-09-14,10Y,2.8858
CN,2021-09-14,30Y,3.4304
CN,2021-09-15,2Y,2.5509
CN,2021-09-15,5Y,2.7572
CN,2021-09-15,10Y,2.9009
CN,2021-09-15,30Y,3.4354
CN,2021-09-16,2Y,2.5517
CN,2021-09-16,5Y,2.7422
CN,2021-09-16,10Y,2.8885
CN,2021-09-16,30Y,3.4280
CN,2021-09-17,2Y,2.5185
CN,2021-09-17,5Y,2.7328
CN,2021-09-17,10Y,2.8785
CN,2021-09-17,30Y,3.4278
CN,2021-09-18,2Y,2.5222
CN,2021-09-18,5Y,2.7226
CN,2021-09-18,10Y,2.8717
CN,2021-09-18,30Y,3.4234
CN,2021-09-22,2Y,2.5210
CN,2021-09-22,5Y,2.7139
CN,2021-09-22,10Y,2.8639
CN,2021-09-22,30Y,3.4160
CN,2021-09-23,2Y,2.5121
CN,2021-09-23,5Y,2.7041
CN,2021-09-23,10Y,2.8565
CN,2021-09-23,30Y,3.4121
CN,2021-09-24,2Y,2.5109
CN,2021-09-24,5Y,2.7206
CN,2021-09-24,10Y,2.8719
CN,2021-09-24,30Y,3.4185
CN,2021-09-26,2Y,2.5110
CN,2021-09-26,5Y,2.7160
CN,2021-09-26,10Y,2.8797
CN,2021-09-26,30Y,3.4237
CN,2021-09-27,2Y,2.5114
CN,2021-09-27,5Y,2.7213
CN,2021-09-27,10Y,2.8825
CN,2021-09-27,30Y,3.4209
CN,2021-09-28,2Y,2.5174
CN,2021-09-28,5Y,2.7268
CN,2021-09-28,10Y,2.8769
CN,2021-09-28,30Y,3.4239
CN,2021-09-29,2Y,2.5031
CN,2021-09-29,5Y,2.7071
CN,2021-09-29,10Y,2.8646
CN,2021-09-29,30Y,3.4112
CN,2021-09-30,2Y,2.4912
CN,2021-09-30,5Y,2.7134
CN,2021-09-30,10Y,2.8776
CN,2021-09-30,30Y,3.4237
CN,2021-10-08,2Y,2.5225
CN,2021-10-08,5Y,2.7429
CN,2021-10-08,10Y,2.9131
CN,2021-10-08,30Y,3.4414
CN,2021-10-09,2Y,2.5240
CN,2021-10-09,5Y,2.7485
CN,2021-10-09,10Y,2.9186
CN,2021-10-09,30Y,3.4465
CN,2021-10-11,2Y,2.5555
CN,2021-10-11,5Y,2.7895
CN,2021-10-11,10Y,2.9580
CN,2021-10-11,30Y,3.4815
CN,2021-10-12,2Y,2.5589
CN,2021-10-12,5Y,2.7994
CN,2021-10-12,10Y,2.9657
CN,2021-10-12,30Y,3.4967
CN,2021-10-13,2Y,2.5764
CN,2021-10-13,5Y,2.8005
CN,2021-10-13,10Y,2.9578
CN,2021-10-13,30Y,3.4997
CN,2021-10-14,2Y,2.5794
CN,2021-10-14,5Y,2.8050
CN,2021-10-14,10Y,2.9581
CN,2021-10-14,30Y,3.5046
CN,2021-10-15,2Y,2.5847
CN,2021-10-15,5Y,2.8155
CN,2021-10-15,10Y,2.9683
CN,2021-10-15,30Y,3.5265
CN,2021-10-18,2Y,2.6585
CN,2021-10-18,5Y,2.8908
CN,2021-10-18,10Y,3.0426
CN,2021-10-18,30Y,3.5958
CN,2021-10-19,2Y,2.6467
CN,2021-10-19,5Y,2.8763
CN,2021-10-19,10Y,3.0102
CN,2021-10-19,30Y,3.5400
CN,2021-10-20,2Y,2.6270
CN,2021-10-20,5Y,2.8625
CN,2021-10-20,10Y,2.9978
CN,2021-10-20,30Y,3.5251
CN,2021-10-21,2Y,2.5891
CN,2021-10-21,5Y,2.8359
CN,2021-10-21,10Y,2.9702
CN,2021-10-21,30Y,3.5101
CN,2021-10-22,2Y,2.5920
CN,2021-10-22,5Y,2.8496
CN,2021-10-22,10Y,2.9953
CN,2021-10-22,30Y,3.5277
CN,2021-10-25,2Y,2.5848
CN,2021-10-25,5Y,2.8526
CN,2021-10-25,10Y,2.9879
CN,2021-10-25,30Y,3.5329
CN,2021-10-26,2Y,2.5803
CN,2021-10-26,5Y,2.8396
CN,2021-10-26,10Y,2.9780
CN,2021-10-26,30Y,3.5253
CN,2021-10-27,2Y,2.5814
CN,2021-10-27,5Y,2.8470
CN,2021-10-27,10Y,2.9781
CN,2021-10-27,30Y,3.5228
CN,2021-10-28,2Y,2.5795
CN,2021-10-28,5Y,2.8365
CN,2021-10-28,10Y,2.9682
CN,2021-10-28,30Y,3.5029
CN,2021-10-29,2Y,2.5858
CN,2021-10-29,5Y,2.8438
CN,2021-10-29,10Y,2.9732
CN,2021-10-29,30Y,3.4980
CN,2021-11-01,2Y,2.5724
CN,2021-11-01,5Y,2.8134
CN,2021-11-01,10Y,2.9435
CN,2021-11-01,30Y,3.4606
CN,2021-11-02,2Y,2.5627
CN,2021-11-02,5Y,2.7831
CN,2021-11-02,10Y,2.9259
CN,2021-11-02,30Y,3.4430
CN,2021-11-03,2Y,2.5586
CN,2021-11-03,5Y,2.7986
CN,2021-11-03,10Y,2.9385
CN,2021-11-03,30Y,3.4556
CN,2021-11-04,2Y,2.5489
CN,2021-11-04,5Y,2.7759
CN,2021-11-04,10Y,2.9261
CN,2021-11-04,30Y,3.4407
CN,2021-11-05,2Y,2.5189
CN,2021-11-05,5Y,2.7299
CN,2021-11-05,10Y,2.8911
CN,2021-11-05,30Y,3.4107
CN,2021-11-08,2Y,2.5209
CN,2021-11-08,5Y,2.7410
CN,2021-11-08,10Y,2.9013
CN,2021-11-08,30Y,3.4208
CN,2021-11-09,2Y,2.5262
CN,2021-11-09,5Y,2.7490
CN,2021-11-09,10Y,2.8988
CN,2021-11-09,30Y,3.4209
CN,2021-11-10,2Y,2.5350
CN,2021-11-10,5Y,2.7547
CN,2021-11-10,10Y,2.9139
CN,2021-11-10,30Y,3.4309
CN,2021-11-11,2Y,2.5378
CN,2021-11-11,5Y,2.7698
CN,2021-11-11,10Y,2.9365
CN,2021-11-11,30Y,3.4559
CN,2021-11-12,2Y,2.5366
CN,2021-11-12,5Y,2.7705
CN,2021-11-12,10Y,2.9391
CN,2021-11-12,30Y,3.4535
CN,2021-11-15,2Y,2.5303
CN,2021-11-15,5Y,2.7570
CN,2021-11-15,10Y,2.9269
CN,2021-11-15,30Y,3.4336
CN,2021-11-16,2Y,2.5232
CN,2021-11-16,5Y,2.7499
CN,2021-11-16,10Y,2.9244
CN,2021-11-16,30Y,3.4336
CN,2021-11-17,2Y,2.5230
CN,2021-11-17,5Y,2.7551
CN,2021-11-17,10Y,2.9295
CN,2021-11-17,30Y,3.4386
CN,2021-11-18,2Y,2.5189
CN,2021-11-18,5Y,2.7442
CN,2021-11-18,10Y,2.9146
CN,2021-11-18,30Y,3.4237
CN,2021-11-19,2Y,2.5281
CN,2021-11-19,5Y,2.7608
CN,2021-11-19,10Y,2.9302
CN,2021-11-19,30Y,3.4312
CN,2021-11-22,2Y,2.5117
CN,2021-11-22,5Y,2.7443
CN,2021-11-22,10Y,2.8876
CN,2021-11-22,30Y,3.4188
CN,2021-11-23,2Y,2.5152
CN,2021-11-23,5Y,2.7464
CN,2021-11-23,10Y,2.8875
CN,2021-11-23,30Y,3.4239
CN,2021-11-24,2Y,2.4999
CN,2021-11-24,5Y,2.7140
CN,2021-11-24,10Y,2.8600
CN,2021-11-24,30Y,3.3964
CN,2021-11-25,2Y,2.4947
CN,2021-11-25,5Y,2.7087
CN,2021-11-25,10Y,2.8550
CN,2021-11-25,30Y,3.3990
CN,2021-11-26,2Y,2.4739
CN,2021-11-26,5Y,2.6781
CN,2021-11-26,10Y,2.8200
CN,2021-11-26,30Y,3.3716
CN,2021-11-29,2Y,2.4913
CN,2021-11-29,5Y,2.6854
CN,2021-11-29,10Y,2.8250
CN,2021-11-29,30Y,3.3717
CN,2021-11-30,2Y,2.5028
CN,2021-11-30,5Y,2.6920
CN,2021-11-30,10Y,2.8250
CN,2021-11-30,30Y,3.3727
CN,2021-12-01,2Y,2.5144
CN,2021-12-01,5Y,2.7129
CN,2021-12-01,10Y,2.8401
CN,2021-12-01,30Y,3.3817
CN,2021-12-02,2Y,2.5206
CN,2021-12-02,5Y,2.7444
CN,2021-12-02,10Y,2.8601
CN,2021-12-02,30Y,3.3943
CN,2021-12-03,2Y,2.5364
CN,2021-12-03,5Y,2.7573
CN,2021-12-03,10Y,2.8701
CN,2021-12-03,30Y,3.3968
CN,2021-12-06,2Y,2.4951
CN,2021-12-06,5Y,2.7015
CN,2021-12-06,10Y,2.8176
CN,2021-12-06,30Y,3.3595
CN,2021-12-07,2Y,2.5249
CN,2021-12-07,5Y,2.7301
CN,2021-12-07,10Y,2.8451
CN,2021-12-07,30Y,3.3720
CN,2021-12-08,2Y,2.5318
CN,2021-12-08,5Y,2.7400
CN,2021-12-08,10Y,2.8551
CN,2021-12-08,30Y,3.3795
CN,2021-12-09,2Y,2.5290
CN,2021-12-09,5Y,2.7325
CN,2021-12-09,10Y,2.8526
CN,2021-12-09,30Y,3.3771
CN,2021-12-10,2Y,2.5182
CN,2021-12-10,5Y,2.7236
CN,2021-12-10,10Y,2.8426
CN,2021-12-10,30Y,3.3747
CN,2021-12-13,2Y,2.5160
CN,2021-12-13,5Y,2.7232
CN,2021-12-13,10Y,2.8552
CN,2021-12-13,30Y,3.3797
CN,2021-12-14,2Y,2.4895
CN,2021-12-14,5Y,2.7035
CN,2021-12-14,10Y,2.8477
CN,2021-12-14,30Y,3.3773
CN,2021-12-15,2Y,2.4774
CN,2021-12-15,5Y,2.7023
CN,2021-12-15,10Y,2.8502
CN,2021-12-15,30Y,3.3844
CN,2021-12-16,2Y,2.4860
CN,2021-12-16,5Y,2.7076
CN,2021-12-16,10Y,2.8577
CN,2021-12-16,30Y,3.3899
CN,2021-12-17,2Y,2.4770
CN,2021-12-17,5Y,2.7163
CN,2021-12-17,10Y,2.8512
CN,2021-12-17,30Y,3.3899
CN,2021-12-20,2Y,2.5014
CN,2021-12-20,5Y,2.7276
CN,2021-12-20,10Y,2.8533
CN,2021-12-20,30Y,3.3826
CN,2021-12-21,2Y,2.5091
CN,2021-12-21,5Y,2.7220
CN,2021-12-21,10Y,2.8508
CN,2021-12-21,30Y,3.3801
CN,2021-12-22,2Y,2.4893
CN,2021-12-22,5Y,2.7024
CN,2021-12-22,10Y,2.8303
CN,2021-12-22,30Y,3.3728
CN,2021-12-23,2Y,2.4703
CN,2021-12-23,5Y,2.6755
CN,2021-12-23,10Y,2.8143
CN,2021-12-23,30Y,3.3648
CN,2021-12-24,2Y,2.4819
CN,2021-12-24,5Y,2.6855
CN,2021-12-24,10Y,2.8203
CN,2021-12-24,30Y,3.3654
CN,2021-12-27,2Y,2.4662
CN,2021-12-27,5Y,2.6713
CN,2021-12-27,10Y,2.8128
CN,2021-12-27,30Y,3.3480
CN,2021-12-28,2Y,2.4589
CN,2021-12-28,5Y,2.6565
CN,2021-12-28,10Y,2.8004
CN,2021-12-28,30Y,3.3331
CN,2021-12-29,2Y,2.4168
CN,2021-12-29,5Y,2.6272
CN,2021-12-29,10Y,2.7854
CN,2021-12-29,30Y,3.3156
CN,2021-12-30,2Y,2.3751
CN,2021-12-30,5Y,2.6026
CN,2021-12-30,10Y,2.7654
CN,2021-12-30,30Y,3.3108
CN,2021-12-31,2Y,2.3722
CN,2021-12-31,5Y,2.6092
CN,2021-12-31,10Y,2.7754
CN,2021-12-31,30Y,3.3283
CN,2022-01-04,2Y,2.3595
CN,2022-01-04,5Y,2.6127
CN,2022-01-04,10Y,2.7855
CN,2022-01-04,30Y,3.3345
CN,2022-01-05,2Y,2.3766
CN,2022-01-05,5Y,2.6423
CN,2022-01-05,10Y,2.8045
CN,2022-01-05,30Y,3.3460
CN,2022-01-06,2Y,2.4000
CN,2022-01-06,5Y,2.6585
CN,2022-01-06,10Y,2.8205
CN,2022-01-06,30Y,3.3610
CN,2022-01-07,2Y,2.3965
CN,2022-01-07,5Y,2.6544
CN,2022-01-07,10Y,2.8181
CN,2022-01-07,30Y,3.3636
CN,2022-01-10,2Y,2.3738
CN,2022-01-10,5Y,2.6281
CN,2022-01-10,10Y,2.8056
CN,2022-01-10,30Y,3.3537
CN,2022-01-11,2Y,2.3387
CN,2022-01-11,5Y,2.6096
CN,2022-01-11,10Y,2.7957
CN,2022-01-11,30Y,3.3413
CN,2022-01-12,2Y,2.3396
CN,2022-01-12,5Y,2.6104
CN,2022-01-12,10Y,2.7957
CN,2022-01-12,30Y,3.3312
CN,2022-01-13,2Y,2.3620
CN,2022-01-13,5Y,2.6026
CN,2022-01-13,10Y,2.7858
CN,2022-01-13,30Y,3.3238
CN,2022-01-14,2Y,2.3658
CN,2022-01-14,5Y,2.6125
CN,2022-01-14,10Y,2.7935
CN,2022-01-14,30Y,3.3268
CN,2022-01-17,2Y,2.3372
CN,2022-01-17,5Y,2.5922
CN,2022-01-17,10Y,2.7860
CN,2022-01-17,30Y,3.3314
CN,2022-01-18,2Y,2.2717
CN,2022-01-18,5Y,2.4895
CN,2022-01-18,10Y,2.7415
CN,2022-01-18,30Y,3.2991
CN,2022-01-19,2Y,2.2234
CN,2022-01-19,5Y,2.4895
CN,2022-01-19,10Y,2.7314
CN,2022-01-19,30Y,3.3003
CN,2022-01-20,2Y,2.2107
CN,2022-01-20,5Y,2.4745
CN,2022-01-20,10Y,2.7271
CN,2022-01-20,30Y,3.2944
CN,2022-01-21,2Y,2.1542
CN,2022-01-21,5Y,2.4295
CN,2022-01-21,10Y,2.7100
CN,2022-01-21,30Y,3.2820
CN,2022-01-24,2Y,2.1222
CN,2022-01-24,5Y,2.3527
CN,2022-01-24,10Y,2.6751
CN,2022-01-24,30Y,3.2598
CN,2022-01-25,2Y,2.1613
CN,2022-01-25,5Y,2.4006
CN,2022-01-25,10Y,2.6979
CN,2022-01-25,30Y,3.2774
CN,2022-01-26,2Y,2.1910
CN,2022-01-26,5Y,2.4188
CN,2022-01-26,10Y,2.7146
CN,2022-01-26,30Y,3.2861
CN,2022-01-27,2Y,2.1811
CN,2022-01-27,5Y,2.4215
CN,2022-01-27,10Y,2.7348
CN,2022-01-27,30Y,3.2997
CN,2022-01-28,2Y,2.1411
CN,2022-01-28,5Y,2.3815
CN,2022-01-28,10Y,2.7021
CN,2022-01-28,30Y,3.2751
CN,2022-01-29,2Y,2.1275
CN,2022-01-29,5Y,2.3682
CN,2022-01-29,10Y,2.7013
CN,2022-01-29,30Y,3.2750
CN,2022-01-30,2Y,2.1317
CN,2022-01-30,5Y,2.3634
CN,2022-01-30,10Y,2.6997
CN,2022-01-30,30Y,3.2718
CN,2022-02-07,2Y,2.1697
CN,2022-02-07,5Y,2.4142
CN,2022-02-07,10Y,2.7256
CN,2022-02-07,30Y,3.2879
CN,2022-02-08,2Y,2.1888
CN,2022-02-08,5Y,2.4193
CN,2022-02-08,10Y,2.7227
CN,2022-02-08,30Y,3.2905
CN,2022-02-09,2Y,2.2015
CN,2022-02-09,5Y,2.4345
CN,2022-02-09,10Y,2.7328
CN,2022-02-09,30Y,3.2980
CN,2022-02-10,2Y,2.2069
CN,2022-02-10,5Y,2.4318
CN,2022-02-10,10Y,2.7328
CN,2022-02-10,30Y,3.2955
CN,2022-02-11,2Y,2.2708
CN,2022-02-11,5Y,2.5001
CN,2022-02-11,10Y,2.7891
CN,2022-02-11,30Y,3.3431
CN,2022-02-14,2Y,2.2781
CN,2022-02-14,5Y,2.5214
CN,2022-02-14,10Y,2.8018
CN,2022-02-14,30Y,3.3557
CN,2022-02-15,2Y,2.2699
CN,2022-02-15,5Y,2.5169
CN,2022-02-15,10Y,2.7968
CN,2022-02-15,30Y,3.3532
CN,2022-02-16,2Y,2.2602
CN,2022-02-16,5Y,2.4970
CN,2022-02-16,10Y,2.7892
CN,2022-02-16,30Y,3.3458
CN,2022-02-17,2Y,2.2420
CN,2022-02-17,5Y,2.4799
CN,2022-02-17,10Y,2.7799
CN,2022-02-17,30Y,3.3410
CN,2022-02-18,2Y,2.2571
CN,2022-02-18,5Y,2.5086
CN,2022-02-18,10Y,2.7975
CN,2022-02-18,30Y,3.3507
CN,2022-02-21,2Y,2.2923
CN,2022-02-21,5Y,2.5701
CN,2022-02-21,10Y,2.8300
CN,2022-02-21,30Y,3.3896
CN,2022-02-22,2Y,2.3138
CN,2022-02-22,5Y,2.6007
CN,2022-02-22,10Y,2.8200
CN,2022-02-22,30Y,3.3871
CN,2022-02-23,2Y,2.3024
CN,2022-02-23,5Y,2.5608
CN,2022-02-23,10Y,2.7900
CN,2022-02-23,30Y,3.3706
CN,2022-02-24,2Y,2.2947
CN,2022-02-24,5Y,2.5561
CN,2022-02-24,10Y,2.7875
CN,2022-02-24,30Y,3.3754
CN,2022-02-25,2Y,2.2617
CN,2022-02-25,5Y,2.5274
CN,2022-02-25,10Y,2.7750
CN,2022-02-25,30Y,3.3611
CN,2022-02-28,2Y,2.2558
CN,2022-02-28,5Y,2.5105
CN,2022-02-28,10Y,2.7750
CN,2022-02-28,30Y,3.3539
CN,2022-03-01,2Y,2.2686
CN,2022-03-01,5Y,2.5419
CN,2022-03-01,10Y,2.8025
CN,2022-03-01,30Y,3.3713
CN,2022-03-02,2Y,2.2847
CN,2022-03-02,5Y,2.5651
CN,2022-03-02,10Y,2.8175
CN,2022-03-02,30Y,3.3762
CN,2022-03-03,2Y,2.3098
CN,2022-03-03,5Y,2.5958
CN,2022-03-03,10Y,2.8300
CN,2022-03-03,30Y,3.3912
CN,2022-03-04,2Y,2.2974
CN,2022-03-04,5Y,2.5705
CN,2022-03-04,10Y,2.8125
CN,2022-03-04,30Y,3.3813
CN,2022-03-07,2Y,2.2902
CN,2022-03-07,5Y,2.5546
CN,2022-03-07,10Y,2.8126
CN,2022-03-07,30Y,3.3813
CN,2022-03-08,2Y,2.2634
CN,2022-03-08,5Y,2.5422
CN,2022-03-08,10Y,2.8276
CN,2022-03-08,30Y,3.3862
CN,2022-03-09,2Y,2.2854
CN,2022-03-09,5Y,2.5680
CN,2022-03-09,10Y,2.8426
CN,2022-03-09,30Y,3.4011
CN,2022-03-10,2Y,2.2959
CN,2022-03-10,5Y,2.5888
CN,2022-03-10,10Y,2.8502
CN,2022-03-10,30Y,3.4111
CN,2022-03-11,2Y,2.2787
CN,2022-03-11,5Y,2.5153
CN,2022-03-11,10Y,2.7902
CN,2022-03-11,30Y,3.3714
CN,2022-03-14,2Y,2.2511
CN,2022-03-14,5Y,2.4809
CN,2022-03-14,10Y,2.7677
CN,2022-03-14,30Y,3.3564
CN,2022-03-15,2Y,2.3072
CN,2022-03-15,5Y,2.5690
CN,2022-03-15,10Y,2.8177
CN,2022-03-15,30Y,3.3941
CN,2022-03-16,2Y,2.3220
CN,2022-03-16,5Y,2.5549
CN,2022-03-16,10Y,2.7952
CN,2022-03-16,30Y,3.3793
CN,2022-03-17,2Y,2.3212
CN,2022-03-17,5Y,2.5470
CN,2022-03-17,10Y,2.7876
CN,2022-03-17,30Y,3.3819
CN,2022-03-18,2Y,2.3000
CN,2022-03-18,5Y,2.5382
CN,2022-03-18,10Y,2.7927
CN,2022-03-18,30Y,3.3843
CN,2022-03-21,2Y,2.3193
CN,2022-03-21,5Y,2.5735
CN,2022-03-21,10Y,2.8127
CN,2022-03-21,30Y,3.3894
CN,2022-03-22,2Y,2.3424
CN,2022-03-22,5Y,2.6046
CN,2022-03-22,10Y,2.8302
CN,2022-03-22,30Y,3.3994
CN,2022-03-23,2Y,2.3454
CN,2022-03-23,5Y,2.6062
CN,2022-03-23,10Y,2.8302
CN,2022-03-23,30Y,3.3949
CN,2022-03-24,2Y,2.3331
CN,2022-03-24,5Y,2.5861
CN,2022-03-24,10Y,2.8052
CN,2022-03-24,30Y,3.3801
CN,2022-03-25,2Y,2.3235
CN,2022-03-25,5Y,2.5756
CN,2022-03-25,10Y,2.7972
CN,2022-03-25,30Y,3.3747
CN,2022-03-28,2Y,2.3352
CN,2022-03-28,5Y,2.5837
CN,2022-03-28,10Y,2.7903
CN,2022-03-28,30Y,3.3674
CN,2022-03-29,2Y,2.3434
CN,2022-03-29,5Y,2.5864
CN,2022-03-29,10Y,2.7853
CN,2022-03-29,30Y,3.3650
CN,2022-03-30,2Y,2.3182
CN,2022-03-30,5Y,2.5662
CN,2022-03-30,10Y,2.7703
CN,2022-03-30,30Y,3.3549
CN,2022-03-31,2Y,2.3092
CN,2022-03-31,5Y,2.5733
CN,2022-03-31,10Y,2.7878
CN,2022-03-31,30Y,3.3660
CN,2022-04-01,2Y,2.2717
CN,2022-04-01,5Y,2.5495
CN,2022-04-01,10Y,2.7743
CN,2022-04-01,30Y,3.3602
CN,2022-04-02,2Y,2.2671
CN,2022-04-02,5Y,2.5342
CN,2022-04-02,10Y,2.7714
CN,2022-04-02,30Y,3.3591
CN,2022-04-06,2Y,2.2592
CN,2022-04-06,5Y,2.5209
CN,2022-04-06,10Y,2.7604
CN,2022-04-06,30Y,3.3505
CN,2022-04-07,2Y,2.2399
CN,2022-04-07,5Y,2.5086
CN,2022-04-07,10Y,2.7394
CN,2022-04-07,30Y,3.3426
CN,2022-04-08,2Y,2.2553
CN,2022-04-08,5Y,2.5240
CN,2022-04-08,10Y,2.7529
CN,2022-04-08,30Y,3.3449
CN,2022-04-11,2Y,2.2939
CN,2022-04-11,5Y,2.5520
CN,2022-04-11,10Y,2.7680
CN,2022-04-11,30Y,3.3471
CN,2022-04-12,2Y,2.3053
CN,2022-04-12,5Y,2.5671
CN,2022-04-12,10Y,2.7705
CN,2022-04-12,30Y,3.3469
CN,2022-04-13,2Y,2.2834
CN,2022-04-13,5Y,2.5526
CN,2022-04-13,10Y,2.7631
CN,2022-04-13,30Y,3.3446
CN,2022-04-14,2Y,2.2617
CN,2022-04-14,5Y,2.5441
CN,2022-04-14,10Y,2.7656
CN,2022-04-14,30Y,3.3467
CN,2022-04-15,2Y,2.2380
CN,2022-04-15,5Y,2.5226
CN,2022-04-15,10Y,2.7578
CN,2022-04-15,30Y,3.3442
CN,2022-04-18,2Y,2.2835
CN,2022-04-18,5Y,2.5798
CN,2022-04-18,10Y,2.8107
CN,2022-04-18,30Y,3.3682
CN,2022-04-19,2Y,2.2923
CN,2022-04-19,5Y,2.5635
CN,2022-04-19,10Y,2.8208
CN,2022-04-19,30Y,3.3302
CN,2022-04-20,2Y,2.3236
CN,2022-04-20,5Y,2.5862
CN,2022-04-20,10Y,2.8330
CN,2022-04-20,30Y,3.3202
CN,2022-04-21,2Y,2.3125
CN,2022-04-21,5Y,2.5788
CN,2022-04-21,10Y,2.8259
CN,2022-04-21,30Y,3.3052
CN,2022-04-22,2Y,2.3258
CN,2022-04-22,5Y,2.6018
CN,2022-04-22,10Y,2.8409
CN,2022-04-22,30Y,3.3077
CN,2022-04-24,2Y,2.3251
CN,2022-04-24,5Y,2.6023
CN,2022-04-24,10Y,2.8335
CN,2022-04-24,30Y,3.3003
CN,2022-04-25,2Y,2.3009
CN,2022-04-25,5Y,2.5776
CN,2022-04-25,10Y,2.8160
CN,2022-04-25,30Y,3.2953
CN,2022-04-26,2Y,2.3114
CN,2022-04-26,5Y,2.5894
CN,2022-04-26,10Y,2.8260
CN,2022-04-26,30Y,3.2954
CN,2022-04-27,2Y,2.3338
CN,2022-04-27,5Y,2.6131
CN,2022-04-27,10Y,2.8411
CN,2022-04-27,30Y,3.3004
CN,2022-04-28,2Y,2.3677
CN,2022-04-28,5Y,2.6334
CN,2022-04-28,10Y,2.8486
CN,2022-04-28,30Y,3.3229
CN,2022-04-29,2Y,2.3471
CN,2022-04-29,5Y,2.6136
CN,2022-04-29,10Y,2.8386
CN,2022-04-29,30Y,3.3080
CN,2022-05-05,2Y,2.3449
CN,2022-05-05,5Y,2.6075
CN,2022-05-05,10Y,2.8282
CN,2022-05-05,30Y,3.3157
CN,2022-05-06,2Y,2.3528
CN,2022-05-06,5Y,2.6204
CN,2022-05-06,10Y,2.8273
CN,2022-05-06,30Y,3.3132
CN,2022-05-07,2Y,2.3455
CN,2022-05-07,5Y,2.6207
CN,2022-05-07,10Y,2.8263
CN,2022-05-07,30Y,3.3108
CN,2022-05-09,2Y,2.3309
CN,2022-05-09,5Y,2.6037
CN,2022-05-09,10Y,2.8154
CN,2022-05-09,30Y,3.2983
CN,2022-05-10,2Y,2.3045
CN,2022-05-10,5Y,2.5789
CN,2022-05-10,10Y,2.8089
CN,2022-05-10,30Y,3.2947
CN,2022-05-11,2Y,2.3218
CN,2022-05-11,5Y,2.5997
CN,2022-05-11,10Y,2.8240
CN,2022-05-11,30Y,3.3059
CN,2022-05-12,2Y,2.3029
CN,2022-05-12,5Y,2.5723
CN,2022-05-12,10Y,2.8055
CN,2022-05-12,30Y,3.2910
CN,2022-05-13,2Y,2.2971
CN,2022-05-13,5Y,2.5852
CN,2022-05-13,10Y,2.8140
CN,2022-05-13,30Y,3.3010
CN,2022-05-16,2Y,2.2837
CN,2022-05-16,5Y,2.5817
CN,2022-05-16,10Y,2.8216
CN,2022-05-16,30Y,3.3036
CN,2022-05-17,2Y,2.2693
CN,2022-05-17,5Y,2.5725
CN,2022-05-17,10Y,2.8178
CN,2022-05-17,30Y,3.3011
CN,2022-05-18,2Y,2.2439
CN,2022-05-18,5Y,2.5424
CN,2022-05-18,10Y,2.7801
CN,2022-05-18,30Y,3.2938
CN,2022-05-19,2Y,2.2546
CN,2022-05-19,5Y,2.5428
CN,2022-05-19,10Y,2.7774
CN,2022-05-19,30Y,3.2863
CN,2022-05-20,2Y,2.2718
CN,2022-05-20,5Y,2.5503
CN,2022-05-20,10Y,2.7900
CN,2022-05-20,30Y,3.2833
CN,2022-05-23,2Y,2.2465
CN,2022-05-23,5Y,2.5310
CN,2022-05-23,10Y,2.7675
CN,2022-05-23,30Y,3.2715
CN,2022-05-24,2Y,2.2542
CN,2022-05-24,5Y,2.5439
CN,2022-05-24,10Y,2.7650
CN,2022-05-24,30Y,3.2715
CN,2022-05-25,2Y,2.2588
CN,2022-05-25,5Y,2.5415
CN,2022-05-25,10Y,2.7575
CN,2022-05-25,30Y,3.2616
CN,2022-05-26,2Y,2.2208
CN,2022-05-26,5Y,2.4885
CN,2022-05-26,10Y,2.7100
CN,2022-05-26,30Y,3.2217
CN,2022-05-27,2Y,2.2171
CN,2022-05-27,5Y,2.4767
CN,2022-05-27,10Y,2.6974
CN,2022-05-27,30Y,3.2218
CN,2022-05-30,2Y,2.2345
CN,2022-05-30,5Y,2.5113
CN,2022-05-30,10Y,2.7225
CN,2022-05-30,30Y,3.2393
CN,2022-05-31,2Y,2.2682
CN,2022-05-31,5Y,2.5464
CN,2022-05-31,10Y,2.7426
CN,2022-05-31,30Y,3.2594
CN,2022-06-01,2Y,2.2762
CN,2022-06-01,5Y,2.5594
CN,2022-06-01,10Y,2.7551
CN,2022-06-01,30Y,3.2643
CN,2022-06-02,2Y,2.2815
CN,2022-06-02,5Y,2.5630
CN,2022-06-02,10Y,2.7601
CN,2022-06-02,30Y,3.2669
CN,2022-06-06,2Y,2.3200
CN,2022-06-06,5Y,2.5994
CN,2022-06-06,10Y,2.7776
CN,2022-06-06,30Y,3.2745
CN,2022-06-07,2Y,2.3081
CN,2022-06-07,5Y,2.5842
CN,2022-06-07,10Y,2.7576
CN,2022-06-07,30Y,3.2671
CN,2022-06-08,2Y,2.3049
CN,2022-06-08,5Y,2.5850
CN,2022-06-08,10Y,2.7661
CN,2022-06-08,30Y,3.2746
CN,2022-06-09,2Y,2.2890
CN,2022-06-09,5Y,2.5726
CN,2022-06-09,10Y,2.7576
CN,2022-06-09,30Y,3.2646
CN,2022-06-10,2Y,2.2908
CN,2022-06-10,5Y,2.5680
CN,2022-06-10,10Y,2.7526
CN,2022-06-10,30Y,3.2622
CN,2022-06-13,2Y,2.2987
CN,2022-06-13,5Y,2.5899
CN,2022-06-13,10Y,2.7652
CN,2022-06-13,30Y,3.2698
CN,2022-06-14,2Y,2.3008
CN,2022-06-14,5Y,2.5952
CN,2022-06-14,10Y,2.7702
CN,2022-06-14,30Y,3.2698
CN,2022-06-15,2Y,2.3090
CN,2022-06-15,5Y,2.6112
CN,2022-06-15,10Y,2.7827
CN,2022-06-15,30Y,3.2722
CN,2022-06-16,2Y,2.2992
CN,2022-06-16,5Y,2.5936
CN,2022-06-16,10Y,2.7728
CN,2022-06-16,30Y,3.2623
CN,2022-06-17,2Y,2.2838
CN,2022-06-17,5Y,2.5944
CN,2022-06-17,10Y,2.7752
CN,2022-06-17,30Y,3.2598
CN,2022-06-20,2Y,2.2976
CN,2022-06-20,5Y,2.6163
CN,2022-06-20,10Y,2.7853
CN,2022-06-20,30Y,3.2674
CN,2022-06-21,2Y,2.3129
CN,2022-06-21,5Y,2.6118
CN,2022-06-21,10Y,2.7853
CN,2022-06-21,30Y,3.2664
CN,2022-06-22,2Y,2.3057
CN,2022-06-22,5Y,2.6045
CN,2022-06-22,10Y,2.7773
CN,2022-06-22,30Y,3.2655
CN,2022-06-23,2Y,2.3012
CN,2022-06-23,5Y,2.6077
CN,2022-06-23,10Y,2.7803
CN,2022-06-23,30Y,3.2675
CN,2022-06-24,2Y,2.3089
CN,2022-06-24,5Y,2.6340
CN,2022-06-24,10Y,2.7978
CN,2022-06-24,30Y,3.2825
CN,2022-06-27,2Y,2.3582
CN,2022-06-27,5Y,2.6704
CN,2022-06-27,10Y,2.8329
CN,2022-06-27,30Y,3.2923
CN,2022-06-28,2Y,2.3709
CN,2022-06-28,5Y,2.6825
CN,2022-06-28,10Y,2.8414
CN,2022-06-28,30Y,3.2973
CN,2022-06-29,2Y,2.3137
CN,2022-06-29,5Y,2.6732
CN,2022-06-29,10Y,2.8294
CN,2022-06-29,30Y,3.2950
CN,2022-06-30,2Y,2.3048
CN,2022-06-30,5Y,2.6529
CN,2022-06-30,10Y,2.8205
CN,2022-06-30,30Y,3.2900
CN,2022-07-01,2Y,2.2908
CN,2022-07-01,5Y,2.6485
CN,2022-07-01,10Y,2.8255
CN,2022-07-01,30Y,3.2926
CN,2022-07-04,2Y,2.3360
CN,2022-07-04,5Y,2.6965
CN,2022-07-04,10Y,2.8445
CN,2022-07-04,30Y,3.3101
CN,2022-07-05,2Y,2.3516
CN,2022-07-05,5Y,2.6930
CN,2022-07-05,10Y,2.8333
CN,2022-07-05,30Y,3.3153
CN,2022-07-06,2Y,2.3504
CN,2022-07-06,5Y,2.6902
CN,2022-07-06,10Y,2.8356
CN,2022-07-06,30Y,3.3153
CN,2022-07-07,2Y,2.3311
CN,2022-07-07,5Y,2.6857
CN,2022-07-07,10Y,2.8356
CN,2022-07-07,30Y,3.3154
CN,2022-07-08,2Y,2.3405
CN,2022-07-08,5Y,2.6785
CN,2022-07-08,10Y,2.8384
CN,2022-07-08,30Y,3.3407
CN,2022-07-11,2Y,2.3155
CN,2022-07-11,5Y,2.6535
CN,2022-07-11,10Y,2.8266
CN,2022-07-11,30Y,3.3324
CN,2022-07-12,2Y,2.2985
CN,2022-07-12,5Y,2.6209
CN,2022-07-12,10Y,2.8117
CN,2022-07-12,30Y,3.3184
CN,2022-07-13,2Y,2.2862
CN,2022-07-13,5Y,2.6134
CN,2022-07-13,10Y,2.8067
CN,2022-07-13,30Y,3.3160
CN,2022-07-14,2Y,2.2620
CN,2022-07-14,5Y,2.5870
CN,2022-07-14,10Y,2.7907
CN,2022-07-14,30Y,3.2960
CN,2022-07-15,2Y,2.2540
CN,2022-07-15,5Y,2.5848
CN,2022-07-15,10Y,2.7857
CN,2022-07-15,30Y,3.2859
CN,2022-07-18,2Y,2.2574
CN,2022-07-18,5Y,2.5789
CN,2022-07-18,10Y,2.7837
CN,2022-07-18,30Y,3.2785
CN,2022-07-19,2Y,2.2630
CN,2022-07-19,5Y,2.5868
CN,2022-07-19,10Y,2.7859
CN,2022-07-19,30Y,3.2785
CN,2022-07-20,2Y,2.2488
CN,2022-07-20,5Y,2.5634
CN,2022-07-20,10Y,2.7710
CN,2022-07-20,30Y,3.2636
CN,2022-07-21,2Y,2.2390
CN,2022-07-21,5Y,2.5516
CN,2022-07-21,10Y,2.7635
CN,2022-07-21,30Y,3.2566
CN,2022-07-22,2Y,2.2514
CN,2022-07-22,5Y,2.5801
CN,2022-07-22,10Y,2.7870
CN,2022-07-22,30Y,3.2688
CN,2022-07-25,2Y,2.2384
CN,2022-07-25,5Y,2.5555
CN,2022-07-25,10Y,2.7790
CN,2022-07-25,30Y,3.2639
CN,2022-07-26,2Y,2.2085
CN,2022-07-26,5Y,2.5415
CN,2022-07-26,10Y,2.7700
CN,2022-07-26,30Y,3.2571
CN,2022-07-27,2Y,2.2043
CN,2022-07-27,5Y,2.5205
CN,2022-07-27,10Y,2.7701
CN,2022-07-27,30Y,3.2566
CN,2022-07-28,2Y,2.2365
CN,2022-07-28,5Y,2.5483
CN,2022-07-28,10Y,2.7850
CN,2022-07-28,30Y,3.2693
CN,2022-07-29,2Y,2.1886
CN,2022-07-29,5Y,2.5136
CN,2022-07-29,10Y,2.7560
CN,2022-07-29,30Y,3.2449
CN,2022-08-01,2Y,2.1429
CN,2022-08-01,5Y,2.4895
CN,2022-08-01,10Y,2.7292
CN,2022-08-01,30Y,3.2246
CN,2022-08-02,2Y,2.1312
CN,2022-08-02,5Y,2.4899
CN,2022-08-02,10Y,2.7314
CN,2022-08-02,30Y,3.2273
CN,2022-08-03,2Y,2.1034
CN,2022-08-03,5Y,2.4501
CN,2022-08-03,10Y,2.7218
CN,2022-08-03,30Y,3.2197
CN,2022-08-04,2Y,2.1047
CN,2022-08-04,5Y,2.4379
CN,2022-08-04,10Y,2.7192
CN,2022-08-04,30Y,3.2191
CN,2022-08-05,2Y,2.1150
CN,2022-08-05,5Y,2.4657
CN,2022-08-05,10Y,2.7339
CN,2022-08-05,30Y,3.2319
CN,2022-08-08,2Y,2.1376
CN,2022-08-08,5Y,2.4715
CN,2022-08-08,10Y,2.7409
CN,2022-08-08,30Y,3.2416
CN,2022-08-09,2Y,2.1872
CN,2022-08-09,5Y,2.4889
CN,2022-08-09,10Y,2.7400
CN,2022-08-09,30Y,3.2440
CN,2022-08-10,2Y,2.2074
CN,2022-08-10,5Y,2.4914
CN,2022-08-10,10Y,2.7366
CN,2022-08-10,30Y,3.2420
CN,2022-08-11,2Y,2.2189
CN,2022-08-11,5Y,2.4839
CN,2022-08-11,10Y,2.7317
CN,2022-08-11,30Y,3.2403
CN,2022-08-12,2Y,2.2197
CN,2022-08-12,5Y,2.4892
CN,2022-08-12,10Y,2.7347
CN,2022-08-12,30Y,3.2422
CN,2022-08-15,2Y,2.1068
CN,2022-08-15,5Y,2.3950
CN,2022-08-15,10Y,2.6582
CN,2022-08-15,30Y,3.1883
CN,2022-08-16,2Y,2.1285
CN,2022-08-16,5Y,2.3828
CN,2022-08-16,10Y,2.6346
CN,2022-08-16,30Y,3.1759
CN,2022-08-17,2Y,2.1191
CN,2022-08-17,5Y,2.3801
CN,2022-08-17,10Y,2.6124
CN,2022-08-17,30Y,3.1709
CN,2022-08-18,2Y,2.0900
CN,2022-08-18,5Y,2.3578
CN,2022-08-18,10Y,2.5800
CN,2022-08-18,30Y,3.1378
CN,2022-08-19,2Y,2.0999
CN,2022-08-19,5Y,2.3708
CN,2022-08-19,10Y,2.5875
CN,2022-08-19,30Y,3.1141
CN,2022-08-22,2Y,2.1217
CN,2022-08-22,5Y,2.3967
CN,2022-08-22,10Y,2.5925
CN,2022-08-22,30Y,3.0985
CN,2022-08-23,2Y,2.1305
CN,2022-08-23,5Y,2.4091
CN,2022-08-23,10Y,2.6075
CN,2022-08-23,30Y,3.1105
CN,2022-08-24,2Y,2.1334
CN,2022-08-24,5Y,2.4122
CN,2022-08-24,10Y,2.6100
CN,2022-08-24,30Y,3.1129
CN,2022-08-25,2Y,2.1524
CN,2022-08-25,5Y,2.4448
CN,2022-08-25,10Y,2.6390
CN,2022-08-25,30Y,3.1426
CN,2022-08-26,2Y,2.1504
CN,2022-08-26,5Y,2.4433
CN,2022-08-26,10Y,2.6430
CN,2022-08-26,30Y,3.1439
CN,2022-08-29,2Y,2.1140
CN,2022-08-29,5Y,2.4130
CN,2022-08-29,10Y,2.6225
CN,2022-08-29,30Y,3.1235
CN,2022-08-30,2Y,2.0972
CN,2022-08-30,5Y,2.4071
CN,2022-08-30,10Y,2.6130
CN,2022-08-30,30Y,3.1162
CN,2022-08-31,2Y,2.0969
CN,2022-08-31,5Y,2.4065
CN,2022-08-31,10Y,2.6225
CN,2022-08-31,30Y,3.1162
CN,2022-09-01,2Y,2.0879
CN,2022-09-01,5Y,2.3965
CN,2022-09-01,10Y,2.6125
CN,2022-09-01,30Y,3.1032
CN,2022-09-02,2Y,2.0769
CN,2022-09-02,5Y,2.4024
CN,2022-09-02,10Y,2.6226
CN,2022-09-02,30Y,3.1008
CN,2022-09-05,2Y,2.0469
CN,2022-09-05,5Y,2.3882
CN,2022-09-05,10Y,2.6180
CN,2022-09-05,30Y,3.0900
CN,2022-09-06,2Y,2.0488
CN,2022-09-06,5Y,2.3835
CN,2022-09-06,10Y,2.6140
CN,2022-09-06,30Y,3.0846
CN,2022-09-07,2Y,2.0607
CN,2022-09-07,5Y,2.3914
CN,2022-09-07,10Y,2.6215
CN,2022-09-07,30Y,3.0887
CN,2022-09-08,2Y,2.0629
CN,2022-09-08,5Y,2.3986
CN,2022-09-08,10Y,2.6256
CN,2022-09-08,30Y,3.0901
CN,2022-09-09,2Y,2.0753
CN,2022-09-09,5Y,2.4184
CN,2022-09-09,10Y,2.6350
CN,2022-09-09,30Y,3.0982
CN,2022-09-13,2Y,2.0782
CN,2022-09-13,5Y,2.4303
CN,2022-09-13,10Y,2.6427
CN,2022-09-13,30Y,3.1011
CN,2022-09-14,2Y,2.0837
CN,2022-09-14,5Y,2.4499
CN,2022-09-14,10Y,2.6625
CN,2022-09-14,30Y,3.1089
CN,2022-09-15,2Y,2.0890
CN,2022-09-15,5Y,2.4546
CN,2022-09-15,10Y,2.6625
CN,2022-09-15,30Y,3.1060
CN,2022-09-16,2Y,2.1123
CN,2022-09-16,5Y,2.4666
CN,2022-09-16,10Y,2.6730
CN,2022-09-16,30Y,3.1059
CN,2022-09-19,2Y,2.1030
CN,2022-09-19,5Y,2.4590
CN,2022-09-19,10Y,2.6750
CN,2022-09-19,30Y,3.1039
CN,2022-09-20,2Y,2.0885
CN,2022-09-20,5Y,2.4415
CN,2022-09-20,10Y,2.6640
CN,2022-09-20,30Y,3.1010
CN,2022-09-21,2Y,2.0842
CN,2022-09-21,5Y,2.4325
CN,2022-09-21,10Y,2.6451
CN,2022-09-21,30Y,3.0890
CN,2022-09-22,2Y,2.0646
CN,2022-09-22,5Y,2.4429
CN,2022-09-22,10Y,2.6501
CN,2022-09-22,30Y,3.0913
CN,2022-09-23,2Y,2.0677
CN,2022-09-23,5Y,2.4688
CN,2022-09-23,10Y,2.6802
CN,2022-09-23,30Y,3.1008
CN,2022-09-26,2Y,2.0976
CN,2022-09-26,5Y,2.5120
CN,2022-09-26,10Y,2.7154
CN,2022-09-26,30Y,3.1274
CN,2022-09-27,2Y,2.1077
CN,2022-09-27,5Y,2.5026
CN,2022-09-27,10Y,2.7051
CN,2022-09-27,30Y,3.1202
CN,2022-09-28,2Y,2.1073
CN,2022-09-28,5Y,2.5315
CN,2022-09-28,10Y,2.7401
CN,2022-09-28,30Y,3.1448
CN,2022-09-29,2Y,2.1386
CN,2022-09-29,5Y,2.5616
CN,2022-09-29,10Y,2.7501
CN,2022-09-29,30Y,3.1445
CN,2022-09-30,2Y,2.1364
CN,2022-09-30,5Y,2.5836
CN,2022-09-30,10Y,2.7601
CN,2022-09-30,30Y,3.1790
CN,2022-10-08,2Y,2.1228
CN,2022-10-08,5Y,2.5811
CN,2022-10-08,10Y,2.7626
CN,2022-10-08,30Y,3.1851
CN,2022-10-09,2Y,2.1023
CN,2022-10-09,5Y,2.5486
CN,2022-10-09,10Y,2.7452
CN,2022-10-09,30Y,3.1640
CN,2022-10-10,2Y,2.0922
CN,2022-10-10,5Y,2.5306
CN,2022-10-10,10Y,2.7402
CN,2022-10-10,30Y,3.1637
CN,2022-10-11,2Y,2.0908
CN,2022-10-11,5Y,2.5350
CN,2022-10-11,10Y,2.7426
CN,2022-10-11,30Y,3.1632
CN,2022-10-12,2Y,2.1008
CN,2022-10-12,5Y,2.5219
CN,2022-10-12,10Y,2.7352
CN,2022-10-12,30Y,3.1607
CN,2022-10-13,2Y,2.0963
CN,2022-10-13,5Y,2.5122
CN,2022-10-13,10Y,2.7252
CN,2022-10-13,30Y,3.1533
CN,2022-10-14,2Y,2.0770
CN,2022-10-14,5Y,2.4905
CN,2022-10-14,10Y,2.6977
CN,2022-10-14,30Y,3.1289
CN,2022-10-17,2Y,2.0795
CN,2022-10-17,5Y,2.4931
CN,2022-10-17,10Y,2.7002
CN,2022-10-17,30Y,3.1290
CN,2022-10-18,2Y,2.0829
CN,2022-10-18,5Y,2.4911
CN,2022-10-18,10Y,2.7002
CN,2022-10-18,30Y,3.1314
CN,2022-10-19,2Y,2.0812
CN,2022-10-19,5Y,2.4762
CN,2022-10-19,10Y,2.7052
CN,2022-10-19,30Y,3.1343
CN,2022-10-20,2Y,2.0887
CN,2022-10-20,5Y,2.4841
CN,2022-10-20,10Y,2.7175
CN,2022-10-20,30Y,3.1471
CN,2022-10-21,2Y,2.1054
CN,2022-10-21,5Y,2.4918
CN,2022-10-21,10Y,2.7278
CN,2022-10-21,30Y,3.1555
CN,2022-10-24,2Y,2.1026
CN,2022-10-24,5Y,2.4852
CN,2022-10-24,10Y,2.7153
CN,2022-10-24,30Y,3.1416
CN,2022-10-25,2Y,2.1120
CN,2022-10-25,5Y,2.5031
CN,2022-10-25,10Y,2.7278
CN,2022-10-25,30Y,3.1486
CN,2022-10-26,2Y,2.0954
CN,2022-10-26,5Y,2.4835
CN,2022-10-26,10Y,2.7025
CN,2022-10-26,30Y,3.1394
CN,2022-10-27,2Y,2.0886
CN,2022-10-27,5Y,2.4636
CN,2022-10-27,10Y,2.6953
CN,2022-10-27,30Y,3.1142
CN,2022-10-28,2Y,2.0808
CN,2022-10-28,5Y,2.4337
CN,2022-10-28,10Y,2.6653
CN,2022-10-28,30Y,3.0776
CN,2022-10-31,2Y,2.0782
CN,2022-10-31,5Y,2.4272
CN,2022-10-31,10Y,2.6433
CN,2022-10-31,30Y,3.0653
CN,2022-11-01,2Y,2.0908
CN,2022-11-01,5Y,2.4476
CN,2022-11-01,10Y,2.6629
CN,2022-11-01,30Y,3.0753
CN,2022-11-02,2Y,2.0964
CN,2022-11-02,5Y,2.4629
CN,2022-11-02,10Y,2.6854
CN,2022-11-02,30Y,3.0853
CN,2022-11-03,2Y,2.0926
CN,2022-11-03,5Y,2.4632
CN,2022-11-03,10Y,2.6776
CN,2022-11-03,30Y,3.0854
CN,2022-11-04,2Y,2.1092
CN,2022-11-04,5Y,2.4887
CN,2022-11-04,10Y,2.7023
CN,2022-11-04,30Y,3.1029
CN,2022-11-07,2Y,2.1264
CN,2022-11-07,5Y,2.4945
CN,2022-11-07,10Y,2.7003
CN,2022-11-07,30Y,3.1045
CN,2022-11-08,2Y,2.1463
CN,2022-11-08,5Y,2.4841
CN,2022-11-08,10Y,2.6853
CN,2022-11-08,30Y,3.1006
CN,2022-11-09,2Y,2.1595
CN,2022-11-09,5Y,2.4968
CN,2022-11-09,10Y,2.6953
CN,2022-11-09,30Y,3.1105
CN,2022-11-10,2Y,2.1716
CN,2022-11-10,5Y,2.5022
CN,2022-11-10,10Y,2.7028
CN,2022-11-10,30Y,3.1166
CN,2022-11-11,2Y,2.2008
CN,2022-11-11,5Y,2.5348
CN,2022-11-11,10Y,2.7354
CN,2022-11-11,30Y,3.1357
CN,2022-11-14,2Y,2.3391
CN,2022-11-14,5Y,2.6474
CN,2022-11-14,10Y,2.8354
CN,2022-11-14,30Y,3.2207
CN,2022-11-15,2Y,2.3457
CN,2022-11-15,5Y,2.6475
CN,2022-11-15,10Y,2.8155
CN,2022-11-15,30Y,3.2158
CN,2022-11-16,2Y,2.3839
CN,2022-11-16,5Y,2.6824
CN,2022-11-16,10Y,2.8329
CN,2022-11-16,30Y,3.2309
CN,2022-11-17,2Y,2.3583
CN,2022-11-17,5Y,2.6379
CN,2022-11-17,10Y,2.8026
CN,2022-11-17,30Y,3.2109
CN,2022-11-18,2Y,2.3490
CN,2022-11-18,5Y,2.6281
CN,2022-11-18,10Y,2.8250
CN,2022-11-18,30Y,3.2209
CN,2022-11-21,2Y,2.3409
CN,2022-11-21,5Y,2.6195
CN,2022-11-21,10Y,2.8180
CN,2022-11-21,30Y,3.2086
CN,2022-11-22,2Y,2.3299
CN,2022-11-22,5Y,2.6158
CN,2022-11-22,10Y,2.8276
CN,2022-11-22,30Y,3.2161
CN,2022-11-23,2Y,2.2889
CN,2022-11-23,5Y,2.5813
CN,2022-11-23,10Y,2.7975
CN,2022-11-23,30Y,3.1912
CN,2022-11-24,2Y,2.2730
CN,2022-11-24,5Y,2.5723
CN,2022-11-24,10Y,2.7950
CN,2022-11-24,30Y,3.1813
CN,2022-11-25,2Y,2.2871
CN,2022-11-25,5Y,2.6144
CN,2022-11-25,10Y,2.8300
CN,2022-11-25,30Y,3.2162
CN,2022-11-28,2Y,2.3114
CN,2022-11-28,5Y,2.6541
CN,2022-11-28,10Y,2.8600
CN,2022-11-28,30Y,3.2337
CN,2022-11-29,2Y,2.3519
CN,2022-11-29,5Y,2.7047
CN,2022-11-29,10Y,2.8800
CN,2022-11-29,30Y,3.2663
CN,2022-11-30,2Y,2.3602
CN,2022-11-30,5Y,2.6945
CN,2022-11-30,10Y,2.8850
CN,2022-11-30,30Y,3.2763
CN,2022-12-01,2Y,2.3354
CN,2022-12-01,5Y,2.6749
CN,2022-12-01,10Y,2.8600
CN,2022-12-01,30Y,3.2615
CN,2022-12-02,2Y,2.3327
CN,2022-12-02,5Y,2.6702
CN,2022-12-02,10Y,2.8676
CN,2022-12-02,30Y,3.2630
CN,2022-12-05,2Y,2.3442
CN,2022-12-05,5Y,2.6866
CN,2022-12-05,10Y,2.8902
CN,2022-12-05,30Y,3.2716
CN,2022-12-06,2Y,2.4026
CN,2022-12-06,5Y,2.7325
CN,2022-12-06,10Y,2.9152
CN,2022-12-06,30Y,3.2865
CN,2022-12-07,2Y,2.3896
CN,2022-12-07,5Y,2.7061
CN,2022-12-07,10Y,2.8702
CN,2022-12-07,30Y,3.2719
CN,2022-12-08,2Y,2.4022
CN,2022-12-08,5Y,2.6952
CN,2022-12-08,10Y,2.8853
CN,2022-12-08,30Y,3.2755
CN,2022-12-09,2Y,2.4278
CN,2022-12-09,5Y,2.7344
CN,2022-12-09,10Y,2.8903
CN,2022-12-09,30Y,3.2843
CN,2022-12-12,2Y,2.4350
CN,2022-12-12,5Y,2.7414
CN,2022-12-12,10Y,2.8902
CN,2022-12-12,30Y,3.2844
CN,2022-12-13,2Y,2.4937
CN,2022-12-13,5Y,2.7595
CN,2022-12-13,10Y,2.8952
CN,2022-12-13,30Y,3.2896
CN,2022-12-14,2Y,2.4294
CN,2022-12-14,5Y,2.6968
CN,2022-12-14,10Y,2.8655
CN,2022-12-14,30Y,3.2621
CN,2022-12-15,2Y,2.4319
CN,2022-12-15,5Y,2.7057
CN,2022-12-15,10Y,2.8829
CN,2022-12-15,30Y,3.2770
CN,2022-12-16,2Y,2.4274
CN,2022-12-16,5Y,2.7052
CN,2022-12-16,10Y,2.8856
CN,2022-12-16,30Y,3.2697
CN,2022-12-19,2Y,2.3974
CN,2022-12-19,5Y,2.6705
CN,2022-12-19,10Y,2.8632
CN,2022-12-19,30Y,3.2525
CN,2022-12-20,2Y,2.3973
CN,2022-12-20,5Y,2.6757
CN,2022-12-20,10Y,2.8732
CN,2022-12-20,30Y,3.2474
CN,2022-12-21,2Y,2.3973
CN,2022-12-21,5Y,2.6612
CN,2022-12-21,10Y,2.8606
CN,2022-12-21,30Y,3.2375
CN,2022-12-22,2Y,2.3772
CN,2022-12-22,5Y,2.6416
CN,2022-12-22,10Y,2.8503
CN,2022-12-22,30Y,3.2300
CN,2022-12-23,2Y,2.3497
CN,2022-12-23,5Y,2.6062
CN,2022-12-23,10Y,2.8251
CN,2022-12-23,30Y,3.2152
CN,2022-12-26,2Y,2.3672
CN,2022-12-26,5Y,2.6276
CN,2022-12-26,10Y,2.8378
CN,2022-12-26,30Y,3.2202
CN,2022-12-27,2Y,2.3972
CN,2022-12-27,5Y,2.6703
CN,2022-12-27,10Y,2.8657
CN,2022-12-27,30Y,3.2175
CN,2022-12-28,2Y,2.4064
CN,2022-12-28,5Y,2.6704
CN,2022-12-28,10Y,2.8503
CN,2022-12-28,30Y,3.2127
CN,2022-12-29,2Y,2.3520
CN,2022-12-29,5Y,2.6382
CN,2022-12-29,10Y,2.8376
CN,2022-12-29,30Y,3.1926
CN,2022-12-30,2Y,2.3522
CN,2022-12-30,5Y,2.6446
CN,2022-12-30,10Y,2.8353
CN,2022-12-30,30Y,3.1952
CN,2022-12-31,2Y,2.3522
CN,2022-12-31,5Y,2.6446
CN,2022-12-31,10Y,2.8353
CN,2022-12-31,30Y,3.1952
CN,2023-01-03,2Y,2.3251
CN,2023-01-03,5Y,2.6298
CN,2023-01-03,10Y,2.8228
CN,2023-01-03,30Y,3.1930
CN,2023-01-04,2Y,2.2961
CN,2023-01-04,5Y,2.6071
CN,2023-01-04,10Y,2.8103
CN,2023-01-04,30Y,3.1931
CN,2023-01-05,2Y,2.3168
CN,2023-01-05,5Y,2.6250
CN,2023-01-05,10Y,2.8304
CN,2023-01-05,30Y,3.2056
CN,2023-01-06,2Y,2.3428
CN,2023-01-06,5Y,2.6495
CN,2023-01-06,10Y,2.8328
CN,2023-01-06,30Y,3.2106
CN,2023-01-09,2Y,2.3654
CN,2023-01-09,5Y,2.6649
CN,2023-01-09,10Y,2.8428
CN,2023-01-09,30Y,3.2156
CN,2023-01-10,2Y,2.4016
CN,2023-01-10,5Y,2.7104
CN,2023-01-10,10Y,2.8602
CN,2023-01-10,30Y,3.2331
CN,2023-01-11,2Y,2.3709
CN,2023-01-11,5Y,2.6989
CN,2023-01-11,10Y,2.8603
CN,2023-01-11,30Y,3.2331
CN,2023-01-12,2Y,2.3677
CN,2023-01-12,5Y,2.6974
CN,2023-01-12,10Y,2.8778
CN,2023-01-12,30Y,3.2378
CN,2023-01-13,2Y,2.3790
CN,2023-01-13,5Y,2.7096
CN,2023-01-13,10Y,2.9010
CN,2023-01-13,30Y,3.2476
CN,2023-01-16,2Y,2.4164
CN,2023-01-16,5Y,2.7571
CN,2023-01-16,10Y,2.9167
CN,2023-01-16,30Y,3.2677
CN,2023-01-17,2Y,2.4013
CN,2023-01-17,5Y,2.7346
CN,2023-01-17,10Y,2.9017
CN,2023-01-17,30Y,3.2531
CN,2023-01-18,2Y,2.4262
CN,2023-01-18,5Y,2.7257
CN,2023-01-18,10Y,2.9222
CN,2023-01-18,30Y,3.2754
CN,2023-01-19,2Y,2.4159
CN,2023-01-19,5Y,2.7210
CN,2023-01-19,10Y,2.9145
CN,2023-01-19,30Y,3.2730
CN,2023-01-20,2Y,2.4273
CN,2023-01-20,5Y,2.7288
CN,2023-01-20,10Y,2.9331
CN,2023-01-20,30Y,3.2779
CN,2023-01-28,2Y,2.4312
CN,2023-01-28,5Y,2.7283
CN,2023-01-28,10Y,2.9341
CN,2023-01-28,30Y,3.2830
CN,2023-01-29,2Y,2.4235
CN,2023-01-29,5Y,2.7225
CN,2023-01-29,10Y,2.9219
CN,2023-01-29,30Y,3.2805
CN,2023-01-30,2Y,2.4359
CN,2023-01-30,5Y,2.7238
CN,2023-01-30,10Y,2.9133
CN,2023-01-30,30Y,3.2782
CN,2023-01-31,2Y,2.4193
CN,2023-01-31,5Y,2.7039
CN,2023-01-31,10Y,2.8977
CN,2023-01-31,30Y,3.2793
CN,2023-02-01,2Y,2.4330
CN,2023-02-01,5Y,2.7091
CN,2023-02-01,10Y,2.9101
CN,2023-02-01,30Y,3.2889
CN,2023-02-02,2Y,2.4184
CN,2023-02-02,5Y,2.6945
CN,2023-02-02,10Y,2.8970
CN,2023-02-02,30Y,3.2853
CN,2023-02-03,2Y,2.4196
CN,2023-02-03,5Y,2.6921
CN,2023-02-03,10Y,2.8943
CN,2023-02-03,30Y,3.2830
CN,2023-02-06,2Y,2.4397
CN,2023-02-06,5Y,2.7054
CN,2023-02-06,10Y,2.9017
CN,2023-02-06,30Y,3.2879
CN,2023-02-07,2Y,2.4400
CN,2023-02-07,5Y,2.6983
CN,2023-02-07,10Y,2.8964
CN,2023-02-07,30Y,3.2827
CN,2023-02-08,2Y,2.4510
CN,2023-02-08,5Y,2.7030
CN,2023-02-08,10Y,2.8973
CN,2023-02-08,30Y,3.2808
CN,2023-02-09,2Y,2.4372
CN,2023-02-09,5Y,2.6959
CN,2023-02-09,10Y,2.8912
CN,2023-02-09,30Y,3.2784
CN,2023-02-10,2Y,2.4380
CN,2023-02-10,5Y,2.6961
CN,2023-02-10,10Y,2.9003
CN,2023-02-10,30Y,3.2857
CN,2023-02-13,2Y,2.4368
CN,2023-02-13,5Y,2.6967
CN,2023-02-13,10Y,2.8943
CN,2023-02-13,30Y,3.2829
CN,2023-02-14,2Y,2.4341
CN,2023-02-14,5Y,2.6950
CN,2023-02-14,10Y,2.8914
CN,2023-02-14,30Y,3.2810
CN,2023-02-15,2Y,2.4370
CN,2023-02-15,5Y,2.6945
CN,2023-02-15,10Y,2.8918
CN,2023-02-15,30Y,3.2816
CN,2023-02-16,2Y,2.4389
CN,2023-02-16,5Y,2.6921
CN,2023-02-16,10Y,2.8907
CN,2023-02-16,30Y,3.2830
CN,2023-02-17,2Y,2.4472
CN,2023-02-17,5Y,2.6976
CN,2023-02-17,10Y,2.8920
CN,2023-02-17,30Y,3.2830
CN,2023-02-20,2Y,2.4860
CN,2023-02-20,5Y,2.7392
CN,2023-02-20,10Y,2.9170
CN,2023-02-20,30Y,3.2977
CN,2023-02-21,2Y,2.4923
CN,2023-02-21,5Y,2.7390
CN,2023-02-21,10Y,2.9190
CN,2023-02-21,30Y,3.3025
CN,2023-02-22,2Y,2.4830
CN,2023-02-22,5Y,2.7342
CN,2023-02-22,10Y,2.9175
CN,2023-02-22,30Y,3.3025
CN,2023-02-23,2Y,2.4947
CN,2023-02-23,5Y,2.7446
CN,2023-02-23,10Y,2.9220
CN,2023-02-23,30Y,3.3053
CN,2023-02-24,2Y,2.4920
CN,2023-02-24,5Y,2.7395
CN,2023-02-24,10Y,2.9126
CN,2023-02-24,30Y,3.3016
CN,2023-02-27,2Y,2.4942
CN,2023-02-27,5Y,2.7398
CN,2023-02-27,10Y,2.9117
CN,2023-02-27,30Y,3.3051
CN,2023-02-28,2Y,2.4885
CN,2023-02-28,5Y,2.7374
CN,2023-02-28,10Y,2.9017
CN,2023-02-28,30Y,3.3029
CN,2023-03-01,2Y,2.4682
CN,2023-03-01,5Y,2.7354
CN,2023-03-01,10Y,2.8977
CN,2023-03-01,30Y,3.3049
CN,2023-03-02,2Y,2.4753
CN,2023-03-02,5Y,2.7513
CN,2023-03-02,10Y,2.9111
CN,2023-03-02,30Y,3.3100
CN,2023-03-03,2Y,2.4647
CN,2023-03-03,5Y,2.7387
CN,2023-03-03,10Y,2.9026
CN,2023-03-03,30Y,3.3079
CN,2023-03-06,2Y,2.4473
CN,2023-03-06,5Y,2.7114
CN,2023-03-06,10Y,2.8826
CN,2023-03-06,30Y,3.2897
CN,2023-03-07,2Y,2.4320
CN,2023-03-07,5Y,2.7014
CN,2023-03-07,10Y,2.8726
CN,2023-03-07,30Y,3.2860
CN,2023-03-08,2Y,2.4403
CN,2023-03-08,5Y,2.7123
CN,2023-03-08,10Y,2.8828
CN,2023-03-08,30Y,3.2907
CN,2023-03-09,2Y,2.4374
CN,2023-03-09,5Y,2.7027
CN,2023-03-09,10Y,2.8752
CN,2023-03-09,30Y,3.2854
CN,2023-03-10,2Y,2.4308
CN,2023-03-10,5Y,2.6955
CN,2023-03-10,10Y,2.8627
CN,2023-03-10,30Y,3.2735
CN,2023-03-13,2Y,2.4381
CN,2023-03-13,5Y,2.7047
CN,2023-03-13,10Y,2.8703
CN,2023-03-13,30Y,3.2764
CN,2023-03-14,2Y,2.4316
CN,2023-03-14,5Y,2.6968
CN,2023-03-14,10Y,2.8652
CN,2023-03-14,30Y,3.2710
CN,2023-03-15,2Y,2.4329
CN,2023-03-15,5Y,2.6987
CN,2023-03-15,10Y,2.8652
CN,2023-03-15,30Y,3.2724
CN,2023-03-16,2Y,2.4246
CN,2023-03-16,5Y,2.6839
CN,2023-03-16,10Y,2.8552
CN,2023-03-16,30Y,3.2517
CN,2023-03-17,2Y,2.4134
CN,2023-03-17,5Y,2.6865
CN,2023-03-17,10Y,2.8602
CN,2023-03-17,30Y,3.2381
CN,2023-03-20,2Y,2.3896
CN,2023-03-20,5Y,2.6576
CN,2023-03-20,10Y,2.8504
CN,2023-03-20,30Y,3.2237
CN,2023-03-21,2Y,2.4025
CN,2023-03-21,5Y,2.6801
CN,2023-03-21,10Y,2.8604
CN,2023-03-21,30Y,3.2270
CN,2023-03-22,2Y,2.4050
CN,2023-03-22,5Y,2.6882
CN,2023-03-22,10Y,2.8577
CN,2023-03-22,30Y,3.2276
CN,2023-03-23,2Y,2.4080
CN,2023-03-23,5Y,2.6940
CN,2023-03-23,10Y,2.8652
CN,2023-03-23,30Y,3.2366
CN,2023-03-24,2Y,2.4078
CN,2023-03-24,5Y,2.7066
CN,2023-03-24,10Y,2.8676
CN,2023-03-24,30Y,3.2419
CN,2023-03-27,2Y,2.4068
CN,2023-03-27,5Y,2.6922
CN,2023-03-27,10Y,2.8551
CN,2023-03-27,30Y,3.2319
CN,2023-03-28,2Y,2.4148
CN,2023-03-28,5Y,2.7003
CN,2023-03-28,10Y,2.8556
CN,2023-03-28,30Y,3.2319
CN,2023-03-29,2Y,2.4101
CN,2023-03-29,5Y,2.6954
CN,2023-03-29,10Y,2.8532
CN,2023-03-29,30Y,3.2286
CN,2023-03-30,2Y,2.4106
CN,2023-03-30,5Y,2.7007
CN,2023-03-30,10Y,2.8603
CN,2023-03-30,30Y,3.2295
CN,2023-03-31,2Y,2.3918
CN,2023-03-31,5Y,2.6837
CN,2023-03-31,10Y,2.8528
CN,2023-03-31,30Y,3.2332
CN,2023-04-03,2Y,2.4009
CN,2023-04-03,5Y,2.6949
CN,2023-04-03,10Y,2.8604
CN,2023-04-03,30Y,3.2407
CN,2023-04-04,2Y,2.4041
CN,2023-04-04,5Y,2.6979
CN,2023-04-04,10Y,2.8584
CN,2023-04-04,30Y,3.2421
CN,2023-04-06,2Y,2.4104
CN,2023-04-06,5Y,2.7028
CN,2023-04-06,10Y,2.8605
CN,2023-04-06,30Y,3.2463
CN,2023-04-07,2Y,2.4082
CN,2023-04-07,5Y,2.6880
CN,2023-04-07,10Y,2.8464
CN,2023-04-07,30Y,3.2360
CN,2023-04-10,2Y,2.4099
CN,2023-04-10,5Y,2.6918
CN,2023-04-10,10Y,2.8455
CN,2023-04-10,30Y,3.2347
CN,2023-04-11,2Y,2.4078
CN,2023-04-11,5Y,2.6793
CN,2023-04-11,10Y,2.8203
CN,2023-04-11,30Y,3.2173
CN,2023-04-12,2Y,2.4010
CN,2023-04-12,5Y,2.6690
CN,2023-04-12,10Y,2.8158
CN,2023-04-12,30Y,3.1977
CN,2023-04-13,2Y,2.4044
CN,2023-04-13,5Y,2.6793
CN,2023-04-13,10Y,2.8277
CN,2023-04-13,30Y,3.2031
CN,2023-04-14,2Y,2.4074
CN,2023-04-14,5Y,2.6826
CN,2023-04-14,10Y,2.8281
CN,2023-04-14,30Y,3.2032
CN,2023-04-17,2Y,2.4113
CN,2023-04-17,5Y,2.6946
CN,2023-04-17,10Y,2.8432
CN,2023-04-17,30Y,3.2136
CN,2023-04-18,2Y,2.4053
CN,2023-04-18,5Y,2.6852
CN,2023-04-18,10Y,2.8319
CN,2023-04-18,30Y,3.2056
CN,2023-04-19,2Y,2.4061
CN,2023-04-19,5Y,2.6735
CN,2023-04-19,10Y,2.8333
CN,2023-04-19,30Y,3.1875
CN,2023-04-20,2Y,2.4065
CN,2023-04-20,5Y,2.6710
CN,2023-04-20,10Y,2.8332
CN,2023-04-20,30Y,3.1775
CN,2023-04-21,2Y,2.4056
CN,2023-04-21,5Y,2.6690
CN,2023-04-21,10Y,2.8258
CN,2023-04-21,30Y,3.1726
CN,2023-04-23,2Y,2.4095
CN,2023-04-23,5Y,2.6682
CN,2023-04-23,10Y,2.8220
CN,2023-04-23,30Y,3.1715
CN,2023-04-24,2Y,2.4063
CN,2023-04-24,5Y,2.6632
CN,2023-04-24,10Y,2.8176
CN,2023-04-24,30Y,3.1608
CN,2023-04-25,2Y,2.4056
CN,2023-04-25,5Y,2.6599
CN,2023-04-25,10Y,2.8157
CN,2023-04-25,30Y,3.1584
CN,2023-04-26,2Y,2.3922
CN,2023-04-26,5Y,2.6375
CN,2023-04-26,10Y,2.8058
CN,2023-04-26,30Y,3.1574
CN,2023-04-27,2Y,2.3534
CN,2023-04-27,5Y,2.6152
CN,2023-04-27,10Y,2.7852
CN,2023-04-27,30Y,3.1379
CN,2023-04-28,2Y,2.3548
CN,2023-04-28,5Y,2.6130
CN,2023-04-28,10Y,2.7788
CN,2023-04-28,30Y,3.1355
CN,2023-05-04,2Y,2.3424
CN,2023-05-04,5Y,2.5968
CN,2023-05-04,10Y,2.7613
CN,2023-05-04,30Y,3.1182
CN,2023-05-05,2Y,2.3025
CN,2023-05-05,5Y,2.5645
CN,2023-05-05,10Y,2.7338
CN,2023-05-05,30Y,3.0831
CN,2023-05-06,2Y,2.3040
CN,2023-05-06,5Y,2.5635
CN,2023-05-06,10Y,2.7311
CN,2023-05-06,30Y,3.0882
CN,2023-05-08,2Y,2.3254
CN,2023-05-08,5Y,2.5854
CN,2023-05-08,10Y,2.7484
CN,2023-05-08,30Y,3.1058
CN,2023-05-09,2Y,2.3190
CN,2023-05-09,5Y,2.5780
CN,2023-05-09,10Y,2.7383
CN,2023-05-09,30Y,3.0998
CN,2023-05-10,2Y,2.2949
CN,2023-05-10,5Y,2.5482
CN,2023-05-10,10Y,2.7210
CN,2023-05-10,30Y,3.0849
CN,2023-05-11,2Y,2.2703
CN,2023-05-11,5Y,2.5211
CN,2023-05-11,10Y,2.7010
CN,2023-05-11,30Y,3.0672
CN,2023-05-12,2Y,2.2693
CN,2023-05-12,5Y,2.5164
CN,2023-05-12,10Y,2.7058
CN,2023-05-12,30Y,3.0608
CN,2023-05-15,2Y,2.2913
CN,2023-05-15,5Y,2.5395
CN,2023-05-15,10Y,2.7190
CN,2023-05-15,30Y,3.0649
CN,2023-05-16,2Y,2.2992
CN,2023-05-16,5Y,2.5371
CN,2023-05-16,10Y,2.7129
CN,2023-05-16,30Y,3.0660
CN,2023-05-17,2Y,2.3044
CN,2023-05-17,5Y,2.5533
CN,2023-05-17,10Y,2.7210
CN,2023-05-17,30Y,3.0810
CN,2023-05-18,2Y,2.3063
CN,2023-05-18,5Y,2.5454
CN,2023-05-18,10Y,2.7184
CN,2023-05-18,30Y,3.0810
CN,2023-05-19,2Y,2.2836
CN,2023-05-19,5Y,2.5204
CN,2023-05-19,10Y,2.7151
CN,2023-05-19,30Y,3.0773
CN,2023-05-22,2Y,2.2560
CN,2023-05-22,5Y,2.4888
CN,2023-05-22,10Y,2.7132
CN,2023-05-22,30Y,3.0762
CN,2023-05-23,2Y,2.2264
CN,2023-05-23,5Y,2.4665
CN,2023-05-23,10Y,2.6962
CN,2023-05-23,30Y,3.0687
CN,2023-05-24,2Y,2.2450
CN,2023-05-24,5Y,2.4794
CN,2023-05-24,10Y,2.7037
CN,2023-05-24,30Y,3.0723
CN,2023-05-25,2Y,2.2482
CN,2023-05-25,5Y,2.4795
CN,2023-05-25,10Y,2.7065
CN,2023-05-25,30Y,3.0773
CN,2023-05-26,2Y,2.2449
CN,2023-05-26,5Y,2.5007
CN,2023-05-26,10Y,2.7205
CN,2023-05-26,30Y,3.0913
CN,2023-05-29,2Y,2.2288
CN,2023-05-29,5Y,2.4871
CN,2023-05-29,10Y,2.6950
CN,2023-05-29,30Y,3.0839
CN,2023-05-30,2Y,2.2145
CN,2023-05-30,5Y,2.4880
CN,2023-05-30,10Y,2.7000
CN,2023-05-30,30Y,3.0839
CN,2023-05-31,2Y,2.1864
CN,2023-05-31,5Y,2.4558
CN,2023-05-31,10Y,2.6850
CN,2023-05-31,30Y,3.0733
CN,2023-06-01,2Y,2.1748
CN,2023-06-01,5Y,2.4256
CN,2023-06-01,10Y,2.6825
CN,2023-06-01,30Y,3.0694
CN,2023-06-02,2Y,2.1907
CN,2023-06-02,5Y,2.4532
CN,2023-06-02,10Y,2.6951
CN,2023-06-02,30Y,3.0784
CN,2023-06-05,2Y,2.1639
CN,2023-06-05,5Y,2.4549
CN,2023-06-05,10Y,2.6926
CN,2023-06-05,30Y,3.0790
CN,2023-06-06,2Y,2.1279
CN,2023-06-06,5Y,2.4380
CN,2023-06-06,10Y,2.6826
CN,2023-06-06,30Y,3.0716
CN,2023-06-07,2Y,2.1366
CN,2023-06-07,5Y,2.4413
CN,2023-06-07,10Y,2.6827
CN,2023-06-07,30Y,3.0645
CN,2023-06-08,2Y,2.1609
CN,2023-06-08,5Y,2.4522
CN,2023-06-08,10Y,2.6822
CN,2023-06-08,30Y,3.0651
CN,2023-06-09,2Y,2.1508
CN,2023-06-09,5Y,2.4340
CN,2023-06-09,10Y,2.6703
CN,2023-06-09,30Y,3.0440
CN,2023-06-12,2Y,2.1696
CN,2023-06-12,5Y,2.4361
CN,2023-06-12,10Y,2.6704
CN,2023-06-12,30Y,3.0391
CN,2023-06-13,2Y,2.1372
CN,2023-06-13,5Y,2.4031
CN,2023-06-13,10Y,2.6227
CN,2023-06-13,30Y,3.0064
CN,2023-06-14,2Y,2.1428
CN,2023-06-14,5Y,2.3980
CN,2023-06-14,10Y,2.6178
CN,2023-06-14,30Y,2.9963
CN,2023-06-15,2Y,2.1756
CN,2023-06-15,5Y,2.4366
CN,2023-06-15,10Y,2.6482
CN,2023-06-15,30Y,3.0267
CN,2023-06-16,2Y,2.2058
CN,2023-06-16,5Y,2.4543
CN,2023-06-16,10Y,2.6626
CN,2023-06-16,30Y,3.0419
CN,2023-06-19,2Y,2.2083
CN,2023-06-19,5Y,2.5027
CN,2023-06-19,10Y,2.6876
CN,2023-06-19,30Y,3.0619
CN,2023-06-20,2Y,2.1938
CN,2023-06-20,5Y,2.4811
CN,2023-06-20,10Y,2.6751
CN,2023-06-20,30Y,3.0444
CN,2023-06-21,2Y,2.1843
CN,2023-06-21,5Y,2.4744
CN,2023-06-21,10Y,2.6701
CN,2023-06-21,30Y,3.0420
CN,2023-06-25,2Y,2.1804
CN,2023-06-25,5Y,2.4592
CN,2023-06-25,10Y,2.6576
CN,2023-06-25,30Y,3.0280
CN,2023-06-26,2Y,2.1777
CN,2023-06-26,5Y,2.4723
CN,2023-06-26,10Y,2.6677
CN,2023-06-26,30Y,3.0346
CN,2023-06-27,2Y,2.1900
CN,2023-06-27,5Y,2.4773
CN,2023-06-27,10Y,2.6676
CN,2023-06-27,30Y,3.0295
CN,2023-06-28,2Y,2.1858
CN,2023-06-28,5Y,2.4660
CN,2023-06-28,10Y,2.6651
CN,2023-06-28,30Y,3.0271
CN,2023-06-29,2Y,2.1686
CN,2023-06-29,5Y,2.4570
CN,2023-06-29,10Y,2.6526
CN,2023-06-29,30Y,3.0171
CN,2023-06-30,2Y,2.1447
CN,2023-06-30,5Y,2.4247
CN,2023-06-30,10Y,2.6351
CN,2023-06-30,30Y,3.0072
CN,2023-07-03,2Y,2.1429
CN,2023-07-03,5Y,2.4333
CN,2023-07-03,10Y,2.6402
CN,2023-07-03,30Y,3.0133
CN,2023-07-04,2Y,2.1347
CN,2023-07-04,5Y,2.4436
CN,2023-07-04,10Y,2.6477
CN,2023-07-04,30Y,3.0225
CN,2023-07-05,2Y,2.1333
CN,2023-07-05,5Y,2.4333
CN,2023-07-05,10Y,2.6402
CN,2023-07-05,30Y,3.0176
CN,2023-07-06,2Y,2.1262
CN,2023-07-06,5Y,2.4335
CN,2023-07-06,10Y,2.6392
CN,2023-07-06,30Y,3.0180
CN,2023-07-07,2Y,2.1162
CN,2023-07-07,5Y,2.4295
CN,2023-07-07,10Y,2.6403
CN,2023-07-07,30Y,3.0130
CN,2023-07-10,2Y,2.1237
CN,2023-07-10,5Y,2.4395
CN,2023-07-10,10Y,2.6403
CN,2023-07-10,30Y,3.0091
CN,2023-07-11,2Y,2.1300
CN,2023-07-11,5Y,2.4343
CN,2023-07-11,10Y,2.6353
CN,2023-07-11,30Y,3.0011
CN,2023-07-12,2Y,2.1470
CN,2023-07-12,5Y,2.4369
CN,2023-07-12,10Y,2.6378
CN,2023-07-12,30Y,3.0011
CN,2023-07-13,2Y,2.1491
CN,2023-07-13,5Y,2.4502
CN,2023-07-13,10Y,2.6413
CN,2023-07-13,30Y,3.0084
CN,2023-07-14,2Y,2.1444
CN,2023-07-14,5Y,2.4512
CN,2023-07-14,10Y,2.6444
CN,2023-07-14,30Y,3.0144
CN,2023-07-17,2Y,2.1356
CN,2023-07-17,5Y,2.4348
CN,2023-07-17,10Y,2.6364
CN,2023-07-17,30Y,3.0085
CN,2023-07-18,2Y,2.1277
CN,2023-07-18,5Y,2.4248
CN,2023-07-18,10Y,2.6234
CN,2023-07-18,30Y,2.9965
CN,2023-07-19,2Y,2.1264
CN,2023-07-19,5Y,2.4090
CN,2023-07-19,10Y,2.6233
CN,2023-07-19,30Y,2.9987
CN,2023-07-20,2Y,2.1245
CN,2023-07-20,5Y,2.4043
CN,2023-07-20,10Y,2.6214
CN,2023-07-20,30Y,2.9967
CN,2023-07-21,2Y,2.1171
CN,2023-07-21,5Y,2.3920
CN,2023-07-21,10Y,2.6079
CN,2023-07-21,30Y,2.9828
CN,2023-07-24,2Y,2.1197
CN,2023-07-24,5Y,2.3873
CN,2023-07-24,10Y,2.5934
CN,2023-07-24,30Y,2.9588
CN,2023-07-25,2Y,2.1725
CN,2023-07-25,5Y,2.4627
CN,2023-07-25,10Y,2.6630
CN,2023-07-25,30Y,3.0156
CN,2023-07-26,2Y,2.1602
CN,2023-07-26,5Y,2.4328
CN,2023-07-26,10Y,2.6430
CN,2023-07-26,30Y,3.0003
CN,2023-07-27,2Y,2.1429
CN,2023-07-27,5Y,2.4232
CN,2023-07-27,10Y,2.6395
CN,2023-07-27,30Y,2.9948
CN,2023-07-28,2Y,2.1561
CN,2023-07-28,5Y,2.4410
CN,2023-07-28,10Y,2.6533
CN,2023-07-28,30Y,3.0061
CN,2023-07-31,2Y,2.1646
CN,2023-07-31,5Y,2.4544
CN,2023-07-31,10Y,2.6597
CN,2023-07-31,30Y,3.0103
CN,2023-08-01,2Y,2.1552
CN,2023-08-01,5Y,2.4599
CN,2023-08-01,10Y,2.6607
CN,2023-08-01,30Y,3.0119
CN,2023-08-02,2Y,2.1451
CN,2023-08-02,5Y,2.4526
CN,2023-08-02,10Y,2.6525
CN,2023-08-02,30Y,2.9989
CN,2023-08-03,2Y,2.1212
CN,2023-08-03,5Y,2.4254
CN,2023-08-03,10Y,2.6435
CN,2023-08-03,30Y,2.9927
CN,2023-08-04,2Y,2.1301
CN,2023-08-04,5Y,2.4280
CN,2023-08-04,10Y,2.6469
CN,2023-08-04,30Y,2.9927
CN,2023-08-07,2Y,2.1431
CN,2023-08-07,5Y,2.4259
CN,2023-08-07,10Y,2.6462
CN,2023-08-07,30Y,2.9904
CN,2023-08-08,2Y,2.1400
CN,2023-08-08,5Y,2.4211
CN,2023-08-08,10Y,2.6454
CN,2023-08-08,30Y,2.9879
CN,2023-08-09,2Y,2.1428
CN,2023-08-09,5Y,2.4237
CN,2023-08-09,10Y,2.6461
CN,2023-08-09,30Y,2.9896
CN,2023-08-10,2Y,2.1520
CN,2023-08-10,5Y,2.4290
CN,2023-08-10,10Y,2.6475
CN,2023-08-10,30Y,2.9920
CN,2023-08-11,2Y,2.1470
CN,2023-08-11,5Y,2.4216
CN,2023-08-11,10Y,2.6381
CN,2023-08-11,30Y,2.9850
CN,2023-08-14,2Y,2.1417
CN,2023-08-14,5Y,2.4048
CN,2023-08-14,10Y,2.6212
CN,2023-08-14,30Y,2.9710
CN,2023-08-15,2Y,2.1193
CN,2023-08-15,5Y,2.3772
CN,2023-08-15,10Y,2.5759
CN,2023-08-15,30Y,2.9342
CN,2023-08-16,2Y,2.1125
CN,2023-08-16,5Y,2.3650
CN,2023-08-16,10Y,2.5649
CN,2023-08-16,30Y,2.9259
CN,2023-08-17,2Y,2.1251
CN,2023-08-17,5Y,2.3703
CN,2023-08-17,10Y,2.5678
CN,2023-08-17,30Y,2.9285
CN,2023-08-18,2Y,2.1176
CN,2023-08-18,5Y,2.3657
CN,2023-08-18,10Y,2.5639
CN,2023-08-18,30Y,2.9225
CN,2023-08-21,2Y,2.1092
CN,2023-08-21,5Y,2.3456
CN,2023-08-21,10Y,2.5403
CN,2023-08-21,30Y,2.8894
CN,2023-08-22,2Y,2.1168
CN,2023-08-22,5Y,2.3636
CN,2023-08-22,10Y,2.5564
CN,2023-08-22,30Y,2.8938
CN,2023-08-23,2Y,2.1239
CN,2023-08-23,5Y,2.3665
CN,2023-08-23,10Y,2.5535
CN,2023-08-23,30Y,2.8834
CN,2023-08-24,2Y,2.1189
CN,2023-08-24,5Y,2.3653
CN,2023-08-24,10Y,2.5543
CN,2023-08-24,30Y,2.8812
CN,2023-08-25,2Y,2.1504
CN,2023-08-25,5Y,2.3877
CN,2023-08-25,10Y,2.5702
CN,2023-08-25,30Y,2.8877
CN,2023-08-28,2Y,2.1771
CN,2023-08-28,5Y,2.4075
CN,2023-08-28,10Y,2.5837
CN,2023-08-28,30Y,2.8955
CN,2023-08-29,2Y,2.1875
CN,2023-08-29,5Y,2.4203
CN,2023-08-29,10Y,2.5700
CN,2023-08-29,30Y,2.9006
CN,2023-08-30,2Y,2.1497
CN,2023-08-30,5Y,2.3989
CN,2023-08-30,10Y,2.5600
CN,2023-08-30,30Y,2.9026
CN,2023-08-31,2Y,2.1497
CN,2023-08-31,5Y,2.3996
CN,2023-08-31,10Y,2.5575
CN,2023-08-31,30Y,2.9027
CN,2023-09-01,2Y,2.1765
CN,2023-09-01,5Y,2.4382
CN,2023-09-01,10Y,2.5850
CN,2023-09-01,30Y,2.9280
CN,2023-09-04,2Y,2.1973
CN,2023-09-04,5Y,2.4691
CN,2023-09-04,10Y,2.6124
CN,2023-09-04,30Y,2.9611
CN,2023-09-05,2Y,2.1919
CN,2023-09-05,5Y,2.4697
CN,2023-09-05,10Y,2.6150
CN,2023-09-05,30Y,2.9666
CN,2023-09-06,2Y,2.2409
CN,2023-09-06,5Y,2.5039
CN,2023-09-06,10Y,2.6375
CN,2023-09-06,30Y,2.9869
CN,2023-09-07,2Y,2.2519
CN,2023-09-07,5Y,2.4986
CN,2023-09-07,10Y,2.6350
CN,2023-09-07,30Y,2.9834
CN,2023-09-08,2Y,2.2511
CN,2023-09-08,5Y,2.4930
CN,2023-09-08,10Y,2.6375
CN,2023-09-08,30Y,2.9849
CN,2023-09-11,2Y,2.2601
CN,2023-09-11,5Y,2.4930
CN,2023-09-11,10Y,2.6300
CN,2023-09-11,30Y,2.9830
CN,2023-09-12,2Y,2.2492
CN,2023-09-12,5Y,2.4808
CN,2023-09-12,10Y,2.6230
CN,2023-09-12,30Y,2.9824
CN,2023-09-13,2Y,2.2233
CN,2023-09-13,5Y,2.4685
CN,2023-09-13,10Y,2.6150
CN,2023-09-13,30Y,2.9732
CN,2023-09-14,2Y,2.2195
CN,2023-09-14,5Y,2.4620
CN,2023-09-14,10Y,2.6075
CN,2023-09-14,30Y,2.9545
CN,2023-09-15,2Y,2.2395
CN,2023-09-15,5Y,2.4939
CN,2023-09-15,10Y,2.6400
CN,2023-09-15,30Y,2.9840
CN,2023-09-18,2Y,2.2695
CN,2023-09-18,5Y,2.5126
CN,2023-09-18,10Y,2.6500
CN,2023-09-18,30Y,2.9841
CN,2023-09-19,2Y,2.2895
CN,2023-09-19,5Y,2.5234
CN,2023-09-19,10Y,2.6625
CN,2023-09-19,30Y,2.9895
CN,2023-09-20,2Y,2.2870
CN,2023-09-20,5Y,2.5211
CN,2023-09-20,10Y,2.6650
CN,2023-09-20,30Y,2.9919
CN,2023-09-21,2Y,2.2719
CN,2023-09-21,5Y,2.5092
CN,2023-09-21,10Y,2.6576
CN,2023-09-21,30Y,2.9840
CN,2023-09-22,2Y,2.2843
CN,2023-09-22,5Y,2.5296
CN,2023-09-22,10Y,2.6776
CN,2023-09-22,30Y,2.9971
CN,2023-09-25,2Y,2.3070
CN,2023-09-25,5Y,2.5511
CN,2023-09-25,10Y,2.6976
CN,2023-09-25,30Y,3.0119
CN,2023-09-26,2Y,2.3243
CN,2023-09-26,5Y,2.5491
CN,2023-09-26,10Y,2.6951
CN,2023-09-26,30Y,3.0068
CN,2023-09-27,2Y,2.3106
CN,2023-09-27,5Y,2.5354
CN,2023-09-27,10Y,2.6877
CN,2023-09-27,30Y,3.0070
CN,2023-09-28,2Y,2.2759
CN,2023-09-28,5Y,2.5256
CN,2023-09-28,10Y,2.6751
CN,2023-09-28,30Y,3.0022
CN,2023-10-07,2Y,2.2612
CN,2023-10-07,5Y,2.5175
CN,2023-10-07,10Y,2.6651
CN,2023-10-07,30Y,2.9926
CN,2023-10-08,2Y,2.2619
CN,2023-10-08,5Y,2.5178
CN,2023-10-08,10Y,2.6626
CN,2023-10-08,30Y,2.9948
CN,2023-10-09,2Y,2.3003
CN,2023-10-09,5Y,2.5352
CN,2023-10-09,10Y,2.6702
CN,2023-10-09,30Y,2.9990
CN,2023-10-10,2Y,2.3459
CN,2023-10-10,5Y,2.5550
CN,2023-10-10,10Y,2.6811
CN,2023-10-10,30Y,3.0019
CN,2023-10-11,2Y,2.3889
CN,2023-10-11,5Y,2.5899
CN,2023-10-11,10Y,2.6976
CN,2023-10-11,30Y,3.0153
CN,2023-10-12,2Y,2.3624
CN,2023-10-12,5Y,2.5803
CN,2023-10-12,10Y,2.6911
CN,2023-10-12,30Y,3.0139
CN,2023-10-13,2Y,2.3481
CN,2023-10-13,5Y,2.5528
CN,2023-10-13,10Y,2.6702
CN,2023-10-13,30Y,2.9952
CN,2023-10-16,2Y,2.3804
CN,2023-10-16,5Y,2.5629
CN,2023-10-16,10Y,2.6777
CN,2023-10-16,30Y,2.9997
CN,2023-10-17,2Y,2.4053
CN,2023-10-17,5Y,2.5730
CN,2023-10-17,10Y,2.6882
CN,2023-10-17,30Y,3.0021
CN,2023-10-18,2Y,2.4308
CN,2023-10-18,5Y,2.6029
CN,2023-10-18,10Y,2.7052
CN,2023-10-18,30Y,3.0021
CN,2023-10-19,2Y,2.4498
CN,2023-10-19,5Y,2.6205
CN,2023-10-19,10Y,2.7177
CN,2023-10-19,30Y,3.0077
CN,2023-10-20,2Y,2.4250
CN,2023-10-20,5Y,2.5982
CN,2023-10-20,10Y,2.7052
CN,2023-10-20,30Y,2.9962
CN,2023-10-23,2Y,2.4106
CN,2023-10-23,5Y,2.5887
CN,2023-10-23,10Y,2.7047
CN,2023-10-23,30Y,2.9903
CN,2023-10-24,2Y,2.4118
CN,2023-10-24,5Y,2.5862
CN,2023-10-24,10Y,2.7177
CN,2023-10-24,30Y,2.9978
CN,2023-10-25,2Y,2.3615
CN,2023-10-25,5Y,2.5515
CN,2023-10-25,10Y,2.7052
CN,2023-10-25,30Y,3.0004
CN,2023-10-26,2Y,2.3885
CN,2023-10-26,5Y,2.5667
CN,2023-10-26,10Y,2.7152
CN,2023-10-26,30Y,3.0054
CN,2023-10-27,2Y,2.3835
CN,2023-10-27,5Y,2.5518
CN,2023-10-27,10Y,2.7133
CN,2023-10-27,30Y,3.0104
CN,2023-10-30,2Y,2.3725
CN,2023-10-30,5Y,2.5526
CN,2023-10-30,10Y,2.7141
CN,2023-10-30,30Y,3.0106
CN,2023-10-31,2Y,2.3611
CN,2023-10-31,5Y,2.5325
CN,2023-10-31,10Y,2.6938
CN,2023-10-31,30Y,2.9956
CN,2023-11-01,2Y,2.3817
CN,2023-11-01,5Y,2.5299
CN,2023-11-01,10Y,2.6853
CN,2023-11-01,30Y,2.9911
CN,2023-11-02,2Y,2.3524
CN,2023-11-02,5Y,2.4975
CN,2023-11-02,10Y,2.6553
CN,2023-11-02,30Y,2.9666
CN,2023-11-03,2Y,2.3713
CN,2023-11-03,5Y,2.5177
CN,2023-11-03,10Y,2.6613
CN,2023-11-03,30Y,2.9727
CN,2023-11-06,2Y,2.3766
CN,2023-11-06,5Y,2.5181
CN,2023-11-06,10Y,2.6554
CN,2023-11-06,30Y,2.9683
CN,2023-11-07,2Y,2.4122
CN,2023-11-07,5Y,2.5329
CN,2023-11-07,10Y,2.6632
CN,2023-11-07,30Y,2.9718
CN,2023-11-08,2Y,2.3839
CN,2023-11-08,5Y,2.5211
CN,2023-11-08,10Y,2.6464
CN,2023-11-08,30Y,2.9583
CN,2023-11-09,2Y,2.4012
CN,2023-11-09,5Y,2.5204
CN,2023-11-09,10Y,2.6494
CN,2023-11-09,30Y,2.9584
CN,2023-11-10,2Y,2.3808
CN,2023-11-10,5Y,2.5029
CN,2023-11-10,10Y,2.6444
CN,2023-11-10,30Y,2.9459
CN,2023-11-13,2Y,2.3736
CN,2023-11-13,5Y,2.4909
CN,2023-11-13,10Y,2.6454
CN,2023-11-13,30Y,2.9385
CN,2023-11-14,2Y,2.3757
CN,2023-11-14,5Y,2.5039
CN,2023-11-14,10Y,2.6573
CN,2023-11-14,30Y,2.9439
CN,2023-11-15,2Y,2.3493
CN,2023-11-15,5Y,2.5021
CN,2023-11-15,10Y,2.6633
CN,2023-11-15,30Y,2.9485
CN,2023-11-16,2Y,2.3381
CN,2023-11-16,5Y,2.5027
CN,2023-11-16,10Y,2.6558
CN,2023-11-16,30Y,2.9440
CN,2023-11-17,2Y,2.3423
CN,2023-11-17,5Y,2.5058
CN,2023-11-17,10Y,2.6524
CN,2023-11-17,30Y,2.9336
CN,2023-11-20,2Y,2.3641
CN,2023-11-20,5Y,2.5243
CN,2023-11-20,10Y,2.6584
CN,2023-11-20,30Y,2.9321
CN,2023-11-21,2Y,2.3942
CN,2023-11-21,5Y,2.5450
CN,2023-11-21,10Y,2.6684
CN,2023-11-21,30Y,2.9388
CN,2023-11-22,2Y,2.4135
CN,2023-11-22,5Y,2.5661
CN,2023-11-22,10Y,2.6823
CN,2023-11-22,30Y,2.9538
CN,2023-11-23,2Y,2.4402
CN,2023-11-23,5Y,2.5837
CN,2023-11-23,10Y,2.7023
CN,2023-11-23,30Y,2.9704
CN,2023-11-24,2Y,2.4563
CN,2023-11-24,5Y,2.5961
CN,2023-11-24,10Y,2.7053
CN,2023-11-24,30Y,2.9684
CN,2023-11-27,2Y,2.4719
CN,2023-11-27,5Y,2.6012
CN,2023-11-27,10Y,2.7108
CN,2023-11-27,30Y,2.9745
CN,2023-11-28,2Y,2.4369
CN,2023-11-28,5Y,2.5762
CN,2023-11-28,10Y,2.6898
CN,2023-11-28,30Y,2.9540
CN,2023-11-29,2Y,2.4460
CN,2023-11-29,5Y,2.5840
CN,2023-11-29,10Y,2.6826
CN,2023-11-29,30Y,2.9525
CN,2023-11-30,2Y,2.4259
CN,2023-11-30,5Y,2.5691
CN,2023-11-30,10Y,2.6680
CN,2023-11-30,30Y,2.9405
CN,2023-12-01,2Y,2.4169
CN,2023-12-01,5Y,2.5665
CN,2023-12-01,10Y,2.6625
CN,2023-12-01,30Y,2.9445
CN,2023-12-04,2Y,2.4576
CN,2023-12-04,5Y,2.5920
CN,2023-12-04,10Y,2.6725
CN,2023-12-04,30Y,2.9537
CN,2023-12-05,2Y,2.4514
CN,2023-12-05,5Y,2.5843
CN,2023-12-05,10Y,2.6650
CN,2023-12-05,30Y,2.9487
CN,2023-12-06,2Y,2.4776
CN,2023-12-06,5Y,2.5952
CN,2023-12-06,10Y,2.6725
CN,2023-12-06,30Y,2.9517
CN,2023-12-07,2Y,2.4427
CN,2023-12-07,5Y,2.5644
CN,2023-12-07,10Y,2.6640
CN,2023-12-07,30Y,2.9457
CN,2023-12-08,2Y,2.4375
CN,2023-12-08,5Y,2.5570
CN,2023-12-08,10Y,2.6636
CN,2023-12-08,30Y,2.9428
CN,2023-12-11,2Y,2.4350
CN,2023-12-11,5Y,2.5427
CN,2023-12-11,10Y,2.6440
CN,2023-12-11,30Y,2.9288
CN,2023-12-12,2Y,2.4359
CN,2023-12-12,5Y,2.5342
CN,2023-12-12,10Y,2.6375
CN,2023-12-12,30Y,2.9293
CN,2023-12-13,2Y,2.3905
CN,2023-12-13,5Y,2.5136
CN,2023-12-13,10Y,2.6226
CN,2023-12-13,30Y,2.9148
CN,2023-12-14,2Y,2.3674
CN,2023-12-14,5Y,2.5188
CN,2023-12-14,10Y,2.6376
CN,2023-12-14,30Y,2.9219
CN,2023-12-15,2Y,2.3402
CN,2023-12-15,5Y,2.4916
CN,2023-12-15,10Y,2.6227
CN,2023-12-15,30Y,2.9039
CN,2023-12-18,2Y,2.3290
CN,2023-12-18,5Y,2.4867
CN,2023-12-18,10Y,2.6126
CN,2023-12-18,30Y,2.8869
CN,2023-12-19,2Y,2.3632
CN,2023-12-19,5Y,2.5088
CN,2023-12-19,10Y,2.6191
CN,2023-12-19,30Y,2.8920
CN,2023-12-20,2Y,2.3709
CN,2023-12-20,5Y,2.5197
CN,2023-12-20,10Y,2.6222
CN,2023-12-20,30Y,2.8849
CN,2023-12-21,2Y,2.3461
CN,2023-12-21,5Y,2.4783
CN,2023-12-21,10Y,2.5901
CN,2023-12-21,30Y,2.8492
CN,2023-12-22,2Y,2.3213
CN,2023-12-22,5Y,2.4562
CN,2023-12-22,10Y,2.5877
CN,2023-12-22,30Y,2.8341
CN,2023-12-25,2Y,2.2887
CN,2023-12-25,5Y,2.4172
CN,2023-12-25,10Y,2.5678
CN,2023-12-25,30Y,2.8077
CN,2023-12-26,2Y,2.2559
CN,2023-12-26,5Y,2.4123
CN,2023-12-26,10Y,2.5804
CN,2023-12-26,30Y,2.8267
CN,2023-12-27,2Y,2.2212
CN,2023-12-27,5Y,2.3836
CN,2023-12-27,10Y,2.5577
CN,2023-12-27,30Y,2.8167
CN,2023-12-28,2Y,2.2230
CN,2023-12-28,5Y,2.4081
CN,2023-12-28,10Y,2.5694
CN,2023-12-28,30Y,2.8288
CN,2023-12-29,2Y,2.2098
CN,2023-12-29,5Y,2.4001
CN,2023-12-29,10Y,2.5553
CN,2023-12-29,30Y,2.8269
CN,2023-12-31,2Y,2.2098
CN,2023-12-31,5Y,2.4001
CN,2023-12-31,10Y,2.5553
CN,2023-12-31,30Y,2.8269
CN,2024-01-02,2Y,2.2462
CN,2024-01-02,5Y,2.4374
CN,2024-01-02,10Y,2.5601
CN,2024-01-02,30Y,2.8422
CN,2024-01-03,2Y,2.2558
CN,2024-01-03,5Y,2.4212
CN,2024-01-03,10Y,2.5531
CN,2024-01-03,30Y,2.8402
CN,2024-01-04,2Y,2.2554
CN,2024-01-04,5Y,2.4089
CN,2024-01-04,10Y,2.5368
CN,2024-01-04,30Y,2.8170
CN,2024-01-05,2Y,2.2369
CN,2024-01-05,5Y,2.3903
CN,2024-01-05,10Y,2.5175
CN,2024-01-05,30Y,2.8043
CN,2024-01-08,2Y,2.2558
CN,2024-01-08,5Y,2.4080
CN,2024-01-08,10Y,2.5136
CN,2024-01-08,30Y,2.8020
CN,2024-01-09,2Y,2.2388
CN,2024-01-09,5Y,2.3905
CN,2024-01-09,10Y,2.4862
CN,2024-01-09,30Y,2.7693
CN,2024-01-10,2Y,2.2540
CN,2024-01-10,5Y,2.4062
CN,2024-01-10,10Y,2.4982
CN,2024-01-10,30Y,2.7758
CN,2024-01-11,2Y,2.2398
CN,2024-01-11,5Y,2.4042
CN,2024-01-11,10Y,2.4992
CN,2024-01-11,30Y,2.7769
CN,2024-01-12,2Y,2.2428
CN,2024-01-12,5Y,2.4156
CN,2024-01-12,10Y,2.5172
CN,2024-01-12,30Y,2.7930
CN,2024-01-15,2Y,2.2561
CN,2024-01-15,5Y,2.4256
CN,2024-01-15,10Y,2.5212
CN,2024-01-15,30Y,2.7856
CN,2024-01-16,2Y,2.2734
CN,2024-01-16,5Y,2.4406
CN,2024-01-16,10Y,2.5252
CN,2024-01-16,30Y,2.7897
CN,2024-01-17,2Y,2.2638
CN,2024-01-17,5Y,2.4003
CN,2024-01-17,10Y,2.5077
CN,2024-01-17,30Y,2.7747
CN,2024-01-18,2Y,2.2581
CN,2024-01-18,5Y,2.3954
CN,2024-01-18,10Y,2.5092
CN,2024-01-18,30Y,2.7732
CN,2024-01-19,2Y,2.2392
CN,2024-01-19,5Y,2.3780
CN,2024-01-19,10Y,2.5027
CN,2024-01-19,30Y,2.7583
CN,2024-01-22,2Y,2.2383
CN,2024-01-22,5Y,2.3709
CN,2024-01-22,10Y,2.4922
CN,2024-01-22,30Y,2.7224
CN,2024-01-23,2Y,2.2499
CN,2024-01-23,5Y,2.3835
CN,2024-01-23,10Y,2.5042
CN,2024-01-23,30Y,2.7327
CN,2024-01-24,2Y,2.2239
CN,2024-01-24,5Y,2.3713
CN,2024-01-24,10Y,2.5042
CN,2024-01-24,30Y,2.7380
CN,2024-01-25,2Y,2.1874
CN,2024-01-25,5Y,2.3314
CN,2024-01-25,10Y,2.4984
CN,2024-01-25,30Y,2.7321
CN,2024-01-26,2Y,2.1889
CN,2024-01-26,5Y,2.3441
CN,2024-01-26,10Y,2.4994
CN,2024-01-26,30Y,2.7331
CN,2024-01-29,2Y,2.1467
CN,2024-01-29,5Y,2.3222
CN,2024-01-29,10Y,2.4940
CN,2024-01-29,30Y,2.7272
CN,2024-01-30,2Y,2.1166
CN,2024-01-30,5Y,2.2849
CN,2024-01-30,10Y,2.4557
CN,2024-01-30,30Y,2.6831
CN,2024-01-31,2Y,2.1336
CN,2024-01-31,5Y,2.2872
CN,2024-01-31,10Y,2.4330
CN,2024-01-31,30Y,2.6482
CN,2024-02-01,2Y,2.1499
CN,2024-02-01,5Y,2.3048
CN,2024-02-01,10Y,2.4354
CN,2024-02-01,30Y,2.6472
CN,2024-02-02,2Y,2.1370
CN,2024-02-02,5Y,2.2799
CN,2024-02-02,10Y,2.4244
CN,2024-02-02,30Y,2.6353
CN,2024-02-04,2Y,2.1110
CN,2024-02-04,5Y,2.2728
CN,2024-02-04,10Y,2.4053
CN,2024-02-04,30Y,2.6076
CN,2024-02-05,2Y,2.1457
CN,2024-02-05,5Y,2.2751
CN,2024-02-05,10Y,2.4002
CN,2024-02-05,30Y,2.5974
CN,2024-02-06,2Y,2.1967
CN,2024-02-06,5Y,2.3329
CN,2024-02-06,10Y,2.4525
CN,2024-02-06,30Y,2.6579
CN,2024-02-07,2Y,2.1563
CN,2024-02-07,5Y,2.2985
CN,2024-02-07,10Y,2.4153
CN,2024-02-07,30Y,2.6214
CN,2024-02-08,2Y,2.1496
CN,2024-02-08,5Y,2.2885
CN,2024-02-08,10Y,2.4379
CN,2024-02-08,30Y,2.6505
CN,2024-02-09,2Y,2.1496
CN,2024-02-09,5Y,2.2885
CN,2024-02-09,10Y,2.4302
CN,2024-02-09,30Y,2.6505
CN,2024-02-18,2Y,2.1522
CN,2024-02-18,5Y,2.2972
CN,2024-02-18,10Y,2.4393
CN,2024-02-18,30Y,2.6430
CN,2024-02-19,2Y,2.1511
CN,2024-02-19,5Y,2.3058
CN,2024-02-19,10Y,2.4344
CN,2024-02-19,30Y,2.6270
CN,2024-02-20,2Y,2.1241
CN,2024-02-20,5Y,2.2759
CN,2024-02-20,10Y,2.4134
CN,2024-02-20,30Y,2.6004
CN,2024-02-21,2Y,2.1133
CN,2024-02-21,5Y,2.2683
CN,2024-02-21,10Y,2.4119
CN,2024-02-21,30Y,2.6010
CN,2024-02-22,2Y,2.0703
CN,2024-02-22,5Y,2.2439
CN,2024-02-22,10Y,2.4033
CN,2024-02-22,30Y,2.5910
CN,2024-02-23,2Y,2.0787
CN,2024-02-23,5Y,2.2495
CN,2024-02-23,10Y,2.4009
CN,2024-02-23,30Y,2.5809
CN,2024-02-26,2Y,2.0663
CN,2024-02-26,5Y,2.2244
CN,2024-02-26,10Y,2.3789
CN,2024-02-26,30Y,2.5400
CN,2024-02-27,2Y,2.0913
CN,2024-02-27,5Y,2.2419
CN,2024-02-27,10Y,2.3809
CN,2024-02-27,30Y,2.5224
CN,2024-02-28,2Y,2.0687
CN,2024-02-28,5Y,2.2223
CN,2024-02-28,10Y,2.3376
CN,2024-02-28,30Y,2.4868
CN,2024-02-29,2Y,2.0526
CN,2024-02-29,5Y,2.2178
CN,2024-02-29,10Y,2.3375
CN,2024-02-29,30Y,2.4616
CN,2024-03-01,2Y,2.0964
CN,2024-03-01,5Y,2.2632
CN,2024-03-01,10Y,2.3675
CN,2024-03-01,30Y,2.4915
CN,2024-03-04,2Y,2.0862
CN,2024-03-04,5Y,2.2489
CN,2024-03-04,10Y,2.3475
CN,2024-03-04,30Y,2.4738
CN,2024-03-05,2Y,2.0706
CN,2024-03-05,5Y,2.2285
CN,2024-03-05,10Y,2.3169
CN,2024-03-05,30Y,2.4794
CN,2024-03-06,2Y,2.0337
CN,2024-03-06,5Y,2.1675
CN,2024-03-06,10Y,2.2650
CN,2024-03-06,30Y,2.4274
CN,2024-03-07,2Y,2.0520
CN,2024-03-07,5Y,2.1959
CN,2024-03-07,10Y,2.2776
CN,2024-03-07,30Y,2.4310
CN,2024-03-08,2Y,2.0617
CN,2024-03-08,5Y,2.2089
CN,2024-03-08,10Y,2.2825
CN,2024-03-08,30Y,2.4335
CN,2024-03-11,2Y,2.0754
CN,2024-03-11,5Y,2.2320
CN,2024-03-11,10Y,2.3050
CN,2024-03-11,30Y,2.4766
CN,2024-03-12,2Y,2.1072
CN,2024-03-12,5Y,2.2716
CN,2024-03-12,10Y,2.3476
CN,2024-03-12,30Y,2.5415
CN,2024-03-13,2Y,2.1025
CN,2024-03-13,5Y,2.2587
CN,2024-03-13,10Y,2.3326
CN,2024-03-13,30Y,2.5313
CN,2024-03-14,2Y,2.1013
CN,2024-03-14,5Y,2.2595
CN,2024-03-14,10Y,2.3425
CN,2024-03-14,30Y,2.5343
CN,2024-03-15,2Y,2.0810
CN,2024-03-15,5Y,2.2428
CN,2024-03-15,10Y,2.3200
CN,2024-03-15,30Y,2.5094
CN,2024-03-18,2Y,2.0435
CN,2024-03-18,5Y,2.2168
CN,2024-03-18,10Y,2.2926
CN,2024-03-18,30Y,2.4857
CN,2024-03-19,2Y,2.0023
CN,2024-03-19,5Y,2.2074
CN,2024-03-19,10Y,2.2801
CN,2024-03-19,30Y,2.4485
CN,2024-03-20,2Y,2.0031
CN,2024-03-20,5Y,2.2233
CN,2024-03-20,10Y,2.2951
CN,2024-03-20,30Y,2.4660
CN,2024-03-21,2Y,1.9836
CN,2024-03-21,5Y,2.2036
CN,2024-03-21,10Y,2.2851
CN,2024-03-21,30Y,2.4615
CN,2024-03-22,2Y,1.9791
CN,2024-03-22,5Y,2.2143
CN,2024-03-22,10Y,2.3051
CN,2024-03-22,30Y,2.4832
CN,2024-03-25,2Y,1.9596
CN,2024-03-25,5Y,2.2281
CN,2024-03-25,10Y,2.3151
CN,2024-03-25,30Y,2.4962
CN,2024-03-26,2Y,1.9549
CN,2024-03-26,5Y,2.2279
CN,2024-03-26,10Y,2.3175
CN,2024-03-26,30Y,2.4982
CN,2024-03-27,2Y,1.9410
CN,2024-03-27,5Y,2.1948
CN,2024-03-27,10Y,2.2876
CN,2024-03-27,30Y,2.4636
CN,2024-03-28,2Y,1.9415
CN,2024-03-28,5Y,2.2112
CN,2024-03-28,10Y,2.3026
CN,2024-03-28,30Y,2.4664
CN,2024-03-29,2Y,1.9017
CN,2024-03-29,5Y,2.1974
CN,2024-03-29,10Y,2.2901
CN,2024-03-29,30Y,2.4594
CN,2024-04-01,2Y,1.9129
CN,2024-04-01,5Y,2.2172
CN,2024-04-01,10Y,2.3082
CN,2024-04-01,30Y,2.4848
CN,2024-04-02,2Y,1.8958
CN,2024-04-02,5Y,2.1967
CN,2024-04-02,10Y,2.2927
CN,2024-04-02,30Y,2.4750
CN,2024-04-03,2Y,1.8886
CN,2024-04-03,5Y,2.1897
CN,2024-04-03,10Y,2.2837
CN,2024-04-03,30Y,2.4635
CN,2024-04-07,2Y,1.8886
CN,2024-04-07,5Y,2.1946
CN,2024-04-07,10Y,2.2937
CN,2024-04-07,30Y,2.4776
CN,2024-04-08,2Y,1.8630
CN,2024-04-08,5Y,2.1690
CN,2024-04-08,10Y,2.2822
CN,2024-04-08,30Y,2.4656
CN,2024-04-09,2Y,1.8562
CN,2024-04-09,5Y,2.1533
CN,2024-04-09,10Y,2.2802
CN,2024-04-09,30Y,2.4637
CN,2024-04-10,2Y,1.8560
CN,2024-04-10,5Y,2.1591
CN,2024-04-10,10Y,2.2972
CN,2024-04-10,30Y,2.4891
CN,2024-04-11,2Y,1.8538
CN,2024-04-11,5Y,2.1378
CN,2024-04-11,10Y,2.2928
CN,2024-04-11,30Y,2.4928
CN,2024-04-12,2Y,1.8465
CN,2024-04-12,5Y,2.1119
CN,2024-04-12,10Y,2.2837
CN,2024-04-12,30Y,2.4870
CN,2024-04-15,2Y,1.8688
CN,2024-04-15,5Y,2.1263
CN,2024-04-15,10Y,2.2798
CN,2024-04-15,30Y,2.4863
CN,2024-04-16,2Y,1.8785
CN,2024-04-16,5Y,2.1288
CN,2024-04-16,10Y,2.2723
CN,2024-04-16,30Y,2.4717
CN,2024-04-17,2Y,1.8769
CN,2024-04-17,5Y,2.1053
CN,2024-04-17,10Y,2.2608
CN,2024-04-17,30Y,2.4556
CN,2024-04-18,2Y,1.8543
CN,2024-04-18,5Y,2.0804
CN,2024-04-18,10Y,2.2537
CN,2024-04-18,30Y,2.4466
CN,2024-04-19,2Y,1.8510
CN,2024-04-19,5Y,2.0755
CN,2024-04-19,10Y,2.2540
CN,2024-04-19,30Y,2.4411
CN,2024-04-22,2Y,1.8411
CN,2024-04-22,5Y,2.0735
CN,2024-04-22,10Y,2.2435
CN,2024-04-22,30Y,2.4341
CN,2024-04-23,2Y,1.8266
CN,2024-04-23,5Y,2.0563
CN,2024-04-23,10Y,2.2260
CN,2024-04-23,30Y,2.4211
CN,2024-04-24,2Y,1.8542
CN,2024-04-24,5Y,2.0965
CN,2024-04-24,10Y,2.2727
CN,2024-04-24,30Y,2.4791
CN,2024-04-25,2Y,1.8279
CN,2024-04-25,5Y,2.0668
CN,2024-04-25,10Y,2.2612
CN,2024-04-25,30Y,2.4841
CN,2024-04-26,2Y,1.8937
CN,2024-04-26,5Y,2.1245
CN,2024-04-26,10Y,2.3084
CN,2024-04-26,30Y,2.5257
CN,2024-04-28,2Y,1.8927
CN,2024-04-28,5Y,2.1575
CN,2024-04-28,10Y,2.3244
CN,2024-04-28,30Y,2.5493
CN,2024-04-29,2Y,1.9494
CN,2024-04-29,5Y,2.1876
CN,2024-04-29,10Y,2.3530
CN,2024-04-29,30Y,2.5833
CN,2024-04-30,2Y,1.9032
CN,2024-04-30,5Y,2.1484
CN,2024-04-30,10Y,2.3028
CN,2024-04-30,30Y,2.5382
CN,2024-05-06,2Y,1.9050
CN,2024-05-06,5Y,2.1268
CN,2024-05-06,10Y,2.3081
CN,2024-05-06,30Y,2.5587
CN,2024-05-07,2Y,1.8776
CN,2024-05-07,5Y,2.0994
CN,2024-05-07,10Y,2.2896
CN,2024-05-07,30Y,2.5413
CN,2024-05-08,2Y,1.8835
CN,2024-05-08,5Y,2.1068
CN,2024-05-08,10Y,2.2955
CN,2024-05-08,30Y,2.5500
CN,2024-05-09,2Y,1.8886
CN,2024-05-09,5Y,2.1295
CN,2024-05-09,10Y,2.3186
CN,2024-05-09,30Y,2.5726
CN,2024-05-10,2Y,1.8794
CN,2024-05-10,5Y,2.1301
CN,2024-05-10,10Y,2.3122
CN,2024-05-10,30Y,2.5826
CN,2024-05-11,2Y,1.8930
CN,2024-05-11,5Y,2.1556
CN,2024-05-11,10Y,2.3361
CN,2024-05-11,30Y,2.6126
CN,2024-05-13,2Y,1.8564
CN,2024-05-13,5Y,2.0960
CN,2024-05-13,10Y,2.2900
CN,2024-05-13,30Y,2.5661
CN,2024-05-14,2Y,1.8470
CN,2024-05-14,5Y,2.0860
CN,2024-05-14,10Y,2.2938
CN,2024-05-14,30Y,2.5631
CN,2024-05-15,2Y,1.8364
CN,2024-05-15,5Y,2.0916
CN,2024-05-15,10Y,2.3020
CN,2024-05-15,30Y,2.5681
CN,2024-05-16,2Y,1.8480
CN,2024-05-16,5Y,2.1035
CN,2024-05-16,10Y,2.3147
CN,2024-05-16,30Y,2.5811
CN,2024-05-17,2Y,1.8324
CN,2024-05-17,5Y,2.0928
CN,2024-05-17,10Y,2.3077
CN,2024-05-17,30Y,2.5867
CN,2024-05-20,2Y,1.8362
CN,2024-05-20,5Y,2.0983
CN,2024-05-20,10Y,2.3105
CN,2024-05-20,30Y,2.5917
CN,2024-05-21,2Y,1.8458
CN,2024-05-21,5Y,2.1028
CN,2024-05-21,10Y,2.3141
CN,2024-05-21,30Y,2.5927
CN,2024-05-22,2Y,1.8360
CN,2024-05-22,5Y,2.0959
CN,2024-05-22,10Y,2.3123
CN,2024-05-22,30Y,2.5700
CN,2024-05-23,2Y,1.8217
CN,2024-05-23,5Y,2.0884
CN,2024-05-23,10Y,2.3063
CN,2024-05-23,30Y,2.5451
CN,2024-05-24,2Y,1.8278
CN,2024-05-24,5Y,2.0960
CN,2024-05-24,10Y,2.3134
CN,2024-05-24,30Y,2.5515
CN,2024-05-27,2Y,1.8372
CN,2024-05-27,5Y,2.0961
CN,2024-05-27,10Y,2.3084
CN,2024-05-27,30Y,2.5452
CN,2024-05-28,2Y,1.8320
CN,2024-05-28,5Y,2.0871
CN,2024-05-28,10Y,2.2994
CN,2024-05-28,30Y,2.5302
CN,2024-05-29,2Y,1.8180
CN,2024-05-29,5Y,2.0848
CN,2024-05-29,10Y,2.2776
CN,2024-05-29,30Y,2.5242
CN,2024-05-30,2Y,1.8104
CN,2024-05-30,5Y,2.0862
CN,2024-05-30,10Y,2.2826
CN,2024-05-30,30Y,2.5327
CN,2024-05-31,2Y,1.7987
CN,2024-05-31,5Y,2.0850
CN,2024-05-31,10Y,2.2926
CN,2024-05-31,30Y,2.5552
CN,2024-06-03,2Y,1.7862
CN,2024-06-03,5Y,2.0699
CN,2024-06-03,10Y,2.2853
CN,2024-06-03,30Y,2.5473
CN,2024-06-04,2Y,1.7858
CN,2024-06-04,5Y,2.0708
CN,2024-06-04,10Y,2.2854
CN,2024-06-04,30Y,2.5453
CN,2024-06-05,2Y,1.7785
CN,2024-06-05,5Y,2.0573
CN,2024-06-05,10Y,2.2808
CN,2024-06-05,30Y,2.5378
CN,2024-06-06,2Y,1.7759
CN,2024-06-06,5Y,2.0595
CN,2024-06-06,10Y,2.2828
CN,2024-06-06,30Y,2.5378
CN,2024-06-07,2Y,1.7634
CN,2024-06-07,5Y,2.0598
CN,2024-06-07,10Y,2.2833
CN,2024-06-07,30Y,2.5303
CN,2024-06-11,2Y,1.7594
CN,2024-06-11,5Y,2.0555
CN,2024-06-11,10Y,2.2791
CN,2024-06-11,30Y,2.5195
CN,2024-06-12,2Y,1.7688
CN,2024-06-12,5Y,2.0634
CN,2024-06-12,10Y,2.2760
CN,2024-06-12,30Y,2.5235
CN,2024-06-13,2Y,1.7841
CN,2024-06-13,5Y,2.0655
CN,2024-06-13,10Y,2.2678
CN,2024-06-13,30Y,2.5175
CN,2024-06-14,2Y,1.7762
CN,2024-06-14,5Y,2.0588
CN,2024-06-14,10Y,2.2558
CN,2024-06-14,30Y,2.4990
CN,2024-06-17,2Y,1.7862
CN,2024-06-17,5Y,2.0659
CN,2024-06-17,10Y,2.2609
CN,2024-06-17,30Y,2.5057
CN,2024-06-18,2Y,1.7772
CN,2024-06-18,5Y,2.0568
CN,2024-06-18,10Y,2.2537
CN,2024-06-18,30Y,2.4887
CN,2024-06-19,2Y,1.7112
CN,2024-06-19,5Y,2.0236
CN,2024-06-19,10Y,2.2429
CN,2024-06-19,30Y,2.4797
CN,2024-06-20,2Y,1.6964
CN,2024-06-20,5Y,2.0289
CN,2024-06-20,10Y,2.2445
CN,2024-06-20,30Y,2.4708
CN,2024-06-21,2Y,1.6917
CN,2024-06-21,5Y,2.0390
CN,2024-06-21,10Y,2.2571
CN,2024-06-21,30Y,2.4797
CN,2024-06-24,2Y,1.7054
CN,2024-06-24,5Y,2.0255
CN,2024-06-24,10Y,2.2451
CN,2024-06-24,30Y,2.4607
CN,2024-06-25,2Y,1.6809
CN,2024-06-25,5Y,2.0159
CN,2024-06-25,10Y,2.2350
CN,2024-06-25,30Y,2.4477
CN,2024-06-26,2Y,1.6560
CN,2024-06-26,5Y,1.9987
CN,2024-06-26,10Y,2.2225
CN,2024-06-26,30Y,2.4442
CN,2024-06-27,2Y,1.6381
CN,2024-06-27,5Y,1.9769
CN,2024-06-27,10Y,2.2081
CN,2024-06-27,30Y,2.4282
CN,2024-06-28,2Y,1.6335
CN,2024-06-28,5Y,1.9782
CN,2024-06-28,10Y,2.2058
CN,2024-06-28,30Y,2.4282
CN,2024-07-01,2Y,1.6546
CN,2024-07-01,5Y,2.0200
CN,2024-07-01,10Y,2.2486
CN,2024-07-01,30Y,2.4782
CN,2024-07-02,2Y,1.6452
CN,2024-07-02,5Y,1.9875
CN,2024-07-02,10Y,2.2369
CN,2024-07-02,30Y,2.4692
CN,2024-07-03,2Y,1.6357
CN,2024-07-03,5Y,1.9589
CN,2024-07-03,10Y,2.2426
CN,2024-07-03,30Y,2.4738
CN,2024-07-04,2Y,1.6385
CN,2024-07-04,5Y,1.9711
CN,2024-07-04,10Y,2.2502
CN,2024-07-04,30Y,2.4798
CN,2024-07-05,2Y,1.6479
CN,2024-07-05,5Y,1.9995
CN,2024-07-05,10Y,2.2754
CN,2024-07-05,30Y,2.5130
CN,2024-07-08,2Y,1.6769
CN,2024-07-08,5Y,2.0347
CN,2024-07-08,10Y,2.2904
CN,2024-07-08,30Y,2.5205
CN,2024-07-09,2Y,1.6364
CN,2024-07-09,5Y,2.0074
CN,2024-07-09,10Y,2.2698
CN,2024-07-09,30Y,2.5017
CN,2024-07-10,2Y,1.6369
CN,2024-07-10,5Y,2.0131
CN,2024-07-10,10Y,2.2707
CN,2024-07-10,30Y,2.5068
CN,2024-07-11,2Y,1.6353
CN,2024-07-11,5Y,2.0064
CN,2024-07-11,10Y,2.2648
CN,2024-07-11,30Y,2.5025
CN,2024-07-12,2Y,1.6224
CN,2024-07-12,5Y,2.0016
CN,2024-07-12,10Y,2.2604
CN,2024-07-12,30Y,2.4921
CN,2024-07-15,2Y,1.6314
CN,2024-07-15,5Y,1.9891
CN,2024-07-15,10Y,2.2541
CN,2024-07-15,30Y,2.4772
CN,2024-07-16,2Y,1.6244
CN,2024-07-16,5Y,1.9841
CN,2024-07-16,10Y,2.2613
CN,2024-07-16,30Y,2.4801
CN,2024-07-17,2Y,1.6145
CN,2024-07-17,5Y,1.9579
CN,2024-07-17,10Y,2.2598
CN,2024-07-17,30Y,2.4812
CN,2024-07-18,2Y,1.6170
CN,2024-07-18,5Y,1.9607
CN,2024-07-18,10Y,2.2673
CN,2024-07-18,30Y,2.4901
CN,2024-07-19,2Y,1.6081
CN,2024-07-19,5Y,1.9534
CN,2024-07-19,10Y,2.2614
CN,2024-07-19,30Y,2.4842
CN,2024-07-22,2Y,1.5624
CN,2024-07-22,5Y,1.9141
CN,2024-07-22,10Y,2.2461
CN,2024-07-22,30Y,2.4712
CN,2024-07-23,2Y,1.5425
CN,2024-07-23,5Y,1.8918
CN,2024-07-23,10Y,2.2322
CN,2024-07-23,30Y,2.4691
CN,2024-07-24,2Y,1.5298
CN,2024-07-24,5Y,1.8972
CN,2024-07-24,10Y,2.2381
CN,2024-07-24,30Y,2.4676
CN,2024-07-25,2Y,1.5142
CN,2024-07-25,5Y,1.8923
CN,2024-07-25,10Y,2.2168
CN,2024-07-25,30Y,2.4357
CN,2024-07-26,2Y,1.5296
CN,2024-07-26,5Y,1.8976
CN,2024-07-26,10Y,2.1944
CN,2024-07-26,30Y,2.4226
CN,2024-07-29,2Y,1.5331
CN,2024-07-29,5Y,1.8933
CN,2024-07-29,10Y,2.1574
CN,2024-07-29,30Y,2.3900
CN,2024-07-30,2Y,1.5339
CN,2024-07-30,5Y,1.8836
CN,2024-07-30,10Y,2.1480
CN,2024-07-30,30Y,2.3765
CN,2024-07-31,2Y,1.5252
CN,2024-07-31,5Y,1.8490
CN,2024-07-31,10Y,2.1494
CN,2024-07-31,30Y,2.3825
CN,2024-08-01,2Y,1.5259
CN,2024-08-01,5Y,1.8262
CN,2024-08-01,10Y,2.1297
CN,2024-08-01,30Y,2.3651
CN,2024-08-02,2Y,1.5282
CN,2024-08-02,5Y,1.8188
CN,2024-08-02,10Y,2.1277
CN,2024-08-02,30Y,2.3465
CN,2024-08-05,2Y,1.5185
CN,2024-08-05,5Y,1.8144
CN,2024-08-05,10Y,2.1376
CN,2024-08-05,30Y,2.3375
CN,2024-08-06,2Y,1.5277
CN,2024-08-06,5Y,1.8170
CN,2024-08-06,10Y,2.1491
CN,2024-08-06,30Y,2.3550
CN,2024-08-07,2Y,1.5228
CN,2024-08-07,5Y,1.7995
CN,2024-08-07,10Y,2.1414
CN,2024-08-07,30Y,2.3350
CN,2024-08-08,2Y,1.5466
CN,2024-08-08,5Y,1.8349
CN,2024-08-08,10Y,2.1810
CN,2024-08-08,30Y,2.3700
CN,2024-08-09,2Y,1.5739
CN,2024-08-09,5Y,1.8706
CN,2024-08-09,10Y,2.1986
CN,2024-08-09,30Y,2.3800
CN,2024-08-12,2Y,1.6505
CN,2024-08-12,5Y,1.9358
CN,2024-08-12,10Y,2.2508
CN,2024-08-12,30Y,2.4350
CN,2024-08-13,2Y,1.6443
CN,2024-08-13,5Y,1.9011
CN,2024-08-13,10Y,2.2255
CN,2024-08-13,30Y,2.4075
CN,2024-08-14,2Y,1.6517
CN,2024-08-14,5Y,1.8858
CN,2024-08-14,10Y,2.1966
CN,2024-08-14,30Y,2.3751
CN,2024-08-15,2Y,1.6837
CN,2024-08-15,5Y,1.9058
CN,2024-08-15,10Y,2.2050
CN,2024-08-15,30Y,2.3900
CN,2024-08-16,2Y,1.6719
CN,2024-08-16,5Y,1.8901
CN,2024-08-16,10Y,2.1978
CN,2024-08-16,30Y,2.3900
CN,2024-08-19,2Y,1.6717
CN,2024-08-19,5Y,1.8834
CN,2024-08-19,10Y,2.1816
CN,2024-08-19,30Y,2.3675
CN,2024-08-20,2Y,1.6708
CN,2024-08-20,5Y,1.8859
CN,2024-08-20,10Y,2.1710
CN,2024-08-20,30Y,2.3600
CN,2024-08-21,2Y,1.6548
CN,2024-08-21,5Y,1.8761
CN,2024-08-21,10Y,2.1670
CN,2024-08-21,30Y,2.3551
CN,2024-08-22,2Y,1.6297
CN,2024-08-22,5Y,1.8726
CN,2024-08-22,10Y,2.1582
CN,2024-08-22,30Y,2.3476
CN,2024-08-23,2Y,1.5760
CN,2024-08-23,5Y,1.8487
CN,2024-08-23,10Y,2.1547
CN,2024-08-23,30Y,2.3401
CN,2024-08-26,2Y,1.5542
CN,2024-08-26,5Y,1.8447
CN,2024-08-26,10Y,2.1628
CN,2024-08-26,30Y,2.3475
CN,2024-08-27,2Y,1.5542
CN,2024-08-27,5Y,1.8658
CN,2024-08-27,10Y,2.1903
CN,2024-08-27,30Y,2.3825
CN,2024-08-28,2Y,1.5364
CN,2024-08-28,5Y,1.8552
CN,2024-08-28,10Y,2.1673
CN,2024-08-28,30Y,2.3550
CN,2024-08-29,2Y,1.5250
CN,2024-08-29,5Y,1.8671
CN,2024-08-29,10Y,2.1703
CN,2024-08-29,30Y,2.3650
CN,2024-08-30,2Y,1.5197
CN,2024-08-30,5Y,1.8522
CN,2024-08-30,10Y,2.1704
CN,2024-08-30,30Y,2.3651
CN,2024-09-02,2Y,1.4853
CN,2024-09-02,5Y,1.8085
CN,2024-09-02,10Y,2.1457
CN,2024-09-02,30Y,2.3425
CN,2024-09-03,2Y,1.4526
CN,2024-09-03,5Y,1.7853
CN,2024-09-03,10Y,2.1432
CN,2024-09-03,30Y,2.3390
CN,2024-09-04,2Y,1.4595
CN,2024-09-04,5Y,1.7750
CN,2024-09-04,10Y,2.1336
CN,2024-09-04,30Y,2.3225
CN,2024-09-05,2Y,1.4517
CN,2024-09-05,5Y,1.7761
CN,2024-09-05,10Y,2.1338
CN,2024-09-05,30Y,2.3125
CN,2024-09-06,2Y,1.4425
CN,2024-09-06,5Y,1.7790
CN,2024-09-06,10Y,2.1388
CN,2024-09-06,30Y,2.3090
CN,2024-09-09,2Y,1.4234
CN,2024-09-09,5Y,1.7700
CN,2024-09-09,10Y,2.1267
CN,2024-09-09,30Y,2.2900
CN,2024-09-10,2Y,1.3868
CN,2024-09-10,5Y,1.7497
CN,2024-09-10,10Y,2.1143
CN,2024-09-10,30Y,2.2670
CN,2024-09-11,2Y,1.3325
CN,2024-09-11,5Y,1.7175
CN,2024-09-11,10Y,2.1044
CN,2024-09-11,30Y,2.2630
CN,2024-09-12,2Y,1.3470
CN,2024-09-12,5Y,1.7232
CN,2024-09-12,10Y,2.0998
CN,2024-09-12,30Y,2.2471
CN,2024-09-13,2Y,1.3500
CN,2024-09-13,5Y,1.7205
CN,2024-09-13,10Y,2.0724
CN,2024-09-13,30Y,2.2176
CN,2024-09-14,2Y,1.3340
CN,2024-09-14,5Y,1.7009
CN,2024-09-14,10Y,2.0425
CN,2024-09-14,30Y,2.1830
CN,2024-09-18,2Y,1.3590
CN,2024-09-18,5Y,1.7217
CN,2024-09-18,10Y,2.0403
CN,2024-09-18,30Y,2.1650
CN,2024-09-19,2Y,1.3940
CN,2024-09-19,5Y,1.7411
CN,2024-09-19,10Y,2.0450
CN,2024-09-19,30Y,2.1700
CN,2024-09-20,2Y,1.3814
CN,2024-09-20,5Y,1.7281
CN,2024-09-20,10Y,2.0431
CN,2024-09-20,30Y,2.1500
CN,2024-09-23,2Y,1.3890
CN,2024-09-23,5Y,1.7314
CN,2024-09-23,10Y,2.0381
CN,2024-09-23,30Y,2.1400
CN,2024-09-24,2Y,1.4190
CN,2024-09-24,5Y,1.7521
CN,2024-09-24,10Y,2.0728
CN,2024-09-24,30Y,2.1900
CN,2024-09-25,2Y,1.3690
CN,2024-09-25,5Y,1.6995
CN,2024-09-25,10Y,2.0437
CN,2024-09-25,30Y,2.1550
CN,2024-09-26,2Y,1.3890
CN,2024-09-26,5Y,1.7316
CN,2024-09-26,10Y,2.0787
CN,2024-09-26,30Y,2.2200
CN,2024-09-27,2Y,1.4390
CN,2024-09-27,5Y,1.8312
CN,2024-09-27,10Y,2.1714
CN,2024-09-27,30Y,2.3475
CN,2024-09-29,2Y,1.4890
CN,2024-09-29,5Y,1.9312
CN,2024-09-29,10Y,2.2534
CN,2024-09-29,30Y,2.4350
CN,2024-09-30,2Y,1.4590
CN,2024-09-30,5Y,1.8388
CN,2024-09-30,10Y,2.1518
CN,2024-09-30,30Y,2.3550
CN,2024-10-08,2Y,1.5190
CN,2024-10-08,5Y,1.9106
CN,2024-10-08,10Y,2.1928
CN,2024-10-08,30Y,2.3800
CN,2024-10-09,2Y,1.5670
CN,2024-10-09,5Y,1.8886
CN,2024-10-09,10Y,2.1760
CN,2024-10-09,30Y,2.3576
CN,2024-10-10,2Y,1.5806
CN,2024-10-10,5Y,1.8326
CN,2024-10-10,10Y,2.1441
CN,2024-10-10,30Y,2.2900
CN,2024-10-11,2Y,1.5600
CN,2024-10-11,5Y,1.8171
CN,2024-10-11,10Y,2.1392
CN,2024-10-11,30Y,2.3000
CN,2024-10-12,2Y,1.5550
CN,2024-10-12,5Y,1.8122
CN,2024-10-12,10Y,2.1441
CN,2024-10-12,30Y,2.3000
CN,2024-10-14,2Y,1.5556
CN,2024-10-14,5Y,1.8190
CN,2024-10-14,10Y,2.1368
CN,2024-10-14,30Y,2.3126
CN,2024-10-15,2Y,1.5557
CN,2024-10-15,5Y,1.8065
CN,2024-10-15,10Y,2.1254
CN,2024-10-15,30Y,2.3125
CN,2024-10-16,2Y,1.5455
CN,2024-10-16,5Y,1.8215
CN,2024-10-16,10Y,2.1331
CN,2024-10-16,30Y,2.3280
CN,2024-10-17,2Y,1.4838
CN,2024-10-17,5Y,1.7805
CN,2024-10-17,10Y,2.1084
CN,2024-10-17,30Y,2.2950
CN,2024-10-18,2Y,1.5048
CN,2024-10-18,5Y,1.7882
CN,2024-10-18,10Y,2.1209
CN,2024-10-18,30Y,2.3050
CN,2024-10-21,2Y,1.5267
CN,2024-10-21,5Y,1.7938
CN,2024-10-21,10Y,2.1211
CN,2024-10-21,30Y,2.3075
CN,2024-10-22,2Y,1.5538
CN,2024-10-22,5Y,1.8316
CN,2024-10-22,10Y,2.1458
CN,2024-10-22,30Y,2.3400
CN,2024-10-23,2Y,1.5708
CN,2024-10-23,5Y,1.8443
CN,2024-10-23,10Y,2.1559
CN,2024-10-23,30Y,2.3550
CN,2024-10-24,2Y,1.5603
CN,2024-10-24,5Y,1.8521
CN,2024-10-24,10Y,2.1661
CN,2024-10-24,30Y,2.3550
CN,2024-10-25,2Y,1.4975
CN,2024-10-25,5Y,1.8428
CN,2024-10-25,10Y,2.1539
CN,2024-10-25,30Y,2.3600
CN,2024-10-28,2Y,1.5042
CN,2024-10-28,5Y,1.8336
CN,2024-10-28,10Y,2.1617
CN,2024-10-28,30Y,2.3800
CN,2024-10-29,2Y,1.4898
CN,2024-10-29,5Y,1.8291
CN,2024-10-29,10Y,2.1598
CN,2024-10-29,30Y,2.3660
CN,2024-10-30,2Y,1.4731
CN,2024-10-30,5Y,1.8220
CN,2024-10-30,10Y,2.1597
CN,2024-10-30,30Y,2.3600
CN,2024-10-31,2Y,1.4482
CN,2024-10-31,5Y,1.7947
CN,2024-10-31,10Y,2.1476
CN,2024-10-31,30Y,2.3350
CN,2024-11-01,2Y,1.4338
CN,2024-11-01,5Y,1.7674
CN,2024-11-01,10Y,2.1406
CN,2024-11-01,30Y,2.3175
CN,2024-11-04,2Y,1.4297
CN,2024-11-04,5Y,1.7786
CN,2024-11-04,10Y,2.1275
CN,2024-11-04,30Y,2.3050
CN,2024-11-05,2Y,1.4396
CN,2024-11-05,5Y,1.7691
CN,2024-11-05,10Y,2.1106
CN,2024-11-05,30Y,2.2825
CN,2024-11-06,2Y,1.4390
CN,2024-11-06,5Y,1.7748
CN,2024-11-06,10Y,2.1234
CN,2024-11-06,30Y,2.2900
CN,2024-11-07,2Y,1.4228
CN,2024-11-07,5Y,1.7552
CN,2024-11-07,10Y,2.1115
CN,2024-11-07,30Y,2.2800
CN,2024-11-08,2Y,1.4175
CN,2024-11-08,5Y,1.7427
CN,2024-11-08,10Y,2.1067
CN,2024-11-08,30Y,2.2775
CN,2024-11-11,2Y,1.4131
CN,2024-11-11,5Y,1.7409
CN,2024-11-11,10Y,2.0920
CN,2024-11-11,30Y,2.2575
CN,2024-11-12,2Y,1.4081
CN,2024-11-12,5Y,1.7130
CN,2024-11-12,10Y,2.0729
CN,2024-11-12,30Y,2.2360
CN,2024-11-13,2Y,1.4209
CN,2024-11-13,5Y,1.7186
CN,2024-11-13,10Y,2.0876
CN,2024-11-13,30Y,2.2600
CN,2024-11-14,2Y,1.4146
CN,2024-11-14,5Y,1.7065
CN,2024-11-14,10Y,2.0808
CN,2024-11-14,30Y,2.2610
CN,2024-11-15,2Y,1.4034
CN,2024-11-15,5Y,1.7099
CN,2024-11-15,10Y,2.0948
CN,2024-11-15,30Y,2.2825
CN,2024-11-18,2Y,1.4055
CN,2024-11-18,5Y,1.7240
CN,2024-11-18,10Y,2.1117
CN,2024-11-18,30Y,2.3175
CN,2024-11-19,2Y,1.4016
CN,2024-11-19,5Y,1.7122
CN,2024-11-19,10Y,2.0947
CN,2024-11-19,30Y,2.2860
CN,2024-11-20,2Y,1.3974
CN,2024-11-20,5Y,1.7074
CN,2024-11-20,10Y,2.1025
CN,2024-11-20,30Y,2.3050
CN,2024-11-21,2Y,1.3836
CN,2024-11-21,5Y,1.6977
CN,2024-11-21,10Y,2.0843
CN,2024-11-21,30Y,2.2751
CN,2024-11-22,2Y,1.3890
CN,2024-11-22,5Y,1.7031
CN,2024-11-22,10Y,2.0832
CN,2024-11-22,30Y,2.2650
CN,2024-11-25,2Y,1.3852
CN,2024-11-25,5Y,1.6936
CN,2024-11-25,10Y,2.0682
CN,2024-11-25,30Y,2.2410
CN,2024-11-26,2Y,1.3902
CN,2024-11-26,5Y,1.6988
CN,2024-11-26,10Y,2.0657
CN,2024-11-26,30Y,2.2450
CN,2024-11-27,2Y,1.3926
CN,2024-11-27,5Y,1.7021
CN,2024-11-27,10Y,2.0553
CN,2024-11-27,30Y,2.2500
CN,2024-11-28,2Y,1.3881
CN,2024-11-28,5Y,1.6842
CN,2024-11-28,10Y,2.0304
CN,2024-11-28,30Y,2.2180
CN,2024-11-29,2Y,1.3671
CN,2024-11-29,5Y,1.6598
CN,2024-11-29,10Y,2.0206
CN,2024-11-29,30Y,2.2025
CN,2024-12-02,2Y,1.3229
CN,2024-12-02,5Y,1.6150
CN,2024-12-02,10Y,1.9810
CN,2024-12-02,30Y,2.1700
CN,2024-12-03,2Y,1.3280
CN,2024-12-03,5Y,1.6257
CN,2024-12-03,10Y,1.9886
CN,2024-12-03,30Y,2.1675
CN,2024-12-04,2Y,1.3039
CN,2024-12-04,5Y,1.6026
CN,2024-12-04,10Y,1.9612
CN,2024-12-04,30Y,2.1375
CN,2024-12-05,2Y,1.3037
CN,2024-12-05,5Y,1.6086
CN,2024-12-05,10Y,1.9462
CN,2024-12-05,30Y,2.1425
CN,2024-12-06,2Y,1.3184
CN,2024-12-06,5Y,1.6111
CN,2024-12-06,10Y,1.9539
CN,2024-12-06,30Y,2.1585
CN,2024-12-09,2Y,1.3165
CN,2024-12-09,5Y,1.5850
CN,2024-12-09,10Y,1.9168
CN,2024-12-09,30Y,2.1151
CN,2024-12-10,2Y,1.2645
CN,2024-12-10,5Y,1.5454
CN,2024-12-10,10Y,1.8468
CN,2024-12-10,30Y,2.0551
CN,2024-12-11,2Y,1.2644
CN,2024-12-11,5Y,1.5300
CN,2024-12-11,10Y,1.8218
CN,2024-12-11,30Y,2.0401
CN,2024-12-12,2Y,1.2261
CN,2024-12-12,5Y,1.4844
CN,2024-12-12,10Y,1.8172
CN,2024-12-12,30Y,2.0430
CN,2024-12-13,2Y,1.1770
CN,2024-12-13,5Y,1.4353
CN,2024-12-13,10Y,1.7771
CN,2024-12-13,30Y,2.0050
CN,2024-12-16,2Y,1.1598
CN,2024-12-16,5Y,1.4176
CN,2024-12-16,10Y,1.7215
CN,2024-12-16,30Y,1.9526
CN,2024-12-17,2Y,1.1734
CN,2024-12-17,5Y,1.4417
CN,2024-12-17,10Y,1.7237
CN,2024-12-17,30Y,1.9591
CN,2024-12-18,2Y,1.1405
CN,2024-12-18,5Y,1.4515
CN,2024-12-18,10Y,1.7564
CN,2024-12-18,30Y,1.9961
CN,2024-12-19,2Y,1.1310
CN,2024-12-19,5Y,1.4161
CN,2024-12-19,10Y,1.7417
CN,2024-12-19,30Y,1.9926
CN,2024-12-20,2Y,1.0706
CN,2024-12-20,5Y,1.3727
CN,2024-12-20,10Y,1.7018
CN,2024-12-20,30Y,1.9526
CN,2024-12-23,2Y,1.0596
CN,2024-12-23,5Y,1.3915
CN,2024-12-23,10Y,1.7019
CN,2024-12-23,30Y,1.9526
CN,2024-12-24,2Y,1.0521
CN,2024-12-24,5Y,1.4199
CN,2024-12-24,10Y,1.7166
CN,2024-12-24,30Y,1.9926
CN,2024-12-25,2Y,1.0814
CN,2024-12-25,5Y,1.4591
CN,2024-12-25,10Y,1.7365
CN,2024-12-25,30Y,2.0070
CN,2024-12-26,2Y,1.1000
CN,2024-12-26,5Y,1.4370
CN,2024-12-26,10Y,1.7122
CN,2024-12-26,30Y,1.9701
CN,2024-12-27,2Y,1.1320
CN,2024-12-27,5Y,1.4059
CN,2024-12-27,10Y,1.6929
CN,2024-12-27,30Y,1.9476
CN,2024-12-30,2Y,1.1520
CN,2024-12-30,5Y,1.4413
CN,2024-12-30,10Y,1.7128
CN,2024-12-30,30Y,1.9476
CN,2024-12-31,2Y,1.1370
CN,2024-12-31,5Y,1.4152
CN,2024-12-31,10Y,1.6752
CN,2024-12-31,30Y,1.9121
CN,2025-01-02,2Y,1.1011
CN,2025-01-02,5Y,1.3976
CN,2025-01-02,10Y,1.6077
CN,2025-01-02,30Y,1.8397
CN,2025-01-03,2Y,1.0205
CN,2025-01-03,5Y,1.3409
CN,2025-01-03,10Y,1.6041
CN,2025-01-03,30Y,1.8501
CN,2025-01-06,2Y,1.0133
CN,2025-01-06,5Y,1.3493
CN,2025-01-06,10Y,1.5966
CN,2025-01-06,30Y,1.8327
CN,2025-01-07,2Y,1.0483
CN,2025-01-07,5Y,1.3895
CN,2025-01-07,10Y,1.6093
CN,2025-01-07,30Y,1.8602
CN,2025-01-08,2Y,1.0908
CN,2025-01-08,5Y,1.3948
CN,2025-01-08,10Y,1.6069
CN,2025-01-08,30Y,1.8702
CN,2025-01-09,2Y,1.1708
CN,2025-01-09,5Y,1.4465
CN,2025-01-09,10Y,1.6368
CN,2025-01-09,30Y,1.8932
CN,2025-01-10,2Y,1.2112
CN,2025-01-10,5Y,1.4342
CN,2025-01-10,10Y,1.6338
CN,2025-01-10,30Y,1.8752
CN,2025-01-13,2Y,1.2516
CN,2025-01-13,5Y,1.4792
CN,2025-01-13,10Y,1.6592
CN,2025-01-13,30Y,1.9051
CN,2025-01-14,2Y,1.2210
CN,2025-01-14,5Y,1.4157
CN,2025-01-14,10Y,1.6446
CN,2025-01-14,30Y,1.8652
CN,2025-01-15,2Y,1.2135
CN,2025-01-15,5Y,1.4207
CN,2025-01-15,10Y,1.6330
CN,2025-01-15,30Y,1.8602
CN,2025-01-16,2Y,1.2366
CN,2025-01-16,5Y,1.4257
CN,2025-01-16,10Y,1.6394
CN,2025-01-16,30Y,1.8677
CN,2025-01-17,2Y,1.2708
CN,2025-01-17,5Y,1.4307
CN,2025-01-17,10Y,1.6593
CN,2025-01-17,30Y,1.9150
CN,2025-01-20,2Y,1.2755
CN,2025-01-20,5Y,1.4357
CN,2025-01-20,10Y,1.6747
CN,2025-01-20,30Y,1.9225
CN,2025-01-21,2Y,1.2506
CN,2025-01-21,5Y,1.4107
CN,2025-01-21,10Y,1.6496
CN,2025-01-21,30Y,1.8900
CN,2025-01-22,2Y,1.2554
CN,2025-01-22,5Y,1.4257
CN,2025-01-22,10Y,1.6602
CN,2025-01-22,30Y,1.9000
CN,2025-01-23,2Y,1.2804
CN,2025-01-23,5Y,1.4557
CN,2025-01-23,10Y,1.6645
CN,2025-01-23,30Y,1.9000
CN,2025-01-24,2Y,1.3004
CN,2025-01-24,5Y,1.4657
CN,2025-01-24,10Y,1.6565
CN,2025-01-24,30Y,1.8900
CN,2025-01-26,2Y,1.3154
CN,2025-01-26,5Y,1.4557
CN,2025-01-26,10Y,1.6537
CN,2025-01-26,30Y,1.8910
CN,2025-01-27,2Y,1.2515
CN,2025-01-27,5Y,1.4124
CN,2025-01-27,10Y,1.6299
CN,2025-01-27,30Y,1.8675
CN,2025-02-05,2Y,1.2521
CN,2025-02-05,5Y,1.4049
CN,2025-02-05,10Y,1.6207
CN,2025-02-05,30Y,1.8375
CN,2025-02-06,2Y,1.2129
CN,2025-02-06,5Y,1.3791
CN,2025-02-06,10Y,1.5958
CN,2025-02-06,30Y,1.8050
CN,2025-02-07,2Y,1.2370
CN,2025-02-07,5Y,1.3945
CN,2025-02-07,10Y,1.6032
CN,2025-02-07,30Y,1.8025
CN,2025-02-08,2Y,1.2370
CN,2025-02-08,5Y,1.3945
CN,2025-02-08,10Y,1.6057
CN,2025-02-08,30Y,1.8050
CN,2025-02-10,2Y,1.2721
CN,2025-02-10,5Y,1.4377
CN,2025-02-10,10Y,1.6342
CN,2025-02-10,30Y,1.8250
CN,2025-02-11,2Y,1.2736
CN,2025-02-11,5Y,1.4279
CN,2025-02-11,10Y,1.6274
CN,2025-02-11,30Y,1.8075
CN,2025-02-12,2Y,1.2758
CN,2025-02-12,5Y,1.4380
CN,2025-02-12,10Y,1.6336
CN,2025-02-12,30Y,1.8090
CN,2025-02-13,2Y,1.3023
CN,2025-02-13,5Y,1.4480
CN,2025-02-13,10Y,1.6346
CN,2025-02-13,30Y,1.7990
CN,2025-02-14,2Y,1.3606
CN,2025-02-14,5Y,1.4804
CN,2025-02-14,10Y,1.6546
CN,2025-02-14,30Y,1.8200
CN,2025-02-17,2Y,1.3854
CN,2025-02-17,5Y,1.5035
CN,2025-02-17,10Y,1.6934
CN,2025-02-17,30Y,1.8600
CN,2025-02-18,2Y,1.3916
CN,2025-02-18,5Y,1.5335
CN,2025-02-18,10Y,1.7006
CN,2025-02-18,30Y,1.8600
CN,2025-02-19,2Y,1.3676
CN,2025-02-19,5Y,1.5029
CN,2025-02-19,10Y,1.6626
CN,2025-02-19,30Y,1.8400
CN,2025-02-20,2Y,1.4267
CN,2025-02-20,5Y,1.5379
CN,2025-02-20,10Y,1.6850
CN,2025-02-20,30Y,1.8700
CN,2025-02-21,2Y,1.4706
CN,2025-02-21,5Y,1.6045
CN,2025-02-21,10Y,1.7200
CN,2025-02-21,30Y,1.9050
CN,2025-02-24,2Y,1.4726
CN,2025-02-24,5Y,1.6451
CN,2025-02-24,10Y,1.7625
CN,2025-02-24,30Y,1.9450
CN,2025-02-25,2Y,1.4449
CN,2025-02-25,5Y,1.6222
CN,2025-02-25,10Y,1.7275
CN,2025-02-25,30Y,1.9150
CN,2025-02-26,2Y,1.4239
CN,2025-02-26,5Y,1.6100
CN,2025-02-26,10Y,1.7251
CN,2025-02-26,30Y,1.9100
CN,2025-02-27,2Y,1.4639
CN,2025-02-27,5Y,1.6440
CN,2025-02-27,10Y,1.7576
CN,2025-02-27,30Y,1.9350
CN,2025-02-28,2Y,1.4253
CN,2025-02-28,5Y,1.6041
CN,2025-02-28,10Y,1.7152
CN,2025-02-28,30Y,1.9050
CN,2025-03-03,2Y,1.3834
CN,2025-03-03,5Y,1.5565
CN,2025-03-03,10Y,1.6955
CN,2025-03-03,30Y,1.8900
CN,2025-03-04,2Y,1.4056
CN,2025-03-04,5Y,1.5639
CN,2025-03-04,10Y,1.7079
CN,2025-03-04,30Y,1.9000
CN,2025-03-05,2Y,1.3995
CN,2025-03-05,5Y,1.5527
CN,2025-03-05,10Y,1.7083
CN,2025-03-05,30Y,1.8925
CN,2025-03-06,2Y,1.4470
CN,2025-03-06,5Y,1.5980
CN,2025-03-06,10Y,1.7455
CN,2025-03-06,30Y,1.9325
CN,2025-03-07,2Y,1.5070
CN,2025-03-07,5Y,1.6672
CN,2025-03-07,10Y,1.8002
CN,2025-03-07,30Y,1.9750
CN,2025-03-10,2Y,1.5355
CN,2025-03-10,5Y,1.6744
CN,2025-03-10,10Y,1.8128
CN,2025-03-10,30Y,1.9850
CN,2025-03-11,2Y,1.5975
CN,2025-03-11,5Y,1.7368
CN,2025-03-11,10Y,1.8853
CN,2025-03-11,30Y,2.0350
CN,2025-03-12,2Y,1.5578
CN,2025-03-12,5Y,1.6668
CN,2025-03-12,10Y,1.8334
CN,2025-03-12,30Y,2.0125
CN,2025-03-13,2Y,1.5644
CN,2025-03-13,5Y,1.6792
CN,2025-03-13,10Y,1.8565
CN,2025-03-13,30Y,2.0400
CN,2025-03-14,2Y,1.5474
CN,2025-03-14,5Y,1.6416
CN,2025-03-14,10Y,1.8317
CN,2025-03-14,30Y,2.0400
CN,2025-03-17,2Y,1.5774
CN,2025-03-17,5Y,1.7123
CN,2025-03-17,10Y,1.8957
CN,2025-03-17,30Y,2.1150
CN,2025-03-18,2Y,1.5374
CN,2025-03-18,5Y,1.6974
CN,2025-03-18,10Y,1.8885
CN,2025-03-18,30Y,2.1151
CN,2025-03-19,2Y,1.6027
CN,2025-03-19,5Y,1.6991
CN,2025-03-19,10Y,1.8708
CN,2025-03-19,30Y,2.1051
CN,2025-03-20,2Y,1.5550
CN,2025-03-20,5Y,1.6741
CN,2025-03-20,10Y,1.8309
CN,2025-03-20,30Y,2.0526
CN,2025-03-21,2Y,1.5804
CN,2025-03-21,5Y,1.6981
CN,2025-03-21,10Y,1.8458
CN,2025-03-21,30Y,2.0676
CN,2025-03-24,2Y,1.5863
CN,2025-03-24,5Y,1.6927
CN,2025-03-24,10Y,1.8413
CN,2025-03-24,30Y,2.0501
CN,2025-03-25,2Y,1.5811
CN,2025-03-25,5Y,1.6773
CN,2025-03-25,10Y,1.8183
CN,2025-03-25,30Y,2.0276
CN,2025-03-26,2Y,1.5610
CN,2025-03-26,5Y,1.6517
CN,2025-03-26,10Y,1.7943
CN,2025-03-26,30Y,2.0001
CN,2025-03-27,2Y,1.5508
CN,2025-03-27,5Y,1.6579
CN,2025-03-27,10Y,1.8062
CN,2025-03-27,30Y,2.0101
CN,2025-03-28,2Y,1.5302
CN,2025-03-28,5Y,1.6562
CN,2025-03-28,10Y,1.8126
CN,2025-03-28,30Y,2.0251
CN,2025-03-31,2Y,1.5663
CN,2025-03-31,5Y,1.6523
CN,2025-03-31,10Y,1.8129
CN,2025-03-31,30Y,2.0226
CN,2025-04-01,2Y,1.5791
CN,2025-04-01,5Y,1.6669
CN,2025-04-01,10Y,1.8104
CN,2025-04-01,30Y,2.0201
CN,2025-04-02,2Y,1.5611
CN,2025-04-02,5Y,1.6368
CN,2025-04-02,10Y,1.7887
CN,2025-04-02,30Y,1.9801
CN,2025-04-03,2Y,1.4853
CN,2025-04-03,5Y,1.5616
CN,2025-04-03,10Y,1.7180
CN,2025-04-03,30Y,1.9052
CN,2025-04-07,2Y,1.4278
CN,2025-04-07,5Y,1.4967
CN,2025-04-07,10Y,1.6318
CN,2025-04-07,30Y,1.8252
CN,2025-04-08,2Y,1.4703
CN,2025-04-08,5Y,1.5452
CN,2025-04-08,10Y,1.6633
CN,2025-04-08,30Y,1.8551
CN,2025-04-09,2Y,1.4328
CN,2025-04-09,5Y,1.5216
CN,2025-04-09,10Y,1.6508
CN,2025-04-09,30Y,1.8552
CN,2025-04-10,2Y,1.4053
CN,2025-04-10,5Y,1.4916
CN,2025-04-10,10Y,1.6444
CN,2025-04-10,30Y,1.8602
CN,2025-04-11,2Y,1.3979
CN,2025-04-11,5Y,1.4895
CN,2025-04-11,10Y,1.6568
CN,2025-04-11,30Y,1.8627
CN,2025-04-14,2Y,1.4131
CN,2025-04-14,5Y,1.5043
CN,2025-04-14,10Y,1.6584
CN,2025-04-14,30Y,1.8602
CN,2025-04-15,2Y,1.4230
CN,2025-04-15,5Y,1.5015
CN,2025-04-15,10Y,1.6583
CN,2025-04-15,30Y,1.8602
CN,2025-04-16,2Y,1.4261
CN,2025-04-16,5Y,1.4896
CN,2025-04-16,10Y,1.6430
CN,2025-04-16,30Y,1.8652
CN,2025-04-17,2Y,1.4413
CN,2025-04-17,5Y,1.5048
CN,2025-04-17,10Y,1.6522
CN,2025-04-17,30Y,1.8982
CN,2025-04-18,2Y,1.4495
CN,2025-04-18,5Y,1.5040
CN,2025-04-18,10Y,1.6493
CN,2025-04-18,30Y,1.9042
CN,2025-04-21,2Y,1.4618
CN,2025-04-21,5Y,1.5303
CN,2025-04-21,10Y,1.6664
CN,2025-04-21,30Y,1.9227
CN,2025-04-22,2Y,1.4567
CN,2025-04-22,5Y,1.5179
CN,2025-04-22,10Y,1.6509
CN,2025-04-22,30Y,1.9052
CN,2025-04-23,2Y,1.4725
CN,2025-04-23,5Y,1.5379
CN,2025-04-23,10Y,1.6611
CN,2025-04-23,30Y,1.9279
CN,2025-04-24,2Y,1.4781
CN,2025-04-24,5Y,1.5470
CN,2025-04-24,10Y,1.6640
CN,2025-04-24,30Y,1.9327
CN,2025-04-25,2Y,1.4838
CN,2025-04-25,5Y,1.5433
CN,2025-04-25,10Y,1.6606
CN,2025-04-25,30Y,1.9276
CN,2025-04-27,2Y,1.4788
CN,2025-04-27,5Y,1.5443
CN,2025-04-27,10Y,1.6607
CN,2025-04-27,30Y,1.9252
CN,2025-04-28,2Y,1.4830
CN,2025-04-28,5Y,1.5393
CN,2025-04-28,10Y,1.6483
CN,2025-04-28,30Y,1.9005
CN,2025-04-29,2Y,1.4616
CN,2025-04-29,5Y,1.5352
CN,2025-04-29,10Y,1.6241
CN,2025-04-29,30Y,1.8225
CN,2025-04-30,2Y,1.4507
CN,2025-04-30,5Y,1.5163
CN,2025-04-30,10Y,1.6243
CN,2025-04-30,30Y,1.8240
CN,2025-05-06,2Y,1.4540
CN,2025-05-06,5Y,1.5255
CN,2025-05-06,10Y,1.6298
CN,2025-05-06,30Y,1.8270
CN,2025-05-07,2Y,1.4415
CN,2025-05-07,5Y,1.5156
CN,2025-05-07,10Y,1.6418
CN,2025-05-07,30Y,1.8475
CN,2025-05-08,2Y,1.4067
CN,2025-05-08,5Y,1.5009
CN,2025-05-08,10Y,1.6331
CN,2025-05-08,30Y,1.8375
CN,2025-05-09,2Y,1.4296
CN,2025-05-09,5Y,1.4957
CN,2025-05-09,10Y,1.6351
CN,2025-05-09,30Y,1.8425
CN,2025-05-12,2Y,1.4375
CN,2025-05-12,5Y,1.5519
CN,2025-05-12,10Y,1.6880
CN,2025-05-12,30Y,1.9050
CN,2025-05-13,2Y,1.4167
CN,2025-05-13,5Y,1.5421
CN,2025-05-13,10Y,1.6704
CN,2025-05-13,30Y,1.8790
CN,2025-05-14,2Y,1.4356
CN,2025-05-14,5Y,1.5622
CN,2025-05-14,10Y,1.6736
CN,2025-05-14,30Y,1.8775
CN,2025-05-15,2Y,1.4540
CN,2025-05-15,5Y,1.5770
CN,2025-05-15,10Y,1.6798
CN,2025-05-15,30Y,1.8825
CN,2025-05-16,2Y,1.4749
CN,2025-05-16,5Y,1.5770
CN,2025-05-16,10Y,1.6793
CN,2025-05-16,30Y,1.8780
CN,2025-05-19,2Y,1.4645
CN,2025-05-19,5Y,1.5672
CN,2025-05-19,10Y,1.6893
CN,2025-05-19,30Y,1.8610
CN,2025-05-20,2Y,1.4834
CN,2025-05-20,5Y,1.5722
CN,2025-05-20,10Y,1.7004
CN,2025-05-20,30Y,1.8720
CN,2025-05-21,2Y,1.4775
CN,2025-05-21,5Y,1.5647
CN,2025-05-21,10Y,1.7100
CN,2025-05-21,30Y,1.8850
CN,2025-05-22,2Y,1.4801
CN,2025-05-22,5Y,1.5649
CN,2025-05-22,10Y,1.7186
CN,2025-05-22,30Y,1.8870
CN,2025-05-23,2Y,1.4747
CN,2025-05-23,5Y,1.5650
CN,2025-05-23,10Y,1.7208
CN,2025-05-23,30Y,1.8890
CN,2025-05-26,2Y,1.4676
CN,2025-05-26,5Y,1.5628
CN,2025-05-26,10Y,1.7201
CN,2025-05-26,30Y,1.8875
CN,2025-05-27,2Y,1.4723
CN,2025-05-27,5Y,1.5703
CN,2025-05-27,10Y,1.7261
CN,2025-05-27,30Y,1.9010
CN,2025-05-28,2Y,1.4755
CN,2025-05-28,5Y,1.5753
CN,2025-05-28,10Y,1.6832
CN,2025-05-28,30Y,1.9060
CN,2025-05-29,2Y,1.4875
CN,2025-05-29,5Y,1.5903
CN,2025-05-29,10Y,1.6877
CN,2025-05-29,30Y,1.9160
CN,2025-05-30,2Y,1.4617
CN,2025-05-30,5Y,1.5640
CN,2025-05-30,10Y,1.6712
CN,2025-05-30,30Y,1.8960
CN,2025-06-03,2Y,1.4831
CN,2025-06-03,5Y,1.5797
CN,2025-06-03,10Y,1.6764
CN,2025-06-03,30Y,1.8950
CN,2025-06-04,2Y,1.4620
CN,2025-06-04,5Y,1.5650
CN,2025-06-04,10Y,1.6704
CN,2025-06-04,30Y,1.8910
CN,2025-06-05,2Y,1.4391
CN,2025-06-05,5Y,1.5585
CN,2025-06-05,10Y,1.6741
CN,2025-06-05,30Y,1.8960
CN,2025-06-06,2Y,1.4257
CN,2025-06-06,5Y,1.5459
CN,2025-06-06,10Y,1.6547
CN,2025-06-06,30Y,1.8760
CN,2025-06-09,2Y,1.4286
CN,2025-06-09,5Y,1.5437
CN,2025-06-09,10Y,1.6559
CN,2025-06-09,30Y,1.8700
CN,2025-06-10,2Y,1.4331
CN,2025-06-10,5Y,1.5456
CN,2025-06-10,10Y,1.6569
CN,2025-06-10,30Y,1.8695
CN,2025-06-11,2Y,1.4186
CN,2025-06-11,5Y,1.5426
CN,2025-06-11,10Y,1.6420
CN,2025-06-11,30Y,1.8490
CN,2025-06-12,2Y,1.4263
CN,2025-06-12,5Y,1.5437
CN,2025-06-12,10Y,1.6475
CN,2025-06-12,30Y,1.8485
CN,2025-06-13,2Y,1.4132
CN,2025-06-13,5Y,1.5447
CN,2025-06-13,10Y,1.6440
CN,2025-06-13,30Y,1.8495
CN,2025-06-16,2Y,1.4032
CN,2025-06-16,5Y,1.5401
CN,2025-06-16,10Y,1.6432
CN,2025-06-16,30Y,1.8510
CN,2025-06-17,2Y,1.3712
CN,2025-06-17,5Y,1.5101
CN,2025-06-17,10Y,1.6364
CN,2025-06-17,30Y,1.8425
CN,2025-06-18,2Y,1.3701
CN,2025-06-18,5Y,1.5082
CN,2025-06-18,10Y,1.6384
CN,2025-06-18,30Y,1.8455
CN,2025-06-19,2Y,1.3701
CN,2025-06-19,5Y,1.5078
CN,2025-06-19,10Y,1.6425
CN,2025-06-19,30Y,1.8431
CN,2025-06-20,2Y,1.3662
CN,2025-06-20,5Y,1.5025
CN,2025-06-20,10Y,1.6396
CN,2025-06-20,30Y,1.8376
CN,2025-06-23,2Y,1.3683
CN,2025-06-23,5Y,1.5027
CN,2025-06-23,10Y,1.6418
CN,2025-06-23,30Y,1.8381
CN,2025-06-24,2Y,1.3733
CN,2025-06-24,5Y,1.5129
CN,2025-06-24,10Y,1.6480
CN,2025-06-24,30Y,1.8506
CN,2025-06-25,2Y,1.3728
CN,2025-06-25,5Y,1.5214
CN,2025-06-25,10Y,1.6544
CN,2025-06-25,30Y,1.8621
CN,2025-06-26,2Y,1.3703
CN,2025-06-26,5Y,1.5139
CN,2025-06-26,10Y,1.6462
CN,2025-06-26,30Y,1.8491
CN,2025-06-27,2Y,1.3605
CN,2025-06-27,5Y,1.5065
CN,2025-06-27,10Y,1.6462
CN,2025-06-27,30Y,1.8496
CN,2025-06-30,2Y,1.3635
CN,2025-06-30,5Y,1.5129
CN,2025-06-30,10Y,1.6469
CN,2025-06-30,30Y,1.8611
CN,2025-07-01,2Y,1.3663
CN,2025-07-01,5Y,1.5075
CN,2025-07-01,10Y,1.6433
CN,2025-07-01,30Y,1.8516
CN,2025-07-02,2Y,1.3586
CN,2025-07-02,5Y,1.4975
CN,2025-07-02,10Y,1.6396
CN,2025-07-02,30Y,1.8451
CN,2025-07-03,2Y,1.3611
CN,2025-07-03,5Y,1.4933
CN,2025-07-03,10Y,1.6407
CN,2025-07-03,30Y,1.8486
CN,2025-07-04,2Y,1.3534
CN,2025-07-04,5Y,1.4929
CN,2025-07-04,10Y,1.6433
CN,2025-07-04,30Y,1.8516
CN,2025-07-07,2Y,1.3508
CN,2025-07-07,5Y,1.4932
CN,2025-07-07,10Y,1.6406
CN,2025-07-07,30Y,1.8536
CN,2025-07-08,2Y,1.3633
CN,2025-07-08,5Y,1.5032
CN,2025-07-08,10Y,1.6444
CN,2025-07-08,30Y,1.8596
CN,2025-07-09,2Y,1.3771
CN,2025-07-09,5Y,1.5141
CN,2025-07-09,10Y,1.6446
CN,2025-07-09,30Y,1.8566
CN,2025-07-10,2Y,1.3965
CN,2025-07-10,5Y,1.5236
CN,2025-07-10,10Y,1.6616
CN,2025-07-10,30Y,1.8746
CN,2025-07-11,2Y,1.3995
CN,2025-07-11,5Y,1.5292
CN,2025-07-11,10Y,1.6653
CN,2025-07-11,30Y,1.8741
CN,2025-07-14,2Y,1.4127
CN,2025-07-14,5Y,1.5417
CN,2025-07-14,10Y,1.6726
CN,2025-07-14,30Y,1.8821
CN,2025-07-15,2Y,1.3921
CN,2025-07-15,5Y,1.5251
CN,2025-07-15,10Y,1.6557
CN,2025-07-15,30Y,1.8601
CN,2025-07-16,2Y,1.3875
CN,2025-07-16,5Y,1.5273
CN,2025-07-16,10Y,1.6617
CN,2025-07-16,30Y,1.8661
CN,2025-07-17,2Y,1.3851
CN,2025-07-17,5Y,1.5248
CN,2025-07-17,10Y,1.6630
CN,2025-07-17,30Y,1.8830
CN,2025-07-18,2Y,1.3803
CN,2025-07-18,5Y,1.5256
CN,2025-07-18,10Y,1.6652
CN,2025-07-18,30Y,1.8885
CN,2025-07-21,2Y,1.3908
CN,2025-07-21,5Y,1.5421
CN,2025-07-21,10Y,1.6774
CN,2025-07-21,30Y,1.9115
CN,2025-07-22,2Y,1.3934
CN,2025-07-22,5Y,1.5559
CN,2025-07-22,10Y,1.6907
CN,2025-07-22,30Y,1.9335
CN,2025-07-23,2Y,1.4087
CN,2025-07-23,5Y,1.5749
CN,2025-07-23,10Y,1.7041
CN,2025-07-23,30Y,1.9380
CN,2025-07-24,2Y,1.4556
CN,2025-07-24,5Y,1.5939
CN,2025-07-24,10Y,1.7376
CN,2025-07-24,30Y,1.9790
CN,2025-07-25,2Y,1.4355
CN,2025-07-25,5Y,1.6048
CN,2025-07-25,10Y,1.7324
CN,2025-07-25,30Y,1.9725
CN,2025-07-28,2Y,1.4155
CN,2025-07-28,5Y,1.5848
CN,2025-07-28,10Y,1.7146
CN,2025-07-28,30Y,1.9525
CN,2025-07-29,2Y,1.4445
CN,2025-07-29,5Y,1.6107
CN,2025-07-29,10Y,1.7466
CN,2025-07-29,30Y,1.9980
CN,2025-07-30,2Y,1.4289
CN,2025-07-30,5Y,1.5859
CN,2025-07-30,10Y,1.7180
CN,2025-07-30,30Y,1.9600
CN,2025-07-31,2Y,1.4195
CN,2025-07-31,5Y,1.5710
CN,2025-07-31,10Y,1.7044
CN,2025-07-31,30Y,1.9450
CN,2025-08-01,2Y,1.4258
CN,2025-08-01,5Y,1.5686
CN,2025-08-01,10Y,1.7059
CN,2025-08-01,30Y,1.9490
CN,2025-08-04,2Y,1.4253
CN,2025-08-04,5Y,1.5768
CN,2025-08-04,10Y,1.7083
CN,2025-08-04,30Y,1.9500
CN,2025-08-05,2Y,1.4253
CN,2025-08-05,5Y,1.5719
CN,2025-08-05,10Y,1.7061
CN,2025-08-05,30Y,1.9585
CN,2025-08-06,2Y,1.4154
CN,2025-08-06,5Y,1.5620
CN,2025-08-06,10Y,1.6999
CN,2025-08-06,30Y,1.9580
CN,2025-08-07,2Y,1.4054
CN,2025-08-07,5Y,1.5471
CN,2025-08-07,10Y,1.6894
CN,2025-08-07,30Y,1.9510
CN,2025-08-08,2Y,1.3956
CN,2025-08-08,5Y,1.5454
CN,2025-08-08,10Y,1.6891
CN,2025-08-08,30Y,1.9600
CN,2025-08-11,2Y,1.4061
CN,2025-08-11,5Y,1.5629
CN,2025-08-11,10Y,1.7203
CN,2025-08-11,30Y,1.9950
CN,2025-08-12,2Y,1.4096
CN,2025-08-12,5Y,1.5683
CN,2025-08-12,10Y,1.7271
CN,2025-08-12,30Y,2.0170
CN,2025-08-13,2Y,1.3996
CN,2025-08-13,5Y,1.5637
CN,2025-08-13,10Y,1.7262
CN,2025-08-13,30Y,2.0200
CN,2025-08-14,2Y,1.4023
CN,2025-08-14,5Y,1.5638
CN,2025-08-14,10Y,1.7341
CN,2025-08-14,30Y,2.0275
CN,2025-08-15,2Y,1.4021
CN,2025-08-15,5Y,1.5948
CN,2025-08-15,10Y,1.7465
CN,2025-08-15,30Y,2.0475
CN,2025-08-18,2Y,1.4342
CN,2025-08-18,5Y,1.6398
CN,2025-08-18,10Y,1.7872
CN,2025-08-18,30Y,2.1145
CN,2025-08-19,2Y,1.4273
CN,2025-08-19,5Y,1.6246
CN,2025-08-19,10Y,1.7725
CN,2025-08-19,30Y,2.0975
CN,2025-08-20,2Y,1.4398
CN,2025-08-20,5Y,1.6399
CN,2025-08-20,10Y,1.7820
CN,2025-08-20,30Y,2.1050
CN,2025-08-21,2Y,1.4373
CN,2025-08-21,5Y,1.6295
CN,2025-08-21,10Y,1.7667
CN,2025-08-21,30Y,2.0750
CN,2025-08-22,2Y,1.4341
CN,2025-08-22,5Y,1.6324
CN,2025-08-22,10Y,1.7818
CN,2025-08-22,30Y,2.0775
CN,2025-08-25,2Y,1.4194
CN,2025-08-25,5Y,1.6227
CN,2025-08-25,10Y,1.7643
CN,2025-08-25,30Y,2.0500
CN,2025-08-26,2Y,1.4170
CN,2025-08-26,5Y,1.6215
CN,2025-08-26,10Y,1.7598
CN,2025-08-26,30Y,2.0350
CN,2025-08-27,2Y,1.4110
CN,2025-08-27,5Y,1.6259
CN,2025-08-27,10Y,1.7988
CN,2025-08-27,30Y,2.0700
CN,2025-08-28,2Y,1.4184
CN,2025-08-28,5Y,1.6442
CN,2025-08-28,10Y,1.8478
CN,2025-08-28,30Y,2.1108
CN,2025-08-29,2Y,1.4042
CN,2025-08-29,5Y,1.6322
CN,2025-08-29,10Y,1.8379
CN,2025-08-29,30Y,2.1375
CN,2025-09-01,2Y,1.3994
CN,2025-09-01,5Y,1.6234
CN,2025-09-01,10Y,1.8257
CN,2025-09-01,30Y,2.1165
CN,2025-09-02,2Y,1.3994
CN,2025-09-02,5Y,1.6148
CN,2025-09-02,10Y,1.8167
CN,2025-09-02,30Y,2.1000
CN,2025-09-03,2Y,1.3850
CN,2025-09-03,5Y,1.5931
CN,2025-09-03,10Y,1.7984
CN,2025-09-03,30Y,2.0750
CN,2025-09-04,2Y,1.4036
CN,2025-09-04,5Y,1.5967
CN,2025-09-04,10Y,1.8060
CN,2025-09-04,30Y,2.0850
CN,2025-09-05,2Y,1.4081
CN,2025-09-05,5Y,1.6121
CN,2025-09-05,10Y,1.8260
CN,2025-09-05,30Y,2.1125
CN,2025-09-08,2Y,1.4065
CN,2025-09-08,5Y,1.6229
CN,2025-09-08,10Y,1.8514
CN,2025-09-08,30Y,2.1475
CN,2025-09-09,2Y,1.4205
CN,2025-09-09,5Y,1.6283
CN,2025-09-09,10Y,1.8641
CN,2025-09-09,30Y,2.1710
CN,2025-09-10,2Y,1.4298
CN,2025-09-10,5Y,1.6492
CN,2025-09-10,10Y,1.8992
CN,2025-09-10,30Y,2.2040
CN,2025-09-11,2Y,1.4177
CN,2025-09-11,5Y,1.6210
CN,2025-09-11,10Y,1.8743
CN,2025-09-11,30Y,2.2080
CN,2025-09-12,2Y,1.4295
CN,2025-09-12,5Y,1.6139
CN,2025-09-12,10Y,1.8670
CN,2025-09-12,30Y,2.1840
CN,2025-09-15,2Y,1.4245
CN,2025-09-15,5Y,1.6187
CN,2025-09-15,10Y,1.8724
CN,2025-09-15,30Y,2.1875
CN,2025-09-16,2Y,1.4095
CN,2025-09-16,5Y,1.5891
CN,2025-09-16,10Y,1.8527
CN,2025-09-16,30Y,2.1675
CN,2025-09-17,2Y,1.4345
CN,2025-09-17,5Y,1.5688
CN,2025-09-17,10Y,1.8349
CN,2025-09-17,30Y,2.1500
CN,2025-09-18,2Y,1.4806
CN,2025-09-18,5Y,1.5896
CN,2025-09-18,10Y,1.8546
CN,2025-09-18,30Y,2.1701
CN,2025-09-19,2Y,1.4859
CN,2025-09-19,5Y,1.6186
CN,2025-09-19,10Y,1.8789
CN,2025-09-19,30Y,2.1996
CN,2025-09-22,2Y,1.4908
CN,2025-09-22,5Y,1.6091
CN,2025-09-22,10Y,1.8647
CN,2025-09-22,30Y,2.1890
CN,2025-09-23,2Y,1.5015
CN,2025-09-23,5Y,1.6238
CN,2025-09-23,10Y,1.8770
CN,2025-09-23,30Y,2.2150
CN,2025-09-24,2Y,1.5163
CN,2025-09-24,5Y,1.6477
CN,2025-09-24,10Y,1.9022
CN,2025-09-24,30Y,2.2501
CN,2025-09-25,2Y,1.5211
CN,2025-09-25,5Y,1.6398
CN,2025-09-25,10Y,1.8840
CN,2025-09-25,30Y,2.2300
CN,2025-09-26,2Y,1.5125
CN,2025-09-26,5Y,1.6234
CN,2025-09-26,10Y,1.8768
CN,2025-09-26,30Y,2.2170
CN,2025-09-28,2Y,1.5038
CN,2025-09-28,5Y,1.6188
CN,2025-09-28,10Y,1.8781
CN,2025-09-28,30Y,2.2180
CN,2025-09-29,2Y,1.5081
CN,2025-09-29,5Y,1.6350
CN,2025-09-29,10Y,1.8870
CN,2025-09-29,30Y,2.2420
CN,2025-09-30,2Y,1.4934
CN,2025-09-30,5Y,1.6036
CN,2025-09-30,10Y,1.8605
CN,2025-09-30,30Y,2.2461
CN,2025-10-09,2Y,1.4857
CN,2025-10-09,5Y,1.5979
CN,2025-10-09,10Y,1.8466
CN,2025-10-09,30Y,2.2629
CN,2025-10-10,2Y,1.5016
CN,2025-10-10,5Y,1.6050
CN,2025-10-10,10Y,1.8460
CN,2025-10-10,30Y,2.2829
CN,2025-10-11,2Y,1.4822
CN,2025-10-11,5Y,1.5794
CN,2025-10-11,10Y,1.8206
CN,2025-10-11,30Y,2.2328
CN,2025-10-13,2Y,1.4922
CN,2025-10-13,5Y,1.5983
CN,2025-10-13,10Y,1.8383
CN,2025-10-13,30Y,2.2729
CN,2025-10-14,2Y,1.4940
CN,2025-10-14,5Y,1.5900
CN,2025-10-14,10Y,1.8368
CN,2025-10-14,30Y,2.2678
CN,2025-10-15,2Y,1.4997
CN,2025-10-15,5Y,1.5949
CN,2025-10-15,10Y,1.8449
CN,2025-10-15,30Y,2.2603
CN,2025-10-16,2Y,1.4981
CN,2025-10-16,5Y,1.5975
CN,2025-10-16,10Y,1.8407
CN,2025-10-16,30Y,2.2414
CN,2025-10-17,2Y,1.4940
CN,2025-10-17,5Y,1.5899
CN,2025-10-17,10Y,1.8246
CN,2025-10-17,30Y,2.2002
CN,2025-10-20,2Y,1.5014
CN,2025-10-20,5Y,1.6104
CN,2025-10-20,10Y,1.8498
CN,2025-10-20,30Y,2.2162
CN,2025-10-21,2Y,1.4961
CN,2025-10-21,5Y,1.6033
CN,2025-10-21,10Y,1.8357
CN,2025-10-21,30Y,2.1871
CN,2025-10-22,2Y,1.5011
CN,2025-10-22,5Y,1.6027
CN,2025-10-22,10Y,1.8293
CN,2025-10-22,30Y,2.1821
CN,2025-10-23,2Y,1.4961
CN,2025-10-23,5Y,1.6061
CN,2025-10-23,10Y,1.8391
CN,2025-10-23,30Y,2.1946
CN,2025-10-24,2Y,1.4923
CN,2025-10-24,5Y,1.6174
CN,2025-10-24,10Y,1.8486
CN,2025-10-24,30Y,2.2126
CN,2025-10-27,2Y,1.4814
CN,2025-10-27,5Y,1.6054
CN,2025-10-27,10Y,1.8423
CN,2025-10-27,30Y,2.2031
CN,2025-10-28,2Y,1.4408
CN,2025-10-28,5Y,1.5724
CN,2025-10-28,10Y,1.8179
CN,2025-10-28,30Y,2.1700
CN,2025-10-29,2Y,1.4063
CN,2025-10-29,5Y,1.5783
CN,2025-10-29,10Y,1.8208
CN,2025-10-29,30Y,2.1770
CN,2025-10-30,2Y,1.4067
CN,2025-10-30,5Y,1.5609
CN,2025-10-30,10Y,1.8098
CN,2025-10-30,30Y,2.1625
CN,2025-10-31,2Y,1.4022
CN,2025-10-31,5Y,1.5662
CN,2025-10-31,10Y,1.7954
CN,2025-10-31,30Y,2.1431
CN,2025-11-03,2Y,1.4143
CN,2025-11-03,5Y,1.5768
CN,2025-11-03,10Y,1.7944
CN,2025-11-03,30Y,2.1376
CN,2025-11-04,2Y,1.4233
CN,2025-11-04,5Y,1.5795
CN,2025-11-04,10Y,1.7984
CN,2025-11-04,30Y,2.1421
CN,2025-11-05,2Y,1.4310
CN,2025-11-05,5Y,1.5794
CN,2025-11-05,10Y,1.7964
CN,2025-11-05,30Y,2.1391
CN,2025-11-06,2Y,1.4342
CN,2025-11-06,5Y,1.5856
CN,2025-11-06,10Y,1.8100
CN,2025-11-06,30Y,2.1596
CN,2025-11-07,2Y,1.4337
CN,2025-11-07,5Y,1.5873
CN,2025-11-07,10Y,1.8142
CN,2025-11-07,30Y,2.1581
CN,2025-11-10,2Y,1.4322
CN,2025-11-10,5Y,1.5830
CN,2025-11-10,10Y,1.8139
CN,2025-11-10,30Y,2.1476
CN,2025-11-11,2Y,1.4330
CN,2025-11-11,5Y,1.5754
CN,2025-11-11,10Y,1.8119
CN,2025-11-11,30Y,2.1537
CN,2025-11-12,2Y,1.4319
CN,2025-11-12,5Y,1.5680
CN,2025-11-12,10Y,1.8071
CN,2025-11-12,30Y,2.1431
CN,2025-11-13,2Y,1.4280
CN,2025-11-13,5Y,1.5783
CN,2025-11-13,10Y,1.8126
CN,2025-11-13,30Y,2.1491
CN,2025-11-14,2Y,1.4312
CN,2025-11-14,5Y,1.5816
CN,2025-11-14,10Y,1.8140
CN,2025-11-14,30Y,2.1481
CN,2025-11-17,2Y,1.4312
CN,2025-11-17,5Y,1.5846
CN,2025-11-17,10Y,1.8109
CN,2025-11-17,30Y,2.1391
CN,2025-11-18,2Y,1.4311
CN,2025-11-18,5Y,1.5899
CN,2025-11-18,10Y,1.8121
CN,2025-11-18,30Y,2.1381
CN,2025-11-19,2Y,1.4299
CN,2025-11-19,5Y,1.5953
CN,2025-11-19,10Y,1.8179
CN,2025-11-19,30Y,2.1506
CN,2025-11-20,2Y,1.4291
CN,2025-11-20,5Y,1.5852
CN,2025-11-20,10Y,1.8135
CN,2025-11-20,30Y,2.1531
CN,2025-11-21,2Y,1.4303
CN,2025-11-21,5Y,1.5907
CN,2025-11-21,10Y,1.8166
CN,2025-11-21,30Y,2.1576
CN,2025-11-24,2Y,1.4313
CN,2025-11-24,5Y,1.5944
CN,2025-11-24,10Y,1.8210
CN,2025-11-24,30Y,2.1586
CN,2025-11-25,2Y,1.4300
CN,2025-11-25,5Y,1.6019
CN,2025-11-25,10Y,1.8301
CN,2025-11-25,30Y,2.1751
CN,2025-11-26,2Y,1.4342
CN,2025-11-26,5Y,1.6203
CN,2025-11-26,10Y,1.8462
CN,2025-11-26,30Y,2.1926
CN,2025-11-27,2Y,1.4317
CN,2025-11-27,5Y,1.6304
CN,2025-11-27,10Y,1.8537
CN,2025-11-27,30Y,2.2001
CN,2025-11-28,2Y,1.4183
CN,2025-11-28,5Y,1.6183
CN,2025-11-28,10Y,1.8412
CN,2025-11-28,30Y,2.1851
CN,2025-12-01,2Y,1.4162
CN,2025-12-01,5Y,1.6111
CN,2025-12-01,10Y,1.8366
CN,2025-12-01,30Y,2.1901
CN,2025-12-02,2Y,1.4166
CN,2025-12-02,5Y,1.6165
CN,2025-12-02,10Y,1.8442
CN,2025-12-02,30Y,2.2051
CN,2025-12-03,2Y,1.4137
CN,2025-12-03,5Y,1.6196
CN,2025-12-03,10Y,1.8519
CN,2025-12-03,30Y,2.2351
CN,2025-12-04,2Y,1.4054
CN,2025-12-04,5Y,1.6460
CN,2025-12-04,10Y,1.8718
CN,2025-12-04,30Y,2.2761
CN,2025-12-05,2Y,1.4036
CN,2025-12-05,5Y,1.6322
CN,2025-12-05,10Y,1.8480
CN,2025-12-05,30Y,2.2571
CN,2025-12-08,2Y,1.4034
CN,2025-12-08,5Y,1.6348
CN,2025-12-08,10Y,1.8499
CN,2025-12-08,30Y,2.2577
CN,2025-12-09,2Y,1.3987
CN,2025-12-09,5Y,1.6299
CN,2025-12-09,10Y,1.8425
CN,2025-12-09,30Y,2.2527
CN,2025-12-10,2Y,1.3886
CN,2025-12-10,5Y,1.6266
CN,2025-12-10,10Y,1.8447
CN,2025-12-10,30Y,2.2412
CN,2025-12-11,2Y,1.3919
CN,2025-12-11,5Y,1.6173
CN,2025-12-11,10Y,1.8404
CN,2025-12-11,30Y,2.2252
CN,2025-12-12,2Y,1.3951
CN,2025-12-12,5Y,1.6279
CN,2025-12-12,10Y,1.8396
CN,2025-12-12,30Y,2.2487
CN,2025-12-15,2Y,1.3986
CN,2025-12-15,5Y,1.6391
CN,2025-12-15,10Y,1.8488
CN,2025-12-15,30Y,2.2792
CN,2025-12-16,2Y,1.4036
CN,2025-12-16,5Y,1.6362
CN,2025-12-16,10Y,1.8458
CN,2025-12-16,30Y,2.2802
CN,2025-12-17,2Y,1.4001
CN,2025-12-17,5Y,1.6241
CN,2025-12-17,10Y,1.8340
CN,2025-12-17,30Y,2.2422
CN,2025-12-18,2Y,1.3876
CN,2025-12-18,5Y,1.6201
CN,2025-12-18,10Y,1.8356
CN,2025-12-18,30Y,2.2512
CN,2025-12-19,2Y,1.3752
CN,2025-12-19,5Y,1.6021
CN,2025-12-19,10Y,1.8308
CN,2025-12-19,30Y,2.2252
CN,2025-12-22,2Y,1.3652
CN,2025-12-22,5Y,1.6083
CN,2025-12-22,10Y,1.8415
CN,2025-12-22,30Y,2.2412
CN,2025-12-23,2Y,1.3502
CN,2025-12-23,5Y,1.5957
CN,2025-12-23,10Y,1.8352
CN,2025-12-23,30Y,2.2232
CN,2025-12-24,2Y,1.3401
CN,2025-12-24,5Y,1.5991
CN,2025-12-24,10Y,1.8356
CN,2025-12-24,30Y,2.2202
CN,2025-12-25,2Y,1.3358
CN,2025-12-25,5Y,1.6028
CN,2025-12-25,10Y,1.8386
CN,2025-12-25,30Y,2.2252
CN,2025-12-26,2Y,1.3378
CN,2025-12-26,5Y,1.5948
CN,2025-12-26,10Y,1.8376
CN,2025-12-26,30Y,2.2233
CN,2025-12-29,2Y,1.3438
CN,2025-12-29,5Y,1.6168
CN,2025-12-29,10Y,1.8584
CN,2025-12-29,30Y,2.2583
CN,2025-12-30,2Y,1.3555
CN,2025-12-30,5Y,1.6303
CN,2025-12-30,10Y,1.8582
CN,2025-12-30,30Y,2.2628
CN,2025-12-31,2Y,1.3605
CN,2025-12-31,5Y,1.6309
CN,2025-12-31,10Y,1.8473
CN,2025-12-31,30Y,2.2674
CN,2026-01-04,2Y,1.3522
CN,2026-01-04,5Y,1.6247
CN,2026-01-04,10Y,1.8427
CN,2026-01-04,30Y,2.2529
CN,2026-01-05,2Y,1.3813
CN,2026-01-05,5Y,1.6378
CN,2026-01-05,10Y,1.8584
CN,2026-01-05,30Y,2.2822
CN,2026-01-06,2Y,1.3988
CN,2026-01-06,5Y,1.6651
CN,2026-01-06,10Y,1.8829
CN,2026-01-06,30Y,2.3104
CN,2026-01-07,2Y,1.4388
CN,2026-01-07,5Y,1.6732
CN,2026-01-07,10Y,1.9019
CN,2026-01-07,30Y,2.3345
CN,2026-01-08,2Y,1.4388
CN,2026-01-08,5Y,1.6610
CN,2026-01-08,10Y,1.8905
CN,2026-01-08,30Y,2.3190
CN,2026-01-09,2Y,1.4362
CN,2026-01-09,5Y,1.6551
CN,2026-01-09,10Y,1.8782
CN,2026-01-09,30Y,2.3024
CN,2026-01-12,2Y,1.4392
CN,2026-01-12,5Y,1.6427
CN,2026-01-12,10Y,1.8585
CN,2026-01-12,30Y,2.2920
CN,2026-01-13,2Y,1.4386
CN,2026-01-13,5Y,1.6428
CN,2026-01-13,10Y,1.8519
CN,2026-01-13,30Y,2.2926
CN,2026-01-14,2Y,1.4344
CN,2026-01-14,5Y,1.6283
CN,2026-01-14,10Y,1.8494
CN,2026-01-14,30Y,2.3028
CN,2026-01-15,2Y,1.4241
CN,2026-01-15,5Y,1.6280
CN,2026-01-15,10Y,1.8544
CN,2026-01-15,30Y,2.3058
CN,2026-01-16,2Y,1.4043
CN,2026-01-16,5Y,1.6099
CN,2026-01-16,10Y,1.8424
CN,2026-01-16,30Y,2.3036
CN,2026-01-19,2Y,1.4072
CN,2026-01-19,5Y,1.6098
CN,2026-01-19,10Y,1.8393
CN,2026-01-19,30Y,2.3417
CN,2026-01-20,2Y,1.3949
CN,2026-01-20,5Y,1.6024
CN,2026-01-20,10Y,1.8326
CN,2026-01-20,30Y,2.3351
CN,2026-01-21,2Y,1.3994
CN,2026-01-21,5Y,1.6043
CN,2026-01-21,10Y,1.8312
CN,2026-01-21,30Y,2.3026
CN,2026-01-22,2Y,1.4034
CN,2026-01-22,5Y,1.6147
CN,2026-01-22,10Y,1.8425
CN,2026-01-22,30Y,2.3101
CN,2026-01-23,2Y,1.3959
CN,2026-01-23,5Y,1.5965
CN,2026-01-23,10Y,1.8298
CN,2026-01-23,30Y,2.2871
CN,2026-01-26,2Y,1.4034
CN,2026-01-26,5Y,1.5975
CN,2026-01-26,10Y,1.8242
CN,2026-01-26,30Y,2.2700
CN,2026-01-27,2Y,1.4098
CN,2026-01-27,5Y,1.6015
CN,2026-01-27,10Y,1.8311
CN,2026-01-27,30Y,2.2850
CN,2026-01-28,2Y,1.3988
CN,2026-01-28,5Y,1.5821
CN,2026-01-28,10Y,1.8164
CN,2026-01-28,30Y,2.2770
CN,2026-01-29,2Y,1.3908
CN,2026-01-29,5Y,1.5784
CN,2026-01-29,10Y,1.8174
CN,2026-01-29,30Y,2.2800
CN,2026-01-30,2Y,1.3765
CN,2026-01-30,5Y,1.5761
CN,2026-01-30,10Y,1.8112
CN,2026-01-30,30Y,2.2890
CN,2026-02-02,2Y,1.3852
CN,2026-02-02,5Y,1.5768
CN,2026-02-02,10Y,1.8200
CN,2026-02-02,30Y,2.2810
CN,2026-02-03,2Y,1.3772
CN,2026-02-03,5Y,1.5721
CN,2026-02-03,10Y,1.8172
CN,2026-02-03,30Y,2.2800
CN,2026-02-04,2Y,1.3769
CN,2026-02-04,5Y,1.5748
CN,2026-02-04,10Y,1.8193
CN,2026-02-04,30Y,2.2830
CN,2026-02-05,2Y,1.3634
CN,2026-02-05,5Y,1.5686
CN,2026-02-05,10Y,1.8169
CN,2026-02-05,30Y,2.2710
CN,2026-02-06,2Y,1.3597
CN,2026-02-06,5Y,1.5552
CN,2026-02-06,10Y,1.8102
CN,2026-02-06,30Y,2.2510
CN,2026-02-09,2Y,1.3577
CN,2026-02-09,5Y,1.5533
CN,2026-02-09,10Y,1.8114
CN,2026-02-09,30Y,2.2480
CN,2026-02-10,2Y,1.3552
CN,2026-02-10,5Y,1.5487
CN,2026-02-10,10Y,1.8094
CN,2026-02-10,30Y,2.2470
CN,2026-02-11,2Y,1.3580
CN,2026-02-11,5Y,1.5435
CN,2026-02-11,10Y,1.7994
CN,2026-02-11,30Y,2.2455
CN,2026-02-12,2Y,1.3576
CN,2026-02-12,5Y,1.5387
CN,2026-02-12,10Y,1.7893
CN,2026-02-12,30Y,2.2460
CN,2026-02-13,2Y,1.3577
CN,2026-02-13,5Y,1.5440
CN,2026-02-13,10Y,1.7928
CN,2026-02-13,30Y,2.2440
CN,2026-02-14,2Y,1.3542
CN,2026-02-14,5Y,1.5366
CN,2026-02-14,10Y,1.7899
CN,2026-02-14,30Y,2.2460
CN,2026-02-24,2Y,1.3569
CN,2026-02-24,5Y,1.5360
CN,2026-02-24,10Y,1.8023
CN,2026-02-24,30Y,2.2426
CN,2026-02-25,2Y,1.3608
CN,2026-02-25,5Y,1.5495
CN,2026-02-25,10Y,1.8158
CN,2026-02-25,30Y,2.2550
CN,2026-02-26,2Y,1.3657
CN,2026-02-26,5Y,1.5626
CN,2026-02-26,10Y,1.8288
CN,2026-02-26,30Y,2.2951
CN,2026-02-27,2Y,1.3638
CN,2026-02-27,5Y,1.5499
CN,2026-02-27,10Y,1.7877
CN,2026-02-27,30Y,2.2896
CN,2026-02-28,2Y,1.3589
CN,2026-02-28,5Y,1.5425
CN,2026-02-28,10Y,1.7753
CN,2026-02-28,30Y,2.2726
CN,2026-03-02,2Y,1.3579
CN,2026-03-02,5Y,1.5379
CN,2026-03-02,10Y,1.7761
CN,2026-03-02,30Y,2.2696
CN,2026-03-03,2Y,1.3508
CN,2026-03-03,5Y,1.5418
CN,2026-03-03,10Y,1.7807
CN,2026-03-03,30Y,2.2827
CN,2026-03-04,2Y,1.3349
CN,2026-03-04,5Y,1.5286
CN,2026-03-04,10Y,1.7768
CN,2026-03-04,30Y,2.2752
CN,2026-03-05,2Y,1.3486
CN,2026-03-05,5Y,1.5312
CN,2026-03-05,10Y,1.7779
CN,2026-03-05,30Y,2.2717
CN,2026-03-06,2Y,1.3432
CN,2026-03-06,5Y,1.5341
CN,2026-03-06,10Y,1.7810
CN,2026-03-06,30Y,2.2812
CN,2026-03-09,2Y,1.3605
CN,2026-03-09,5Y,1.5596
CN,2026-03-09,10Y,1.8054
CN,2026-03-09,30Y,2.3292
CN,2026-03-10,2Y,1.3622
CN,2026-03-10,5Y,1.5552
CN,2026-03-10,10Y,1.8055
CN,2026-03-10,30Y,2.3328
CN,2026-03-11,2Y,1.3639
CN,2026-03-11,5Y,1.5608
CN,2026-03-11,10Y,1.8075
CN,2026-03-11,30Y,2.3503
CN,2026-03-12,2Y,1.3614
CN,2026-03-12,5Y,1.5506
CN,2026-03-12,10Y,1.8052
CN,2026-03-12,30Y,2.3404
CN,2026-03-13,2Y,1.3532
CN,2026-03-13,5Y,1.5619
CN,2026-03-13,10Y,1.8143
CN,2026-03-13,30Y,2.3665
CN,2026-03-16,2Y,1.3593
CN,2026-03-16,5Y,1.5793
CN,2026-03-16,10Y,1.8312
CN,2026-03-16,30Y,2.3917
CN,2026-03-17,2Y,1.3393
CN,2026-03-17,5Y,1.5790
CN,2026-03-17,10Y,1.8314
CN,2026-03-17,30Y,2.3806
CN,2026-03-18,2Y,1.3205
CN,2026-03-18,5Y,1.5631
CN,2026-03-18,10Y,1.8175
CN,2026-03-18,30Y,2.3607
CN,2026-03-19,2Y,1.3106
CN,2026-03-19,5Y,1.5650
CN,2026-03-19,10Y,1.8252
CN,2026-03-19,30Y,2.3910
CN,2026-03-20,2Y,1.3087
CN,2026-03-20,5Y,1.5625
CN,2026-03-20,10Y,1.8299
CN,2026-03-20,30Y,2.3881
CN,2026-03-23,2Y,1.3163
CN,2026-03-23,5Y,1.5720
CN,2026-03-23,10Y,1.8316
CN,2026-03-23,30Y,2.3730
CN,2026-03-24,2Y,1.3112
CN,2026-03-24,5Y,1.5767
CN,2026-03-24,10Y,1.8272
CN,2026-03-24,30Y,2.3457
CN,2026-03-25,2Y,1.3123
CN,2026-03-25,5Y,1.5720
CN,2026-03-25,10Y,1.8233
CN,2026-03-25,30Y,2.3457
CN,2026-03-26,2Y,1.3023
CN,2026-03-26,5Y,1.5648
CN,2026-03-26,10Y,1.8194
CN,2026-03-26,30Y,2.3498
CN,2026-03-27,2Y,1.2964
CN,2026-03-27,5Y,1.5527
CN,2026-03-27,10Y,1.8172
CN,2026-03-27,30Y,2.3497
CN,2026-03-30,2Y,1.2672
CN,2026-03-30,5Y,1.5290
CN,2026-03-30,10Y,1.8063
CN,2026-03-30,30Y,2.3286
CN,2026-03-31,2Y,1.2746
CN,2026-03-31,5Y,1.5388
CN,2026-03-31,10Y,1.8171
CN,2026-03-31,30Y,2.3521
CN,2026-04-01,2Y,1.2850
CN,2026-04-01,5Y,1.5535
CN,2026-04-01,10Y,1.8244
CN,2026-04-01,30Y,2.3667
CN,2026-04-02,2Y,1.2899
CN,2026-04-02,5Y,1.5486
CN,2026-04-02,10Y,1.8209
CN,2026-04-02,30Y,2.3733
CN,2026-04-03,2Y,1.3033
CN,2026-04-03,5Y,1.5457
CN,2026-04-03,10Y,1.8199
CN,2026-04-03,30Y,2.3725
CN,2026-04-07,2Y,1.3023
CN,2026-04-07,5Y,1.5488
CN,2026-04-07,10Y,1.8171
CN,2026-04-07,30Y,2.3597
CN,2026-04-08,2Y,1.3215
CN,2026-04-08,5Y,1.5534
CN,2026-04-08,10Y,1.8136
CN,2026-04-08,30Y,2.3377
CN,2026-04-09,2Y,1.3266
CN,2026-04-09,5Y,1.5585
CN,2026-04-09,10Y,1.8192
CN,2026-04-09,30Y,2.3393
CN,2026-04-10,2Y,1.3289
CN,2026-04-10,5Y,1.5533
CN,2026-04-10,10Y,1.8128
CN,2026-04-10,30Y,2.3055
CN,2026-04-13,2Y,1.3271
CN,2026-04-13,5Y,1.5530
CN,2026-04-13,10Y,1.7933
CN,2026-04-13,30Y,2.2816
CN,2026-04-14,2Y,1.3204
CN,2026-04-14,5Y,1.5492
CN,2026-04-14,10Y,1.7829
CN,2026-04-14,30Y,2.2805
CN,2026-04-15,2Y,1.3108
CN,2026-04-15,5Y,1.5313
CN,2026-04-15,10Y,1.7809
CN,2026-04-15,30Y,2.2784
CN,2026-04-16,2Y,1.3084
CN,2026-04-16,5Y,1.5210
CN,2026-04-16,10Y,1.7812
CN,2026-04-16,30Y,2.2810
CN,2026-04-17,2Y,1.2936
CN,2026-04-17,5Y,1.4995
CN,2026-04-17,10Y,1.7623
CN,2026-04-17,30Y,2.2500
CN,2026-04-20,2Y,1.2923
CN,2026-04-20,5Y,1.5012
CN,2026-04-20,10Y,1.7627
CN,2026-04-20,30Y,2.2556
CN,2026-04-21,2Y,1.2812
CN,2026-04-21,5Y,1.4924
CN,2026-04-21,10Y,1.7510
CN,2026-04-21,30Y,2.2375
CN,2026-04-22,2Y,1.2601
CN,2026-04-22,5Y,1.4817
CN,2026-04-22,10Y,1.7389
CN,2026-04-22,30Y,2.2137
CN,2026-04-23,2Y,1.2550
CN,2026-04-23,5Y,1.4795
CN,2026-04-23,10Y,1.7548
CN,2026-04-23,30Y,2.2353
CN,2026-04-24,2Y,1.2393
CN,2026-04-24,5Y,1.4799
CN,2026-04-24,10Y,1.7601
CN,2026-04-24,30Y,2.2472
CN,2026-04-27,2Y,1.2590
CN,2026-04-27,5Y,1.4931
CN,2026-04-27,10Y,1.7697
CN,2026-04-27,30Y,2.2557
CN,2026-04-28,2Y,1.2640
CN,2026-04-28,5Y,1.4862
CN,2026-04-28,10Y,1.7654
CN,2026-04-28,30Y,2.2420
CN,2026-04-29,2Y,1.2565
CN,2026-04-29,5Y,1.4710
CN,2026-04-29,10Y,1.7444
CN,2026-04-29,30Y,2.2190
CN,2026-04-30,2Y,1.2552
CN,2026-04-30,5Y,1.4788
CN,2026-04-30,10Y,1.7473
CN,2026-04-30,30Y,2.2180
CN,2026-05-06,2Y,1.2802
CN,2026-05-06,5Y,1.4903
CN,2026-05-06,10Y,1.7654
CN,2026-05-06,30Y,2.2390
CN,2026-05-07,2Y,1.2721
CN,2026-05-07,5Y,1.4865
CN,2026-05-07,10Y,1.7631
CN,2026-05-07,30Y,2.2380
CN,2026-05-08,2Y,1.2808
CN,2026-05-08,5Y,1.4856
CN,2026-05-08,10Y,1.7648
CN,2026-05-08,30Y,2.2455
CN,2026-05-09,2Y,1.2777
CN,2026-05-09,5Y,1.4858
CN,2026-05-09,10Y,1.7670
CN,2026-05-09,30Y,2.2480
CN,2026-05-11,2Y,1.2779
CN,2026-05-11,5Y,1.4838
CN,2026-05-11,10Y,1.7622
CN,2026-05-11,30Y,2.2361
CN,2026-05-12,2Y,1.2776
CN,2026-05-12,5Y,1.4795
CN,2026-05-12,10Y,1.7592
CN,2026-05-12,30Y,2.2320
CN,2026-05-13,2Y,1.2717
CN,2026-05-13,5Y,1.4736
CN,2026-05-13,10Y,1.7514
CN,2026-05-13,30Y,2.2340
CN,2026-05-14,2Y,1.2743
CN,2026-05-14,5Y,1.4736
CN,2026-05-14,10Y,1.7588
CN,2026-05-14,30Y,2.2410
CN,2026-05-15,2Y,1.2733
CN,2026-05-15,5Y,1.4703
CN,2026-05-15,10Y,1.7658
CN,2026-05-15,30Y,2.2530
CN,2026-05-18,2Y,1.2684
CN,2026-05-18,5Y,1.4570
CN,2026-05-18,10Y,1.7585
CN,2026-05-18,30Y,2.2440
CN,2026-05-19,2Y,1.2617
CN,2026-05-19,5Y,1.4428
CN,2026-05-19,10Y,1.7345
CN,2026-05-19,30Y,2.2210
CN,2026-05-20,2Y,1.2552
CN,2026-05-20,5Y,1.4369
CN,2026-05-20,10Y,1.7382
CN,2026-05-20,30Y,2.2311
CN,2026-05-21,2Y,1.2583
CN,2026-05-21,5Y,1.4449
CN,2026-05-21,10Y,1.7448
CN,2026-05-21,30Y,2.2310
CN,2026-05-22,2Y,1.2623
CN,2026-05-22,5Y,1.4576
CN,2026-05-22,10Y,1.7519
CN,2026-05-22,30Y,2.2345
CN,2026-05-25,2Y,1.2561
CN,2026-05-25,5Y,1.4558
CN,2026-05-25,10Y,1.7484
CN,2026-05-25,30Y,2.2260
CN,2026-05-26,2Y,1.2513
CN,2026-05-26,5Y,1.4495
CN,2026-05-26,10Y,1.7405
CN,2026-05-26,30Y,2.2205
CN,2026-05-27,2Y,1.2378
CN,2026-05-27,5Y,1.4390
CN,2026-05-27,10Y,1.7216
CN,2026-05-27,30Y,2.2080
CN,2026-05-28,2Y,1.2264
CN,2026-05-28,5Y,1.4255
CN,2026-05-28,10Y,1.7193
CN,2026-05-28,30Y,2.2095
CN,2026-05-29,2Y,1.2256
CN,2026-05-29,5Y,1.4189
CN,2026-05-29,10Y,1.7090
CN,2026-05-29,30Y,2.2050
CN,2026-06-01,2Y,1.2276
CN,2026-06-01,5Y,1.4194
CN,2026-06-01,10Y,1.7009
CN,2026-06-01,30Y,2.1910
CN,2026-06-02,2Y,1.2285
CN,2026-06-02,5Y,1.4245
CN,2026-06-02,10Y,1.7036
CN,2026-06-02,30Y,2.1910
CN,2026-06-03,2Y,1.2352
CN,2026-06-03,5Y,1.4270
CN,2026-06-03,10Y,1.7128
CN,2026-06-03,30Y,2.2050
CN,2026-06-04,2Y,1.2369
CN,2026-06-04,5Y,1.4166
CN,2026-06-04,10Y,1.7081
CN,2026-06-04,30Y,2.1910
CN,2026-06-05,2Y,1.2376
CN,2026-06-05,5Y,1.4247
CN,2026-06-05,10Y,1.7207
CN,2026-06-05,30Y,2.2040
CN,2026-06-08,2Y,1.2587
CN,2026-06-08,5Y,1.4353
CN,2026-06-08,10Y,1.7275
CN,2026-06-08,30Y,2.2130
CN,2026-06-09,2Y,1.2706
CN,2026-06-09,5Y,1.4483
CN,2026-06-09,10Y,1.7376
CN,2026-06-09,30Y,2.2200
CN,2026-06-10,2Y,1.2800
CN,2026-06-10,5Y,1.4616
CN,2026-06-10,10Y,1.7476
CN,2026-06-10,30Y,2.2350
CN,2026-06-11,2Y,1.2881
CN,2026-06-11,5Y,1.4774
CN,2026-06-11,10Y,1.7475
CN,2026-06-11,30Y,2.2380
CN,2026-06-12,2Y,1.2937
CN,2026-06-12,5Y,1.4776
CN,2026-06-12,10Y,1.7427
CN,2026-06-12,30Y,2.2215
CN,2026-06-15,2Y,1.3012
CN,2026-06-15,5Y,1.4832
CN,2026-06-15,10Y,1.7446
CN,2026-06-15,30Y,2.2215
CN,2026-06-16,2Y,1.2832
CN,2026-06-16,5Y,1.4573
CN,2026-06-16,10Y,1.7324
CN,2026-06-16,30Y,2.2175
CN,2026-06-17,2Y,1.2662
CN,2026-06-17,5Y,1.4529
CN,2026-06-17,10Y,1.7270
CN,2026-06-17,30Y,2.2181
CN,2026-06-18,2Y,1.2437
CN,2026-06-18,5Y,1.4407
CN,2026-06-18,10Y,1.7299
CN,2026-06-18,30Y,2.2201
CN,2026-06-22,2Y,1.2462
CN,2026-06-22,5Y,1.4409
CN,2026-06-22,10Y,1.7375
CN,2026-06-22,30Y,2.2216
CN,2026-06-23,2Y,1.2637
CN,2026-06-23,5Y,1.4488
CN,2026-06-23,10Y,1.7437
CN,2026-06-23,30Y,2.2291
CN,2026-06-24,2Y,1.2562
CN,2026-06-24,5Y,1.4516
CN,2026-06-24,10Y,1.7454
CN,2026-06-24,30Y,2.2311
CN,2026-06-25,2Y,1.2527
CN,2026-06-25,5Y,1.4415
CN,2026-06-25,10Y,1.7351
CN,2026-06-25,30Y,2.2201
CN,2026-06-26,2Y,1.2462
CN,2026-06-26,5Y,1.4350
CN,2026-06-26,10Y,1.7314
CN,2026-06-26,30Y,2.2176
CN,2026-06-29,2Y,1.2362
CN,2026-06-29,5Y,1.4151
CN,2026-06-29,10Y,1.7170
CN,2026-06-29,30Y,2.2090
CN,2026-06-30,2Y,1.2467
CN,2026-06-30,5Y,1.4366
CN,2026-06-30,10Y,1.7330
CN,2026-06-30,30Y,2.2360
CN,2026-07-01,2Y,1.2570
CN,2026-07-01,5Y,1.4553
CN,2026-07-01,10Y,1.7448
CN,2026-07-01,30Y,2.2525
CN,2026-07-02,2Y,1.2471
CN,2026-07-02,5Y,1.4459
CN,2026-07-02,10Y,1.7410
CN,2026-07-02,30Y,2.2580
CN,2026-07-03,2Y,1.2473
CN,2026-07-03,5Y,1.4480
CN,2026-07-03,10Y,1.7463
CN,2026-07-03,30Y,2.2685
CN,2026-07-06,2Y,1.2485
CN,2026-07-06,5Y,1.4413
CN,2026-07-06,10Y,1.7379
CN,2026-07-06,30Y,2.2550
CN,2026-07-07,2Y,1.2489
CN,2026-07-07,5Y,1.4442
CN,2026-07-07,10Y,1.7406
CN,2026-07-07,30Y,2.2605
CN,2026-07-08,2Y,1.2490
CN,2026-07-08,5Y,1.4418
CN,2026-07-08,10Y,1.7385
CN,2026-07-08,30Y,2.2545
CN,2026-07-09,2Y,1.2538
CN,2026-07-09,5Y,1.4420
CN,2026-07-09,10Y,1.7376
CN,2026-07-09,30Y,2.2515
CN,2026-07-10,2Y,1.2615
CN,2026-07-10,5Y,1.4436
CN,2026-07-10,10Y,1.7398
CN,2026-07-10,30Y,2.2530
CN,2026-07-13,2Y,1.2666
CN,2026-07-13,5Y,1.4492
CN,2026-07-13,10Y,1.7442
CN,2026-07-13,30Y,2.2630
CN,2026-07-14,2Y,1.2698
CN,2026-07-14,5Y,1.4477
CN,2026-07-14,10Y,1.7402
CN,2026-07-14,30Y,2.2555
CN,2026-07-15,2Y,1.2710
CN,2026-07-15,5Y,1.4426
CN,2026-07-15,10Y,1.7406
CN,2026-07-15,30Y,2.2470
CN,2026-07-16,2Y,1.2706
CN,2026-07-16,5Y,1.4426
CN,2026-07-16,10Y,1.7437
CN,2026-07-16,30Y,2.2515
CN,2026-07-17,2Y,1.2645
CN,2026-07-17,5Y,1.4466
CN,2026-07-17,10Y,1.7404
CN,2026-07-17,30Y,2.2425
CN,2026-07-20,2Y,1.2691
CN,2026-07-20,5Y,1.4486
CN,2026-07-20,10Y,1.7453
CN,2026-07-20,30Y,2.2495
CN,2026-07-21,2Y,1.2689
CN,2026-07-21,5Y,1.4436
CN,2026-07-21,10Y,1.7450
CN,2026-07-21,30Y,2.2475
CN,2026-07-22,2Y,1.2649
CN,2026-07-22,5Y,1.4336
CN,2026-07-22,10Y,1.7297
CN,2026-07-22,30Y,2.2120
CN,2026-07-23,2Y,1.2691
CN,2026-07-23,5Y,1.4401
CN,2026-07-23,10Y,1.7325
CN,2026-07-23,30Y,2.2045
CN,2026-07-24,2Y,1.2693
CN,2026-07-24,5Y,1.4381
CN,2026-07-24,10Y,1.7282
CN,2026-07-24,30Y,2.1870
CN,2026-07-27,2Y,1.2688
CN,2026-07-27,5Y,1.4451
CN,2026-07-27,10Y,1.7337
CN,2026-07-27,30Y,2.1930
CN,2026-07-28,2Y,1.2691
CN,2026-07-28,5Y,1.4506
CN,2026-07-28,10Y,1.7351
CN,2026-07-28,30Y,2.1940
CN,2026-07-29,2Y,1.2689
CN,2026-07-29,5Y,1.4333
CN,2026-07-29,10Y,1.7329
CN,2026-07-29,30Y,2.2060
CN,2026-07-30,2Y,1.2629
CN,2026-07-30,5Y,1.4234
CN,2026-07-30,10Y,1.7196
CN,2026-07-30,30Y,2.1851
CN,2026-07-31,2Y,1.2606
CN,2026-07-31,5Y,1.4110
CN,2026-07-31,10Y,1.7141
CN,2026-07-31,30Y,2.1876
CN,2026-08-03,2Y,1.2646
CN,2026-08-03,5Y,1.4167
CN,2026-08-03,10Y,1.7169
CN,2026-08-03,30Y,2.1891
CN,2026-08-04,2Y,1.2617
CN,2026-08-04,5Y,1.4118
CN,2026-08-04,10Y,1.7126
CN,2026-08-04,30Y,2.1841
CN,2026-08-05,2Y,1.2547
CN,2026-08-05,5Y,1.4123
CN,2026-08-05,10Y,1.7137
CN,2026-08-05,30Y,2.1871
CN,2026-08-06,2Y,1.2548
CN,2026-08-06,5Y,1.4122
CN,2026-08-06,10Y,1.7143
CN,2026-08-06,30Y,2.1886
CN,2026-08-07,2Y,1.2523
CN,2026-08-07,5Y,1.4073
CN,2026-08-07,10Y,1.7114
CN,2026-08-07,30Y,2.1781
CN,2026-08-10,2Y,1.2509
CN,2026-08-10,5Y,1.4028
CN,2026-08-10,10Y,1.7074
CN,2026-08-10,30Y,2.1581
CN,2026-08-11,2Y,1.2528
CN,2026-08-11,5Y,1.4106
CN,2026-08-11,10Y,1.7161
CN,2026-08-11,30Y,2.1691
CN,2026-08-12,2Y,1.2451
CN,2026-08-12,5Y,1.4073
CN,2026-08-12,10Y,1.7141
CN,2026-08-12,30Y,2.1731
CN,2026-08-13,2Y,1.2374
CN,2026-08-13,5Y,1.4009
CN,2026-08-13,10Y,1.7032
CN,2026-08-13,30Y,2.1598
CN,2026-08-14,2Y,1.2295
CN,2026-08-14,5Y,1.3935
CN,2026-08-14,10Y,1.6964
CN,2026-08-14,30Y,2.1644
CN,2026-08-17,2Y,1.2295
CN,2026-08-17,5Y,1.3890
CN,2026-08-17,10Y,1.6924
CN,2026-08-17,30Y,2.1624
CN,2026-08-18,2Y,1.2262
CN,2026-08-18,5Y,1.3842
CN,2026-08-18,10Y,1.6864
CN,2026-08-18,30Y,2.1509
CN,2026-08-19,2Y,1.2249
CN,2026-08-19,5Y,1.3899
CN,2026-08-19,10Y,1.6831
CN,2026-08-19,30Y,2.1355
CN,2026-08-20,2Y,1.2311
CN,2026-08-20,5Y,1.3900
CN,2026-08-20,10Y,1.6832
CN,2026-08-20,30Y,2.1325
CN,2026-08-21,2Y,1.2398
CN,2026-08-21,5Y,1.3921
CN,2026-08-21,10Y,1.6839
CN,2026-08-21,30Y,2.1320
CN,2026-08-24,2Y,1.2332
CN,2026-08-24,5Y,1.3851
CN,2026-08-24,10Y,1.6794
CN,2026-08-24,30Y,2.1220
CN,2026-08-25,2Y,1.2361
CN,2026-08-25,5Y,1.3872
CN,2026-08-25,10Y,1.6815
CN,2026-08-25,30Y,2.1290
CN,2026-08-26,2Y,1.2505
CN,2026-08-26,5Y,1.3984
CN,2026-08-26,10Y,1.6887
CN,2026-08-26,30Y,2.1340
CN,2026-08-27,2Y,1.2540
CN,2026-08-27,5Y,1.4115
CN,2026-08-27,10Y,1.6988
CN,2026-08-27,30Y,2.1440
CN,2026-08-28,2Y,1.2547
CN,2026-08-28,5Y,1.4119
CN,2026-08-28,10Y,1.6949
CN,2026-08-28,30Y,2.1480
CN,2026-08-31,2Y,1.2524
CN,2026-08-31,5Y,1.4106
CN,2026-08-31,10Y,1.6883
CN,2026-08-31,30Y,2.1485
CN,2026-09-01,2Y,1.2414
CN,2026-09-01,5Y,1.4004
CN,2026-09-01,10Y,1.6834
CN,2026-09-01,30Y,2.1380
CN,2026-09-02,2Y,1.2389
CN,2026-09-02,5Y,1.4039
CN,2026-09-02,10Y,1.6861
CN,2026-09-02,30Y,2.1435
US,2016-09-06,2Y,0.7400
US,2016-09-06,5Y,1.1300
US,2016-09-06,10Y,1.5500
US,2016-09-06,30Y,2.2400
US,2016-09-07,2Y,0.7400
US,2016-09-07,5Y,1.1200
US,2016-09-07,10Y,1.5400
US,2016-09-07,30Y,2.2300
US,2016-09-08,2Y,0.7800
US,2016-09-08,5Y,1.1900
US,2016-09-08,10Y,1.6100
US,2016-09-08,30Y,2.3200
US,2016-09-09,2Y,0.7900
US,2016-09-09,5Y,1.2300
US,2016-09-09,10Y,1.6700
US,2016-09-09,30Y,2.3900
US,2016-09-12,2Y,0.7900
US,2016-09-12,5Y,1.2100
US,2016-09-12,10Y,1.6800
US,2016-09-12,30Y,2.4000
US,2016-09-13,2Y,0.8000
US,2016-09-13,5Y,1.2600
US,2016-09-13,10Y,1.7300
US,2016-09-13,30Y,2.4700
US,2016-09-14,2Y,0.7700
US,2016-09-14,5Y,1.2100
US,2016-09-14,10Y,1.7000
US,2016-09-14,30Y,2.4400
US,2016-09-15,2Y,0.7400
US,2016-09-15,5Y,1.2000
US,2016-09-15,10Y,1.7100
US,2016-09-15,30Y,2.4800
US,2016-09-16,2Y,0.7700
US,2016-09-16,5Y,1.2100
US,2016-09-16,10Y,1.7000
US,2016-09-16,30Y,2.4400
US,2016-09-19,2Y,0.7900
US,2016-09-19,5Y,1.2200
US,2016-09-19,10Y,1.7000
US,2016-09-19,30Y,2.4500
US,2016-09-20,2Y,0.7900
US,2016-09-20,5Y,1.2000
US,2016-09-20,10Y,1.6900
US,2016-09-20,30Y,2.4300
US,2016-09-21,2Y,0.7900
US,2016-09-21,5Y,1.2000
US,2016-09-21,10Y,1.6600
US,2016-09-21,30Y,2.3900
US,2016-09-22,2Y,0.7900
US,2016-09-22,5Y,1.1800
US,2016-09-22,10Y,1.6300
US,2016-09-22,30Y,2.3400
US,2016-09-23,2Y,0.7700
US,2016-09-23,5Y,1.1600
US,2016-09-23,10Y,1.6200
US,2016-09-23,30Y,2.3400
US,2016-09-26,2Y,0.7600
US,2016-09-26,5Y,1.1300
US,2016-09-26,10Y,1.5900
US,2016-09-26,30Y,2.3200
US,2016-09-27,2Y,0.7500
US,2016-09-27,5Y,1.1200
US,2016-09-27,10Y,1.5600
US,2016-09-27,30Y,2.2800
US,2016-09-28,2Y,0.7500
US,2016-09-28,5Y,1.1300
US,2016-09-28,10Y,1.5700
US,2016-09-28,30Y,2.2900
US,2016-09-29,2Y,0.7300
US,2016-09-29,5Y,1.1200
US,2016-09-29,10Y,1.5600
US,2016-09-29,30Y,2.2800
US,2016-09-30,2Y,0.7700
US,2016-09-30,5Y,1.1400
US,2016-09-30,10Y,1.6000
US,2016-09-30,30Y,2.3200
US,2016-10-03,2Y,0.8000
US,2016-10-03,5Y,1.1800
US,2016-10-03,10Y,1.6300
US,2016-10-03,30Y,2.3400
US,2016-10-04,2Y,0.8200
US,2016-10-04,5Y,1.2200
US,2016-10-04,10Y,1.6900
US,2016-10-04,30Y,2.4000
US,2016-10-05,2Y,0.8500
US,2016-10-05,5Y,1.2600
US,2016-10-05,10Y,1.7200
US,2016-10-05,30Y,2.4400
US,2016-10-06,2Y,0.8600
US,2016-10-06,5Y,1.2800
US,2016-10-06,10Y,1.7500
US,2016-10-06,30Y,2.4600
US,2016-10-07,2Y,0.8300
US,2016-10-07,5Y,1.2600
US,2016-10-07,10Y,1.7300
US,2016-10-07,30Y,2.4600
US,2016-10-11,2Y,0.8700
US,2016-10-11,5Y,1.3000
US,2016-10-11,10Y,1.7700
US,2016-10-11,30Y,2.5000
US,2016-10-12,2Y,0.8700
US,2016-10-12,5Y,1.3100
US,2016-10-12,10Y,1.7900
US,2016-10-12,30Y,2.5100
US,2016-10-13,2Y,0.8500
US,2016-10-13,5Y,1.2700
US,2016-10-13,10Y,1.7500
US,2016-10-13,30Y,2.4800
US,2016-10-14,2Y,0.8400
US,2016-10-14,5Y,1.2800
US,2016-10-14,10Y,1.8000
US,2016-10-14,30Y,2.5500
US,2016-10-17,2Y,0.8100
US,2016-10-17,5Y,1.2600
US,2016-10-17,10Y,1.7700
US,2016-10-17,30Y,2.5200
US,2016-10-18,2Y,0.8200
US,2016-10-18,5Y,1.2400
US,2016-10-18,10Y,1.7500
US,2016-10-18,30Y,2.5100
US,2016-10-19,2Y,0.8100
US,2016-10-19,5Y,1.2400
US,2016-10-19,10Y,1.7600
US,2016-10-19,30Y,2.5100
US,2016-10-20,2Y,0.8400
US,2016-10-20,5Y,1.2600
US,2016-10-20,10Y,1.7600
US,2016-10-20,30Y,2.5000
US,2016-10-21,2Y,0.8400
US,2016-10-21,5Y,1.2500
US,2016-10-21,10Y,1.7400
US,2016-10-21,30Y,2.4800
US,2016-10-24,2Y,0.8400
US,2016-10-24,5Y,1.2700
US,2016-10-24,10Y,1.7700
US,2016-10-24,30Y,2.5200
US,2016-10-25,2Y,0.8600
US,2016-10-25,5Y,1.2900
US,2016-10-25,10Y,1.7700
US,2016-10-25,30Y,2.5000
US,2016-10-26,2Y,0.8600
US,2016-10-26,5Y,1.3000
US,2016-10-26,10Y,1.7900
US,2016-10-26,30Y,2.5300
US,2016-10-27,2Y,0.8700
US,2016-10-27,5Y,1.3300
US,2016-10-27,10Y,1.8500
US,2016-10-27,30Y,2.6000
US,2016-10-28,2Y,0.8600
US,2016-10-28,5Y,1.3300
US,2016-10-28,10Y,1.8600
US,2016-10-28,30Y,2.6200
US,2016-10-31,2Y,0.8600
US,2016-10-31,5Y,1.3100
US,2016-10-31,10Y,1.8400
US,2016-10-31,30Y,2.5800
US,2016-11-01,2Y,0.8300
US,2016-11-01,5Y,1.3000
US,2016-11-01,10Y,1.8300
US,2016-11-01,30Y,2.5800
US,2016-11-02,2Y,0.8100
US,2016-11-02,5Y,1.2600
US,2016-11-02,10Y,1.8100
US,2016-11-02,30Y,2.5600
US,2016-11-03,2Y,0.8100
US,2016-11-03,5Y,1.2600
US,2016-11-03,10Y,1.8200
US,2016-11-03,30Y,2.6000
US,2016-11-04,2Y,0.8000
US,2016-11-04,5Y,1.2400
US,2016-11-04,10Y,1.7900
US,2016-11-04,30Y,2.5600
US,2016-11-07,2Y,0.8200
US,2016-11-07,5Y,1.2900
US,2016-11-07,10Y,1.8300
US,2016-11-07,30Y,2.6000
US,2016-11-08,2Y,0.8700
US,2016-11-08,5Y,1.3400
US,2016-11-08,10Y,1.8800
US,2016-11-08,30Y,2.6300
US,2016-11-09,2Y,0.9000
US,2016-11-09,5Y,1.4900
US,2016-11-09,10Y,2.0700
US,2016-11-09,30Y,2.8800
US,2016-11-10,2Y,0.9200
US,2016-11-10,5Y,1.5600
US,2016-11-10,10Y,2.1500
US,2016-11-10,30Y,2.9400
US,2016-11-14,2Y,1.0000
US,2016-11-14,5Y,1.6600
US,2016-11-14,10Y,2.2300
US,2016-11-14,30Y,2.9900
US,2016-11-15,2Y,1.0200
US,2016-11-15,5Y,1.6800
US,2016-11-15,10Y,2.2300
US,2016-11-15,30Y,2.9700
US,2016-11-16,2Y,1.0000
US,2016-11-16,5Y,1.6800
US,2016-11-16,10Y,2.2200
US,2016-11-16,30Y,2.9200
US,2016-11-17,2Y,1.0400
US,2016-11-17,5Y,1.7300
US,2016-11-17,10Y,2.2900
US,2016-11-17,30Y,3.0100
US,2016-11-18,2Y,1.0700
US,2016-11-18,5Y,1.8000
US,2016-11-18,10Y,2.3400
US,2016-11-18,30Y,3.0100
US,2016-11-21,2Y,1.0800
US,2016-11-21,5Y,1.7900
US,2016-11-21,10Y,2.3300
US,2016-11-21,30Y,3.0000
US,2016-11-22,2Y,1.0700
US,2016-11-22,5Y,1.7700
US,2016-11-22,10Y,2.3100
US,2016-11-22,30Y,3.0000
US,2016-11-23,2Y,1.1200
US,2016-11-23,5Y,1.8300
US,2016-11-23,10Y,2.3600
US,2016-11-23,30Y,3.0200
US,2016-11-25,2Y,1.1200
US,2016-11-25,5Y,1.8300
US,2016-11-25,10Y,2.3600
US,2016-11-25,30Y,3.0100
US,2016-11-28,2Y,1.1100
US,2016-11-28,5Y,1.8000
US,2016-11-28,10Y,2.3200
US,2016-11-28,30Y,2.9900
US,2016-11-29,2Y,1.0900
US,2016-11-29,5Y,1.7800
US,2016-11-29,10Y,2.3000
US,2016-11-29,30Y,2.9500
US,2016-11-30,2Y,1.1100
US,2016-11-30,5Y,1.8300
US,2016-11-30,10Y,2.3700
US,2016-11-30,30Y,3.0200
US,2016-12-01,2Y,1.1400
US,2016-12-01,5Y,1.9000
US,2016-12-01,10Y,2.4500
US,2016-12-01,30Y,3.1000
US,2016-12-02,2Y,1.1100
US,2016-12-02,5Y,1.8400
US,2016-12-02,10Y,2.4000
US,2016-12-02,30Y,3.0800
US,2016-12-05,2Y,1.1300
US,2016-12-05,5Y,1.8400
US,2016-12-05,10Y,2.3900
US,2016-12-05,30Y,3.0500
US,2016-12-06,2Y,1.1200
US,2016-12-06,5Y,1.8400
US,2016-12-06,10Y,2.3900
US,2016-12-06,30Y,3.0800
US,2016-12-07,2Y,1.1000
US,2016-12-07,5Y,1.8000
US,2016-12-07,10Y,2.3400
US,2016-12-07,30Y,3.0200
US,2016-12-08,2Y,1.1200
US,2016-12-08,5Y,1.8300
US,2016-12-08,10Y,2.4000
US,2016-12-08,30Y,3.1000
US,2016-12-09,2Y,1.1500
US,2016-12-09,5Y,1.8900
US,2016-12-09,10Y,2.4700
US,2016-12-09,30Y,3.1600
US,2016-12-12,2Y,1.1500
US,2016-12-12,5Y,1.9000
US,2016-12-12,10Y,2.4900
US,2016-12-12,30Y,3.1600
US,2016-12-13,2Y,1.1700
US,2016-12-13,5Y,1.9200
US,2016-12-13,10Y,2.4800
US,2016-12-13,30Y,3.1400
US,2016-12-14,2Y,1.2700
US,2016-12-14,5Y,2.0200
US,2016-12-14,10Y,2.5400
US,2016-12-14,30Y,3.1400
US,2016-12-15,2Y,1.2900
US,2016-12-15,5Y,2.1000
US,2016-12-15,10Y,2.6000
US,2016-12-15,30Y,3.1600
US,2016-12-16,2Y,1.2800
US,2016-12-16,5Y,2.0700
US,2016-12-16,10Y,2.6000
US,2016-12-16,30Y,3.1900
US,2016-12-19,2Y,1.2400
US,2016-12-19,5Y,2.0300
US,2016-12-19,10Y,2.5400
US,2016-12-19,30Y,3.1200
US,2016-12-20,2Y,1.2500
US,2016-12-20,5Y,2.0600
US,2016-12-20,10Y,2.5700
US,2016-12-20,30Y,3.1500
US,2016-12-21,2Y,1.2100
US,2016-12-21,5Y,2.0400
US,2016-12-21,10Y,2.5500
US,2016-12-21,30Y,3.1200
US,2016-12-22,2Y,1.2200
US,2016-12-22,5Y,2.0400
US,2016-12-22,10Y,2.5500
US,2016-12-22,30Y,3.1200
US,2016-12-23,2Y,1.2200
US,2016-12-23,5Y,2.0400
US,2016-12-23,10Y,2.5500
US,2016-12-23,30Y,3.1200
US,2016-12-27,2Y,1.2800
US,2016-12-27,5Y,2.0700
US,2016-12-27,10Y,2.5700
US,2016-12-27,30Y,3.1400
US,2016-12-28,2Y,1.2600
US,2016-12-28,5Y,2.0200
US,2016-12-28,10Y,2.5100
US,2016-12-28,30Y,3.0900
US,2016-12-29,2Y,1.2200
US,2016-12-29,5Y,1.9600
US,2016-12-29,10Y,2.4900
US,2016-12-29,30Y,3.0800
US,2016-12-30,2Y,1.2000
US,2016-12-30,5Y,1.9300
US,2016-12-30,10Y,2.4500
US,2016-12-30,30Y,3.0600
US,2017-01-03,2Y,1.2200
US,2017-01-03,5Y,1.9400
US,2017-01-03,10Y,2.4500
US,2017-01-03,30Y,3.0400
US,2017-01-04,2Y,1.2400
US,2017-01-04,5Y,1.9400
US,2017-01-04,10Y,2.4600
US,2017-01-04,30Y,3.0500
US,2017-01-05,2Y,1.1700
US,2017-01-05,5Y,1.8600
US,2017-01-05,10Y,2.3700
US,2017-01-05,30Y,2.9600
US,2017-01-06,2Y,1.2200
US,2017-01-06,5Y,1.9200
US,2017-01-06,10Y,2.4200
US,2017-01-06,30Y,3.0000
US,2017-01-09,2Y,1.2100
US,2017-01-09,5Y,1.8900
US,2017-01-09,10Y,2.3800
US,2017-01-09,30Y,2.9700
US,2017-01-10,2Y,1.1900
US,2017-01-10,5Y,1.8900
US,2017-01-10,10Y,2.3800
US,2017-01-10,30Y,2.9700
US,2017-01-11,2Y,1.2000
US,2017-01-11,5Y,1.8900
US,2017-01-11,10Y,2.3800
US,2017-01-11,30Y,2.9600
US,2017-01-12,2Y,1.1800
US,2017-01-12,5Y,1.8700
US,2017-01-12,10Y,2.3600
US,2017-01-12,30Y,3.0100
US,2017-01-13,2Y,1.2100
US,2017-01-13,5Y,1.9000
US,2017-01-13,10Y,2.4000
US,2017-01-13,30Y,2.9900
US,2017-01-17,2Y,1.1700
US,2017-01-17,5Y,1.8400
US,2017-01-17,10Y,2.3300
US,2017-01-17,30Y,2.9300
US,2017-01-18,2Y,1.2300
US,2017-01-18,5Y,1.9300
US,2017-01-18,10Y,2.4200
US,2017-01-18,30Y,3.0000
US,2017-01-19,2Y,1.2500
US,2017-01-19,5Y,1.9700
US,2017-01-19,10Y,2.4700
US,2017-01-19,30Y,3.0400
US,2017-01-20,2Y,1.2000
US,2017-01-20,5Y,1.9500
US,2017-01-20,10Y,2.4800
US,2017-01-20,30Y,3.0500
US,2017-01-23,2Y,1.1600
US,2017-01-23,5Y,1.8800
US,2017-01-23,10Y,2.4100
US,2017-01-23,30Y,2.9900
US,2017-01-24,2Y,1.2100
US,2017-01-24,5Y,1.9400
US,2017-01-24,10Y,2.4700
US,2017-01-24,30Y,3.0500
US,2017-01-25,2Y,1.2300
US,2017-01-25,5Y,1.9900
US,2017-01-25,10Y,2.5300
US,2017-01-25,30Y,3.1000
US,2017-01-26,2Y,1.2100
US,2017-01-26,5Y,1.9500
US,2017-01-26,10Y,2.5100
US,2017-01-26,30Y,3.0800
US,2017-01-27,2Y,1.2200
US,2017-01-27,5Y,1.9400
US,2017-01-27,10Y,2.4900
US,2017-01-27,30Y,3.0600
US,2017-01-30,2Y,1.2200
US,2017-01-30,5Y,1.9400
US,2017-01-30,10Y,2.4900
US,2017-01-30,30Y,3.0800
US,2017-01-31,2Y,1.1900
US,2017-01-31,5Y,1.9000
US,2017-01-31,10Y,2.4500
US,2017-01-31,30Y,3.0500
US,2017-02-01,2Y,1.2200
US,2017-02-01,5Y,1.9300
US,2017-02-01,10Y,2.4800
US,2017-02-01,30Y,3.0800
US,2017-02-02,2Y,1.2100
US,2017-02-02,5Y,1.9200
US,2017-02-02,10Y,2.4800
US,2017-02-02,30Y,3.0900
US,2017-02-03,2Y,1.2100
US,2017-02-03,5Y,1.9300
US,2017-02-03,10Y,2.4900
US,2017-02-03,30Y,3.1100
US,2017-02-06,2Y,1.1600
US,2017-02-06,5Y,1.8600
US,2017-02-06,10Y,2.4200
US,2017-02-06,30Y,3.0500
US,2017-02-07,2Y,1.1600
US,2017-02-07,5Y,1.8500
US,2017-02-07,10Y,2.4000
US,2017-02-07,30Y,3.0200
US,2017-02-08,2Y,1.1500
US,2017-02-08,5Y,1.8100
US,2017-02-08,10Y,2.3400
US,2017-02-08,30Y,2.9600
US,2017-02-09,2Y,1.2000
US,2017-02-09,5Y,1.8800
US,2017-02-09,10Y,2.4000
US,2017-02-09,30Y,3.0200
US,2017-02-10,2Y,1.2000
US,2017-02-10,5Y,1.8900
US,2017-02-10,10Y,2.4100
US,2017-02-10,30Y,3.0100
US,2017-02-13,2Y,1.2000
US,2017-02-13,5Y,1.9200
US,2017-02-13,10Y,2.4300
US,2017-02-13,30Y,3.0300
US,2017-02-14,2Y,1.2500
US,2017-02-14,5Y,1.9800
US,2017-02-14,10Y,2.4700
US,2017-02-14,30Y,3.0700
US,2017-02-15,2Y,1.2700
US,2017-02-15,5Y,2.0100
US,2017-02-15,10Y,2.5100
US,2017-02-15,30Y,3.0900
US,2017-02-16,2Y,1.2200
US,2017-02-16,5Y,1.9500
US,2017-02-16,10Y,2.4500
US,2017-02-16,30Y,3.0500
US,2017-02-17,2Y,1.2100
US,2017-02-17,5Y,1.9200
US,2017-02-17,10Y,2.4200
US,2017-02-17,30Y,3.0300
US,2017-02-21,2Y,1.2200
US,2017-02-21,5Y,1.9300
US,2017-02-21,10Y,2.4300
US,2017-02-21,30Y,3.0400
US,2017-02-22,2Y,1.2200
US,2017-02-22,5Y,1.9200
US,2017-02-22,10Y,2.4200
US,2017-02-22,30Y,3.0400
US,2017-02-23,2Y,1.1800
US,2017-02-23,5Y,1.8700
US,2017-02-23,10Y,2.3800
US,2017-02-23,30Y,3.0200
US,2017-02-24,2Y,1.1200
US,2017-02-24,5Y,1.8000
US,2017-02-24,10Y,2.3100
US,2017-02-24,30Y,2.9500
US,2017-02-27,2Y,1.2000
US,2017-02-27,5Y,1.8700
US,2017-02-27,10Y,2.3600
US,2017-02-27,30Y,2.9800
US,2017-02-28,2Y,1.2200
US,2017-02-28,5Y,1.8900
US,2017-02-28,10Y,2.3600
US,2017-02-28,30Y,2.9700
US,2017-03-01,2Y,1.2900
US,2017-03-01,5Y,1.9900
US,2017-03-01,10Y,2.4600
US,2017-03-01,30Y,3.0600
US,2017-03-02,2Y,1.3200
US,2017-03-02,5Y,2.0300
US,2017-03-02,10Y,2.4900
US,2017-03-02,30Y,3.0900
US,2017-03-03,2Y,1.3200
US,2017-03-03,5Y,2.0200
US,2017-03-03,10Y,2.4900
US,2017-03-03,30Y,3.0800
US,2017-03-06,2Y,1.3100
US,2017-03-06,5Y,2.0200
US,2017-03-06,10Y,2.4900
US,2017-03-06,30Y,3.1000
US,2017-03-07,2Y,1.3200
US,2017-03-07,5Y,2.0500
US,2017-03-07,10Y,2.5200
US,2017-03-07,30Y,3.1100
US,2017-03-08,2Y,1.3600
US,2017-03-08,5Y,2.0800
US,2017-03-08,10Y,2.5700
US,2017-03-08,30Y,3.1500
US,2017-03-09,2Y,1.3700
US,2017-03-09,5Y,2.1300
US,2017-03-09,10Y,2.6000
US,2017-03-09,30Y,3.1900
US,2017-03-10,2Y,1.3600
US,2017-03-10,5Y,2.1100
US,2017-03-10,10Y,2.5800
US,2017-03-10,30Y,3.1600
US,2017-03-13,2Y,1.4000
US,2017-03-13,5Y,2.1400
US,2017-03-13,10Y,2.6200
US,2017-03-13,30Y,3.2000
US,2017-03-14,2Y,1.4000
US,2017-03-14,5Y,2.1300
US,2017-03-14,10Y,2.6000
US,2017-03-14,30Y,3.1700
US,2017-03-15,2Y,1.3300
US,2017-03-15,5Y,2.0200
US,2017-03-15,10Y,2.5100
US,2017-03-15,30Y,3.1100
US,2017-03-16,2Y,1.3500
US,2017-03-16,5Y,2.0500
US,2017-03-16,10Y,2.5300
US,2017-03-16,30Y,3.1400
US,2017-03-17,2Y,1.3300
US,2017-03-17,5Y,2.0300
US,2017-03-17,10Y,2.5000
US,2017-03-17,30Y,3.1100
US,2017-03-20,2Y,1.3000
US,2017-03-20,5Y,2.0000
US,2017-03-20,10Y,2.4700
US,2017-03-20,30Y,3.0800
US,2017-03-21,2Y,1.2700
US,2017-03-21,5Y,1.9600
US,2017-03-21,10Y,2.4300
US,2017-03-21,30Y,3.0400
US,2017-03-22,2Y,1.2700
US,2017-03-22,5Y,1.9500
US,2017-03-22,10Y,2.4000
US,2017-03-22,30Y,3.0200
US,2017-03-23,2Y,1.2600
US,2017-03-23,5Y,1.9500
US,2017-03-23,10Y,2.4100
US,2017-03-23,30Y,3.0200
US,2017-03-24,2Y,1.2600
US,2017-03-24,5Y,1.9300
US,2017-03-24,10Y,2.4000
US,2017-03-24,30Y,3.0000
US,2017-03-27,2Y,1.2700
US,2017-03-27,5Y,1.9300
US,2017-03-27,10Y,2.3800
US,2017-03-27,30Y,2.9800
US,2017-03-28,2Y,1.3000
US,2017-03-28,5Y,1.9700
US,2017-03-28,10Y,2.4200
US,2017-03-28,30Y,3.0200
US,2017-03-29,2Y,1.2600
US,2017-03-29,5Y,1.9300
US,2017-03-29,10Y,2.3900
US,2017-03-29,30Y,2.9900
US,2017-03-30,2Y,1.2800
US,2017-03-30,5Y,1.9600
US,2017-03-30,10Y,2.4200
US,2017-03-30,30Y,3.0300
US,2017-03-31,2Y,1.2700
US,2017-03-31,5Y,1.9300
US,2017-03-31,10Y,2.4000
US,2017-03-31,30Y,3.0200
US,2017-04-03,2Y,1.2400
US,2017-04-03,5Y,1.8800
US,2017-04-03,10Y,2.3500
US,2017-04-03,30Y,2.9800
US,2017-04-04,2Y,1.2500
US,2017-04-04,5Y,1.8800
US,2017-04-04,10Y,2.3600
US,2017-04-04,30Y,2.9900
US,2017-04-05,2Y,1.2400
US,2017-04-05,5Y,1.8500
US,2017-04-05,10Y,2.3400
US,2017-04-05,30Y,2.9800
US,2017-04-06,2Y,1.2400
US,2017-04-06,5Y,1.8700
US,2017-04-06,10Y,2.3400
US,2017-04-06,30Y,2.9900
US,2017-04-07,2Y,1.2900
US,2017-04-07,5Y,1.9200
US,2017-04-07,10Y,2.3800
US,2017-04-07,30Y,3.0000
US,2017-04-10,2Y,1.2900
US,2017-04-10,5Y,1.9100
US,2017-04-10,10Y,2.3700
US,2017-04-10,30Y,2.9900
US,2017-04-11,2Y,1.2400
US,2017-04-11,5Y,1.8400
US,2017-04-11,10Y,2.3200
US,2017-04-11,30Y,2.9300
US,2017-04-12,2Y,1.2400
US,2017-04-12,5Y,1.8100
US,2017-04-12,10Y,2.2800
US,2017-04-12,30Y,2.9200
US,2017-04-13,2Y,1.2100
US,2017-04-13,5Y,1.7700
US,2017-04-13,10Y,2.2400
US,2017-04-13,30Y,2.8900
US,2017-04-17,2Y,1.2100
US,2017-04-17,5Y,1.7900
US,2017-04-17,10Y,2.2600
US,2017-04-17,30Y,2.9200
US,2017-04-18,2Y,1.1800
US,2017-04-18,5Y,1.7100
US,2017-04-18,10Y,2.1800
US,2017-04-18,30Y,2.8400
US,2017-04-19,2Y,1.1900
US,2017-04-19,5Y,1.7400
US,2017-04-19,10Y,2.2100
US,2017-04-19,30Y,2.8700
US,2017-04-20,2Y,1.2100
US,2017-04-20,5Y,1.7800
US,2017-04-20,10Y,2.2400
US,2017-04-20,30Y,2.8900
US,2017-04-21,2Y,1.2000
US,2017-04-21,5Y,1.7700
US,2017-04-21,10Y,2.2400
US,2017-04-21,30Y,2.8900
US,2017-04-24,2Y,1.2500
US,2017-04-24,5Y,1.8100
US,2017-04-24,10Y,2.2800
US,2017-04-24,30Y,2.9300
US,2017-04-25,2Y,1.2900
US,2017-04-25,5Y,1.8700
US,2017-04-25,10Y,2.3500
US,2017-04-25,30Y,2.9900
US,2017-04-26,2Y,1.2800
US,2017-04-26,5Y,1.8400
US,2017-04-26,10Y,2.3200
US,2017-04-26,30Y,2.9700
US,2017-04-27,2Y,1.2500
US,2017-04-27,5Y,1.8100
US,2017-04-27,10Y,2.3000
US,2017-04-27,30Y,2.9600
US,2017-04-28,2Y,1.2800
US,2017-04-28,5Y,1.8100
US,2017-04-28,10Y,2.2900
US,2017-04-28,30Y,2.9600
US,2017-05-01,2Y,1.2800
US,2017-05-01,5Y,1.8400
US,2017-05-01,10Y,2.3300
US,2017-05-01,30Y,3.0000
US,2017-05-02,2Y,1.2700
US,2017-05-02,5Y,1.8100
US,2017-05-02,10Y,2.2900
US,2017-05-02,30Y,2.9700
US,2017-05-03,2Y,1.3000
US,2017-05-03,5Y,1.8600
US,2017-05-03,10Y,2.3300
US,2017-05-03,30Y,2.9700
US,2017-05-04,2Y,1.3200
US,2017-05-04,5Y,1.8800
US,2017-05-04,10Y,2.3600
US,2017-05-04,30Y,3.0000
US,2017-05-05,2Y,1.3200
US,2017-05-05,5Y,1.8900
US,2017-05-05,10Y,2.3600
US,2017-05-05,30Y,2.9900
US,2017-05-08,2Y,1.3300
US,2017-05-08,5Y,1.9100
US,2017-05-08,10Y,2.3900
US,2017-05-08,30Y,3.0200
US,2017-05-09,2Y,1.3700
US,2017-05-09,5Y,1.9400
US,2017-05-09,10Y,2.4200
US,2017-05-09,30Y,3.0400
US,2017-05-10,2Y,1.3500
US,2017-05-10,5Y,1.9400
US,2017-05-10,10Y,2.4100
US,2017-05-10,30Y,3.0300
US,2017-05-11,2Y,1.3500
US,2017-05-11,5Y,1.9300
US,2017-05-11,10Y,2.3900
US,2017-05-11,30Y,3.0300
US,2017-05-12,2Y,1.2900
US,2017-05-12,5Y,1.8500
US,2017-05-12,10Y,2.3300
US,2017-05-12,30Y,2.9800
US,2017-05-15,2Y,1.3100
US,2017-05-15,5Y,1.8600
US,2017-05-15,10Y,2.3400
US,2017-05-15,30Y,3.0000
US,2017-05-16,2Y,1.2900
US,2017-05-16,5Y,1.8600
US,2017-05-16,10Y,2.3300
US,2017-05-16,30Y,2.9900
US,2017-05-17,2Y,1.2600
US,2017-05-17,5Y,1.7600
US,2017-05-17,10Y,2.2200
US,2017-05-17,30Y,2.9100
US,2017-05-18,2Y,1.2700
US,2017-05-18,5Y,1.7800
US,2017-05-18,10Y,2.2300
US,2017-05-18,30Y,2.9000
US,2017-05-19,2Y,1.2800
US,2017-05-19,5Y,1.7900
US,2017-05-19,10Y,2.2300
US,2017-05-19,30Y,2.9000
US,2017-05-22,2Y,1.2900
US,2017-05-22,5Y,1.8000
US,2017-05-22,10Y,2.2500
US,2017-05-22,30Y,2.9100
US,2017-05-23,2Y,1.3100
US,2017-05-23,5Y,1.8400
US,2017-05-23,10Y,2.2900
US,2017-05-23,30Y,2.9500
US,2017-05-24,2Y,1.2900
US,2017-05-24,5Y,1.7900
US,2017-05-24,10Y,2.2600
US,2017-05-24,30Y,2.9200
US,2017-05-25,2Y,1.3000
US,2017-05-25,5Y,1.7800
US,2017-05-25,10Y,2.2500
US,2017-05-25,30Y,2.9200
US,2017-05-26,2Y,1.3000
US,2017-05-26,5Y,1.7900
US,2017-05-26,10Y,2.2500
US,2017-05-26,30Y,2.9200
US,2017-05-30,2Y,1.2800
US,2017-05-30,5Y,1.7600
US,2017-05-30,10Y,2.2100
US,2017-05-30,30Y,2.8800
US,2017-05-31,2Y,1.2800
US,2017-05-31,5Y,1.7500
US,2017-05-31,10Y,2.2100
US,2017-05-31,30Y,2.8700
US,2017-06-01,2Y,1.2800
US,2017-06-01,5Y,1.7600
US,2017-06-01,10Y,2.2100
US,2017-06-01,30Y,2.8700
US,2017-06-02,2Y,1.2800
US,2017-06-02,5Y,1.7100
US,2017-06-02,10Y,2.1500
US,2017-06-02,30Y,2.8000
US,2017-06-05,2Y,1.3200
US,2017-06-05,5Y,1.7400
US,2017-06-05,10Y,2.1800
US,2017-06-05,30Y,2.8400
US,2017-06-06,2Y,1.3000
US,2017-06-06,5Y,1.7100
US,2017-06-06,10Y,2.1400
US,2017-06-06,30Y,2.8100
US,2017-06-07,2Y,1.3200
US,2017-06-07,5Y,1.7400
US,2017-06-07,10Y,2.1800
US,2017-06-07,30Y,2.8400
US,2017-06-08,2Y,1.3300
US,2017-06-08,5Y,1.7500
US,2017-06-08,10Y,2.1900
US,2017-06-08,30Y,2.8500
US,2017-06-09,2Y,1.3500
US,2017-06-09,5Y,1.7700
US,2017-06-09,10Y,2.2100
US,2017-06-09,30Y,2.8600
US,2017-06-12,2Y,1.3500
US,2017-06-12,5Y,1.7800
US,2017-06-12,10Y,2.2100
US,2017-06-12,30Y,2.8600
US,2017-06-13,2Y,1.3800
US,2017-06-13,5Y,1.7900
US,2017-06-13,10Y,2.2100
US,2017-06-13,30Y,2.8700
US,2017-06-14,2Y,1.3500
US,2017-06-14,5Y,1.7400
US,2017-06-14,10Y,2.1500
US,2017-06-14,30Y,2.7900
US,2017-06-15,2Y,1.3500
US,2017-06-15,5Y,1.7600
US,2017-06-15,10Y,2.1600
US,2017-06-15,30Y,2.7800
US,2017-06-16,2Y,1.3200
US,2017-06-16,5Y,1.7500
US,2017-06-16,10Y,2.1600
US,2017-06-16,30Y,2.7800
US,2017-06-19,2Y,1.3600
US,2017-06-19,5Y,1.8000
US,2017-06-19,10Y,2.1900
US,2017-06-19,30Y,2.7900
US,2017-06-20,2Y,1.3600
US,2017-06-20,5Y,1.7700
US,2017-06-20,10Y,2.1600
US,2017-06-20,30Y,2.7400
US,2017-06-21,2Y,1.3600
US,2017-06-21,5Y,1.7800
US,2017-06-21,10Y,2.1600
US,2017-06-21,30Y,2.7300
US,2017-06-22,2Y,1.3400
US,2017-06-22,5Y,1.7600
US,2017-06-22,10Y,2.1500
US,2017-06-22,30Y,2.7200
US,2017-06-23,2Y,1.3400
US,2017-06-23,5Y,1.7700
US,2017-06-23,10Y,2.1500
US,2017-06-23,30Y,2.7100
US,2017-06-26,2Y,1.3600
US,2017-06-26,5Y,1.7700
US,2017-06-26,10Y,2.1400
US,2017-06-26,30Y,2.7000
US,2017-06-27,2Y,1.3800
US,2017-06-27,5Y,1.8300
US,2017-06-27,10Y,2.2100
US,2017-06-27,30Y,2.7500
US,2017-06-28,2Y,1.3400
US,2017-06-28,5Y,1.8100
US,2017-06-28,10Y,2.2200
US,2017-06-28,30Y,2.7700
US,2017-06-29,2Y,1.3800
US,2017-06-29,5Y,1.8500
US,2017-06-29,10Y,2.2700
US,2017-06-29,30Y,2.8200
US,2017-06-30,2Y,1.3800
US,2017-06-30,5Y,1.8900
US,2017-06-30,10Y,2.3100
US,2017-06-30,30Y,2.8400
US,2017-07-03,2Y,1.4100
US,2017-07-03,5Y,1.9300
US,2017-07-03,10Y,2.3500
US,2017-07-03,30Y,2.8600
US,2017-07-04,10Y,2.3480
US,2017-07-05,2Y,1.4100
US,2017-07-05,5Y,1.9200
US,2017-07-05,10Y,2.3300
US,2017-07-05,30Y,2.8500
US,2017-07-06,2Y,1.4000
US,2017-07-06,5Y,1.9400
US,2017-07-06,10Y,2.3700
US,2017-07-06,30Y,2.9000
US,2017-07-07,2Y,1.4000
US,2017-07-07,5Y,1.9500
US,2017-07-07,10Y,2.3900
US,2017-07-07,30Y,2.9300
US,2017-07-10,2Y,1.4000
US,2017-07-10,5Y,1.9300
US,2017-07-10,10Y,2.3800
US,2017-07-10,30Y,2.9300
US,2017-07-11,2Y,1.3700
US,2017-07-11,5Y,1.9200
US,2017-07-11,10Y,2.3700
US,2017-07-11,30Y,2.9200
US,2017-07-12,2Y,1.3500
US,2017-07-12,5Y,1.8800
US,2017-07-12,10Y,2.3300
US,2017-07-12,30Y,2.8900
US,2017-07-13,2Y,1.3700
US,2017-07-13,5Y,1.8900
US,2017-07-13,10Y,2.3500
US,2017-07-13,30Y,2.9200
US,2017-07-14,2Y,1.3500
US,2017-07-14,5Y,1.8700
US,2017-07-14,10Y,2.3300
US,2017-07-14,30Y,2.9100
US,2017-07-17,2Y,1.3600
US,2017-07-17,5Y,1.8600
US,2017-07-17,10Y,2.3100
US,2017-07-17,30Y,2.8900
US,2017-07-18,2Y,1.3600
US,2017-07-18,5Y,1.8200
US,2017-07-18,10Y,2.2700
US,2017-07-18,30Y,2.8500
US,2017-07-19,2Y,1.3700
US,2017-07-19,5Y,1.8300
US,2017-07-19,10Y,2.2700
US,2017-07-19,30Y,2.8500
US,2017-07-20,2Y,1.3700
US,2017-07-20,5Y,1.8200
US,2017-07-20,10Y,2.2700
US,2017-07-20,30Y,2.8300
US,2017-07-21,2Y,1.3600
US,2017-07-21,5Y,1.8100
US,2017-07-21,10Y,2.2400
US,2017-07-21,30Y,2.8100
US,2017-07-24,2Y,1.3700
US,2017-07-24,5Y,1.8300
US,2017-07-24,10Y,2.2600
US,2017-07-24,30Y,2.8300
US,2017-07-25,2Y,1.4000
US,2017-07-25,5Y,1.9000
US,2017-07-25,10Y,2.3300
US,2017-07-25,30Y,2.9100
US,2017-07-26,2Y,1.3600
US,2017-07-26,5Y,1.8300
US,2017-07-26,10Y,2.2900
US,2017-07-26,30Y,2.8900
US,2017-07-27,2Y,1.3600
US,2017-07-27,5Y,1.8400
US,2017-07-27,10Y,2.3200
US,2017-07-27,30Y,2.9300
US,2017-07-28,2Y,1.3400
US,2017-07-28,5Y,1.8300
US,2017-07-28,10Y,2.3000
US,2017-07-28,30Y,2.8900
US,2017-07-31,2Y,1.3400
US,2017-07-31,5Y,1.8400
US,2017-07-31,10Y,2.3000
US,2017-07-31,30Y,2.8900
US,2017-08-01,2Y,1.3400
US,2017-08-01,5Y,1.8000
US,2017-08-01,10Y,2.2600
US,2017-08-01,30Y,2.8600
US,2017-08-02,2Y,1.3600
US,2017-08-02,5Y,1.8200
US,2017-08-02,10Y,2.2700
US,2017-08-02,30Y,2.8500
US,2017-08-03,2Y,1.3400
US,2017-08-03,5Y,1.7900
US,2017-08-03,10Y,2.2400
US,2017-08-03,30Y,2.8100
US,2017-08-04,2Y,1.3600
US,2017-08-04,5Y,1.8200
US,2017-08-04,10Y,2.2700
US,2017-08-04,30Y,2.8400
US,2017-08-07,2Y,1.3600
US,2017-08-07,5Y,1.8100
US,2017-08-07,10Y,2.2600
US,2017-08-07,30Y,2.8400
US,2017-08-08,2Y,1.3600
US,2017-08-08,5Y,1.8400
US,2017-08-08,10Y,2.2900
US,2017-08-08,30Y,2.8600
US,2017-08-09,2Y,1.3300
US,2017-08-09,5Y,1.8100
US,2017-08-09,10Y,2.2400
US,2017-08-09,30Y,2.8200
US,2017-08-10,2Y,1.3300
US,2017-08-10,5Y,1.7800
US,2017-08-10,10Y,2.2000
US,2017-08-10,30Y,2.7900
US,2017-08-11,2Y,1.3000
US,2017-08-11,5Y,1.7400
US,2017-08-11,10Y,2.1900
US,2017-08-11,30Y,2.7900
US,2017-08-14,2Y,1.3300
US,2017-08-14,5Y,1.7700
US,2017-08-14,10Y,2.2200
US,2017-08-14,30Y,2.8100
US,2017-08-15,2Y,1.3500
US,2017-08-15,5Y,1.8300
US,2017-08-15,10Y,2.2700
US,2017-08-15,30Y,2.8400
US,2017-08-16,2Y,1.3300
US,2017-08-16,5Y,1.7900
US,2017-08-16,10Y,2.2300
US,2017-08-16,30Y,2.8100
US,2017-08-17,2Y,1.3200
US,2017-08-17,5Y,1.7600
US,2017-08-17,10Y,2.1900
US,2017-08-17,30Y,2.7800
US,2017-08-18,2Y,1.3300
US,2017-08-18,5Y,1.7700
US,2017-08-18,10Y,2.1900
US,2017-08-18,30Y,2.7800
US,2017-08-21,2Y,1.3200
US,2017-08-21,5Y,1.7600
US,2017-08-21,10Y,2.1800
US,2017-08-21,30Y,2.7700
US,2017-08-22,2Y,1.3300
US,2017-08-22,5Y,1.8000
US,2017-08-22,10Y,2.2200
US,2017-08-22,30Y,2.7900
US,2017-08-23,2Y,1.3200
US,2017-08-23,5Y,1.7600
US,2017-08-23,10Y,2.1700
US,2017-08-23,30Y,2.7500
US,2017-08-24,2Y,1.3300
US,2017-08-24,5Y,1.7800
US,2017-08-24,10Y,2.1900
US,2017-08-24,30Y,2.7700
US,2017-08-25,2Y,1.3500
US,2017-08-25,5Y,1.7700
US,2017-08-25,10Y,2.1700
US,2017-08-25,30Y,2.7500
US,2017-08-28,2Y,1.3300
US,2017-08-28,5Y,1.7400
US,2017-08-28,10Y,2.1600
US,2017-08-28,30Y,2.7600
US,2017-08-29,2Y,1.3300
US,2017-08-29,5Y,1.7000
US,2017-08-29,10Y,2.1300
US,2017-08-29,30Y,2.7400
US,2017-08-30,2Y,1.3300
US,2017-08-30,5Y,1.7200
US,2017-08-30,10Y,2.1500
US,2017-08-30,30Y,2.7500
US,2017-08-31,2Y,1.3300
US,2017-08-31,5Y,1.7000
US,2017-08-31,10Y,2.1200
US,2017-08-31,30Y,2.7300
US,2017-09-01,2Y,1.3500
US,2017-09-01,5Y,1.7300
US,2017-09-01,10Y,2.1600
US,2017-09-01,30Y,2.7700
US,2017-09-04,10Y,2.1660
US,2017-09-05,2Y,1.3000
US,2017-09-05,5Y,1.6500
US,2017-09-05,10Y,2.0700
US,2017-09-05,30Y,2.6900
US,2017-09-06,2Y,1.3000
US,2017-09-06,5Y,1.6900
US,2017-09-06,10Y,2.1000
US,2017-09-06,30Y,2.7200
US,2017-09-07,2Y,1.2700
US,2017-09-07,5Y,1.6300
US,2017-09-07,10Y,2.0500
US,2017-09-07,30Y,2.6600
US,2017-09-08,2Y,1.2700
US,2017-09-08,5Y,1.6400
US,2017-09-08,10Y,2.0600
US,2017-09-08,30Y,2.6700
US,2017-09-11,2Y,1.3200
US,2017-09-11,5Y,1.7100
US,2017-09-11,10Y,2.1400
US,2017-09-11,30Y,2.7500
US,2017-09-12,2Y,1.3300
US,2017-09-12,5Y,1.7500
US,2017-09-12,10Y,2.1700
US,2017-09-12,30Y,2.7800
US,2017-09-13,2Y,1.3500
US,2017-09-13,5Y,1.7800
US,2017-09-13,10Y,2.2000
US,2017-09-13,30Y,2.7900
US,2017-09-14,2Y,1.3700
US,2017-09-14,5Y,1.7900
US,2017-09-14,10Y,2.2000
US,2017-09-14,30Y,2.7700
US,2017-09-15,2Y,1.3900
US,2017-09-15,5Y,1.8100
US,2017-09-15,10Y,2.2000
US,2017-09-15,30Y,2.7700
US,2017-09-18,2Y,1.4000
US,2017-09-18,5Y,1.8300
US,2017-09-18,10Y,2.2300
US,2017-09-18,30Y,2.8000
US,2017-09-19,2Y,1.4000
US,2017-09-19,5Y,1.8400
US,2017-09-19,10Y,2.2400
US,2017-09-19,30Y,2.8100
US,2017-09-20,2Y,1.4500
US,2017-09-20,5Y,1.8900
US,2017-09-20,10Y,2.2800
US,2017-09-20,30Y,2.8200
US,2017-09-21,2Y,1.4500
US,2017-09-21,5Y,1.8900
US,2017-09-21,10Y,2.2700
US,2017-09-21,30Y,2.8000
US,2017-09-22,2Y,1.4600
US,2017-09-22,5Y,1.8800
US,2017-09-22,10Y,2.2600
US,2017-09-22,30Y,2.8000
US,2017-09-25,2Y,1.4400
US,2017-09-25,5Y,1.8500
US,2017-09-25,10Y,2.2200
US,2017-09-25,30Y,2.7600
US,2017-09-26,2Y,1.4500
US,2017-09-26,5Y,1.8700
US,2017-09-26,10Y,2.2400
US,2017-09-26,30Y,2.7800
US,2017-09-27,2Y,1.4700
US,2017-09-27,5Y,1.9100
US,2017-09-27,10Y,2.3100
US,2017-09-27,30Y,2.8600
US,2017-09-28,2Y,1.4500
US,2017-09-28,5Y,1.8900
US,2017-09-28,10Y,2.3100
US,2017-09-28,30Y,2.8700
US,2017-09-29,2Y,1.4700
US,2017-09-29,5Y,1.9200
US,2017-09-29,10Y,2.3300
US,2017-09-29,30Y,2.8600
US,2017-10-02,2Y,1.4900
US,2017-10-02,5Y,1.9400
US,2017-10-02,10Y,2.3400
US,2017-10-02,30Y,2.8700
US,2017-10-03,2Y,1.4700
US,2017-10-03,5Y,1.9200
US,2017-10-03,10Y,2.3300
US,2017-10-03,30Y,2.8700
US,2017-10-04,2Y,1.4700
US,2017-10-04,5Y,1.9200
US,2017-10-04,10Y,2.3300
US,2017-10-04,30Y,2.8700
US,2017-10-05,2Y,1.4900
US,2017-10-05,5Y,1.9400
US,2017-10-05,10Y,2.3500
US,2017-10-05,30Y,2.8900
US,2017-10-06,2Y,1.5400
US,2017-10-06,5Y,1.9700
US,2017-10-06,10Y,2.3700
US,2017-10-06,30Y,2.9100
US,2017-10-09,10Y,2.3610
US,2017-10-10,2Y,1.5100
US,2017-10-10,5Y,1.9500
US,2017-10-10,10Y,2.3500
US,2017-10-10,30Y,2.8800
US,2017-10-11,2Y,1.5100
US,2017-10-11,5Y,1.9500
US,2017-10-11,10Y,2.3500
US,2017-10-11,30Y,2.8800
US,2017-10-12,2Y,1.5100
US,2017-10-12,5Y,1.9500
US,2017-10-12,10Y,2.3300
US,2017-10-12,30Y,2.8600
US,2017-10-13,2Y,1.5100
US,2017-10-13,5Y,1.9100
US,2017-10-13,10Y,2.2800
US,2017-10-13,30Y,2.8100
US,2017-10-16,2Y,1.5400
US,2017-10-16,5Y,1.9500
US,2017-10-16,10Y,2.3000
US,2017-10-16,30Y,2.8200
US,2017-10-17,2Y,1.5400
US,2017-10-17,5Y,1.9700
US,2017-10-17,10Y,2.3000
US,2017-10-17,30Y,2.8000
US,2017-10-18,2Y,1.5900
US,2017-10-18,5Y,1.9900
US,2017-10-18,10Y,2.3400
US,2017-10-18,30Y,2.8500
US,2017-10-19,2Y,1.5800
US,2017-10-19,5Y,1.9800
US,2017-10-19,10Y,2.3300
US,2017-10-19,30Y,2.8300
US,2017-10-20,2Y,1.6000
US,2017-10-20,5Y,2.0300
US,2017-10-20,10Y,2.3900
US,2017-10-20,30Y,2.8900
US,2017-10-23,2Y,1.5800
US,2017-10-23,5Y,2.0100
US,2017-10-23,10Y,2.3800
US,2017-10-23,30Y,2.8900
US,2017-10-24,2Y,1.6000
US,2017-10-24,5Y,2.0500
US,2017-10-24,10Y,2.4200
US,2017-10-24,30Y,2.9200
US,2017-10-25,2Y,1.6100
US,2017-10-25,5Y,2.0600
US,2017-10-25,10Y,2.4400
US,2017-10-25,30Y,2.9500
US,2017-10-26,2Y,1.6300
US,2017-10-26,5Y,2.0700
US,2017-10-26,10Y,2.4600
US,2017-10-26,30Y,2.9600
US,2017-10-27,2Y,1.5900
US,2017-10-27,5Y,2.0300
US,2017-10-27,10Y,2.4200
US,2017-10-27,30Y,2.9300
US,2017-10-30,2Y,1.5800
US,2017-10-30,5Y,2.0000
US,2017-10-30,10Y,2.3700
US,2017-10-30,30Y,2.8800
US,2017-10-31,2Y,1.6000
US,2017-10-31,5Y,2.0100
US,2017-10-31,10Y,2.3800
US,2017-10-31,30Y,2.8800
US,2017-11-01,2Y,1.6100
US,2017-11-01,5Y,2.0100
US,2017-11-01,10Y,2.3700
US,2017-11-01,30Y,2.8500
US,2017-11-02,2Y,1.6100
US,2017-11-02,5Y,2.0000
US,2017-11-02,10Y,2.3500
US,2017-11-02,30Y,2.8300
US,2017-11-03,2Y,1.6300
US,2017-11-03,5Y,1.9900
US,2017-11-03,10Y,2.3400
US,2017-11-03,30Y,2.8200
US,2017-11-06,2Y,1.6100
US,2017-11-06,5Y,1.9900
US,2017-11-06,10Y,2.3200
US,2017-11-06,30Y,2.8000
US,2017-11-07,2Y,1.6300
US,2017-11-07,5Y,1.9900
US,2017-11-07,10Y,2.3200
US,2017-11-07,30Y,2.7700
US,2017-11-08,2Y,1.6500
US,2017-11-08,5Y,2.0100
US,2017-11-08,10Y,2.3200
US,2017-11-08,30Y,2.7900
US,2017-11-09,2Y,1.6300
US,2017-11-09,5Y,2.0100
US,2017-11-09,10Y,2.3300
US,2017-11-09,30Y,2.8100
US,2017-11-10,2Y,1.6700
US,2017-11-10,5Y,2.0600
US,2017-11-10,10Y,2.4000
US,2017-11-10,30Y,2.8800
US,2017-11-13,2Y,1.7000
US,2017-11-13,5Y,2.0800
US,2017-11-13,10Y,2.4000
US,2017-11-13,30Y,2.8700
US,2017-11-14,2Y,1.6800
US,2017-11-14,5Y,2.0600
US,2017-11-14,10Y,2.3800
US,2017-11-14,30Y,2.8400
US,2017-11-15,2Y,1.6800
US,2017-11-15,5Y,2.0400
US,2017-11-15,10Y,2.3300
US,2017-11-15,30Y,2.7700
US,2017-11-16,2Y,1.7200
US,2017-11-16,5Y,2.0700
US,2017-11-16,10Y,2.3700
US,2017-11-16,30Y,2.8100
US,2017-11-17,2Y,1.7300
US,2017-11-17,5Y,2.0600
US,2017-11-17,10Y,2.3500
US,2017-11-17,30Y,2.7800
US,2017-11-20,2Y,1.7700
US,2017-11-20,5Y,2.0900
US,2017-11-20,10Y,2.3700
US,2017-11-20,30Y,2.7800
US,2017-11-21,2Y,1.7700
US,2017-11-21,5Y,2.1100
US,2017-11-21,10Y,2.3600
US,2017-11-21,30Y,2.7600
US,2017-11-22,2Y,1.7400
US,2017-11-22,5Y,2.0500
US,2017-11-22,10Y,2.3200
US,2017-11-22,30Y,2.7500
US,2017-11-24,2Y,1.7500
US,2017-11-24,5Y,2.0700
US,2017-11-24,10Y,2.3400
US,2017-11-24,30Y,2.7600
US,2017-11-27,2Y,1.7400
US,2017-11-27,5Y,2.0600
US,2017-11-27,10Y,2.3200
US,2017-11-27,30Y,2.7600
US,2017-11-28,2Y,1.7500
US,2017-11-28,5Y,2.0700
US,2017-11-28,10Y,2.3400
US,2017-11-28,30Y,2.7700
US,2017-11-29,2Y,1.7800
US,2017-11-29,5Y,2.0900
US,2017-11-29,10Y,2.3700
US,2017-11-29,30Y,2.8100
US,2017-11-30,2Y,1.7800
US,2017-11-30,5Y,2.1400
US,2017-11-30,10Y,2.4200
US,2017-11-30,30Y,2.8300
US,2017-12-01,2Y,1.7800
US,2017-12-01,5Y,2.1300
US,2017-12-01,10Y,2.3700
US,2017-12-01,30Y,2.7600
US,2017-12-04,2Y,1.8000
US,2017-12-04,5Y,2.1500
US,2017-12-04,10Y,2.3700
US,2017-12-04,30Y,2.7700
US,2017-12-05,2Y,1.8300
US,2017-12-05,5Y,2.1500
US,2017-12-05,10Y,2.3600
US,2017-12-05,30Y,2.7300
US,2017-12-06,2Y,1.7800
US,2017-12-06,5Y,2.1100
US,2017-12-06,10Y,2.3300
US,2017-12-06,30Y,2.7100
US,2017-12-07,2Y,1.8000
US,2017-12-07,5Y,2.1400
US,2017-12-07,10Y,2.3700
US,2017-12-07,30Y,2.7600
US,2017-12-08,2Y,1.8000
US,2017-12-08,5Y,2.1400
US,2017-12-08,10Y,2.3800
US,2017-12-08,30Y,2.7700
US,2017-12-11,2Y,1.8200
US,2017-12-11,5Y,2.1600
US,2017-12-11,10Y,2.3900
US,2017-12-11,30Y,2.7700
US,2017-12-12,2Y,1.8300
US,2017-12-12,5Y,2.1800
US,2017-12-12,10Y,2.4000
US,2017-12-12,30Y,2.7900
US,2017-12-13,2Y,1.7900
US,2017-12-13,5Y,2.1200
US,2017-12-13,10Y,2.3600
US,2017-12-13,30Y,2.7400
US,2017-12-14,2Y,1.8200
US,2017-12-14,5Y,2.1400
US,2017-12-14,10Y,2.3500
US,2017-12-14,30Y,2.7100
US,2017-12-15,2Y,1.8400
US,2017-12-15,5Y,2.1600
US,2017-12-15,10Y,2.3500
US,2017-12-15,30Y,2.6800
US,2017-12-18,2Y,1.8400
US,2017-12-18,5Y,2.1700
US,2017-12-18,10Y,2.3900
US,2017-12-18,30Y,2.7400
US,2017-12-19,2Y,1.8700
US,2017-12-19,5Y,2.2300
US,2017-12-19,10Y,2.4600
US,2017-12-19,30Y,2.8200
US,2017-12-20,2Y,1.8700
US,2017-12-20,5Y,2.2400
US,2017-12-20,10Y,2.4900
US,2017-12-20,30Y,2.8800
US,2017-12-21,2Y,1.8900
US,2017-12-21,5Y,2.2600
US,2017-12-21,10Y,2.4800
US,2017-12-21,30Y,2.8400
US,2017-12-22,2Y,1.9100
US,2017-12-22,5Y,2.2600
US,2017-12-22,10Y,2.4800
US,2017-12-22,30Y,2.8300
US,2017-12-26,2Y,1.9200
US,2017-12-26,5Y,2.2500
US,2017-12-26,10Y,2.4700
US,2017-12-26,30Y,2.8200
US,2017-12-27,2Y,1.8900
US,2017-12-27,5Y,2.2200
US,2017-12-27,10Y,2.4200
US,2017-12-27,30Y,2.7500
US,2017-12-28,2Y,1.9100
US,2017-12-28,5Y,2.2300
US,2017-12-28,10Y,2.4300
US,2017-12-28,30Y,2.7500
US,2017-12-29,2Y,1.8900
US,2017-12-29,5Y,2.2000
US,2017-12-29,10Y,2.4000
US,2017-12-29,30Y,2.7400
US,2018-01-02,2Y,1.9200
US,2018-01-02,5Y,2.2500
US,2018-01-02,10Y,2.4600
US,2018-01-02,30Y,2.8100
US,2018-01-03,2Y,1.9400
US,2018-01-03,5Y,2.2500
US,2018-01-03,10Y,2.4400
US,2018-01-03,30Y,2.7800
US,2018-01-04,2Y,1.9600
US,2018-01-04,5Y,2.2700
US,2018-01-04,10Y,2.4600
US,2018-01-04,30Y,2.7900
US,2018-01-05,2Y,1.9600
US,2018-01-05,5Y,2.2900
US,2018-01-05,10Y,2.4700
US,2018-01-05,30Y,2.8100
US,2018-01-08,2Y,1.9600
US,2018-01-08,5Y,2.2900
US,2018-01-08,10Y,2.4900
US,2018-01-08,30Y,2.8100
US,2018-01-09,2Y,1.9800
US,2018-01-09,5Y,2.3300
US,2018-01-09,10Y,2.5500
US,2018-01-09,30Y,2.8800
US,2018-01-10,2Y,1.9800
US,2018-01-10,5Y,2.3200
US,2018-01-10,10Y,2.5500
US,2018-01-10,30Y,2.8800
US,2018-01-11,2Y,1.9800
US,2018-01-11,5Y,2.3200
US,2018-01-11,10Y,2.5400
US,2018-01-11,30Y,2.9100
US,2018-01-12,2Y,1.9900
US,2018-01-12,5Y,2.3500
US,2018-01-12,10Y,2.5500
US,2018-01-12,30Y,2.8500
US,2018-01-16,2Y,2.0300
US,2018-01-16,5Y,2.3600
US,2018-01-16,10Y,2.5400
US,2018-01-16,30Y,2.8300
US,2018-01-17,2Y,2.0500
US,2018-01-17,5Y,2.3900
US,2018-01-17,10Y,2.5700
US,2018-01-17,30Y,2.8400
US,2018-01-18,2Y,2.0500
US,2018-01-18,5Y,2.4300
US,2018-01-18,10Y,2.6200
US,2018-01-18,30Y,2.9000
US,2018-01-19,2Y,2.0600
US,2018-01-19,5Y,2.4500
US,2018-01-19,10Y,2.6400
US,2018-01-19,30Y,2.9100
US,2018-01-22,2Y,2.0800
US,2018-01-22,5Y,2.4600
US,2018-01-22,10Y,2.6600
US,2018-01-22,30Y,2.9300
US,2018-01-23,2Y,2.0600
US,2018-01-23,5Y,2.4300
US,2018-01-23,10Y,2.6300
US,2018-01-23,30Y,2.9000
US,2018-01-24,2Y,2.0800
US,2018-01-24,5Y,2.4300
US,2018-01-24,10Y,2.6500
US,2018-01-24,30Y,2.9300
US,2018-01-25,2Y,2.0800
US,2018-01-25,5Y,2.4100
US,2018-01-25,10Y,2.6300
US,2018-01-25,30Y,2.8900
US,2018-01-26,2Y,2.1300
US,2018-01-26,5Y,2.4700
US,2018-01-26,10Y,2.6600
US,2018-01-26,30Y,2.9100
US,2018-01-29,2Y,2.1100
US,2018-01-29,5Y,2.4900
US,2018-01-29,10Y,2.7000
US,2018-01-29,30Y,2.9400
US,2018-01-30,2Y,2.1300
US,2018-01-30,5Y,2.5100
US,2018-01-30,10Y,2.7300
US,2018-01-30,30Y,2.9800
US,2018-01-31,2Y,2.1400
US,2018-01-31,5Y,2.5200
US,2018-01-31,10Y,2.7200
US,2018-01-31,30Y,2.9500
US,2018-02-01,2Y,2.1600
US,2018-02-01,5Y,2.5600
US,2018-02-01,10Y,2.7800
US,2018-02-01,30Y,3.0100
US,2018-02-02,2Y,2.1500
US,2018-02-02,5Y,2.5800
US,2018-02-02,10Y,2.8400
US,2018-02-02,30Y,3.0800
US,2018-02-05,2Y,2.0800
US,2018-02-05,5Y,2.5000
US,2018-02-05,10Y,2.7700
US,2018-02-05,30Y,3.0400
US,2018-02-06,2Y,2.1000
US,2018-02-06,5Y,2.5200
US,2018-02-06,10Y,2.7900
US,2018-02-06,30Y,3.0600
US,2018-02-07,2Y,2.1500
US,2018-02-07,5Y,2.5700
US,2018-02-07,10Y,2.8400
US,2018-02-07,30Y,3.1200
US,2018-02-08,2Y,2.1300
US,2018-02-08,5Y,2.5700
US,2018-02-08,10Y,2.8500
US,2018-02-08,30Y,3.1400
US,2018-02-09,2Y,2.0500
US,2018-02-09,5Y,2.5200
US,2018-02-09,10Y,2.8300
US,2018-02-09,30Y,3.1400
US,2018-02-12,2Y,2.0900
US,2018-02-12,5Y,2.5600
US,2018-02-12,10Y,2.8600
US,2018-02-12,30Y,3.1400
US,2018-02-13,2Y,2.1000
US,2018-02-13,5Y,2.5400
US,2018-02-13,10Y,2.8300
US,2018-02-13,30Y,3.1100
US,2018-02-14,2Y,2.1700
US,2018-02-14,5Y,2.6500
US,2018-02-14,10Y,2.9100
US,2018-02-14,30Y,3.1800
US,2018-02-15,2Y,2.1900
US,2018-02-15,5Y,2.6500
US,2018-02-15,10Y,2.9000
US,2018-02-15,30Y,3.1500
US,2018-02-16,2Y,2.2100
US,2018-02-16,5Y,2.6300
US,2018-02-16,10Y,2.8700
US,2018-02-16,30Y,3.1300
US,2018-02-20,2Y,2.2500
US,2018-02-20,5Y,2.6500
US,2018-02-20,10Y,2.8800
US,2018-02-20,30Y,3.1500
US,2018-02-21,2Y,2.2600
US,2018-02-21,5Y,2.6900
US,2018-02-21,10Y,2.9400
US,2018-02-21,30Y,3.2200
US,2018-02-22,2Y,2.2500
US,2018-02-22,5Y,2.6600
US,2018-02-22,10Y,2.9200
US,2018-02-22,30Y,3.2100
US,2018-02-23,2Y,2.2500
US,2018-02-23,5Y,2.6200
US,2018-02-23,10Y,2.8800
US,2018-02-23,30Y,3.1600
US,2018-02-26,2Y,2.2200
US,2018-02-26,5Y,2.6000
US,2018-02-26,10Y,2.8600
US,2018-02-26,30Y,3.1500
US,2018-02-27,2Y,2.2700
US,2018-02-27,5Y,2.6700
US,2018-02-27,10Y,2.9000
US,2018-02-27,30Y,3.1700
US,2018-02-28,2Y,2.2500
US,2018-02-28,5Y,2.6500
US,2018-02-28,10Y,2.8700
US,2018-02-28,30Y,3.1300
US,2018-03-01,2Y,2.2200
US,2018-03-01,5Y,2.5800
US,2018-03-01,10Y,2.8100
US,2018-03-01,30Y,3.0900
US,2018-03-02,2Y,2.2500
US,2018-03-02,5Y,2.6300
US,2018-03-02,10Y,2.8600
US,2018-03-02,30Y,3.1400
US,2018-03-05,2Y,2.2400
US,2018-03-05,5Y,2.6500
US,2018-03-05,10Y,2.8800
US,2018-03-05,30Y,3.1600
US,2018-03-06,2Y,2.2500
US,2018-03-06,5Y,2.6500
US,2018-03-06,10Y,2.8800
US,2018-03-06,30Y,3.1400
US,2018-03-07,2Y,2.2500
US,2018-03-07,5Y,2.6500
US,2018-03-07,10Y,2.8900
US,2018-03-07,30Y,3.1500
US,2018-03-08,2Y,2.2500
US,2018-03-08,5Y,2.6300
US,2018-03-08,10Y,2.8600
US,2018-03-08,30Y,3.1300
US,2018-03-09,2Y,2.2700
US,2018-03-09,5Y,2.6500
US,2018-03-09,10Y,2.9000
US,2018-03-09,30Y,3.1600
US,2018-03-12,2Y,2.2700
US,2018-03-12,5Y,2.6400
US,2018-03-12,10Y,2.8700
US,2018-03-12,30Y,3.1300
US,2018-03-13,2Y,2.2600
US,2018-03-13,5Y,2.6200
US,2018-03-13,10Y,2.8400
US,2018-03-13,30Y,3.1000
US,2018-03-14,2Y,2.2600
US,2018-03-14,5Y,2.6100
US,2018-03-14,10Y,2.8100
US,2018-03-14,30Y,3.0500
US,2018-03-15,2Y,2.2900
US,2018-03-15,5Y,2.6200
US,2018-03-15,10Y,2.8200
US,2018-03-15,30Y,3.0500
US,2018-03-16,2Y,2.3100
US,2018-03-16,5Y,2.6500
US,2018-03-16,10Y,2.8500
US,2018-03-16,30Y,3.0800
US,2018-03-19,2Y,2.3100
US,2018-03-19,5Y,2.6500
US,2018-03-19,10Y,2.8500
US,2018-03-19,30Y,3.0900
US,2018-03-20,2Y,2.3400
US,2018-03-20,5Y,2.6900
US,2018-03-20,10Y,2.8900
US,2018-03-20,30Y,3.1200
US,2018-03-21,2Y,2.3100
US,2018-03-21,5Y,2.6900
US,2018-03-21,10Y,2.8900
US,2018-03-21,30Y,3.1200
US,2018-03-22,2Y,2.2900
US,2018-03-22,5Y,2.6300
US,2018-03-22,10Y,2.8300
US,2018-03-22,30Y,3.0600
US,2018-03-23,2Y,2.2800
US,2018-03-23,5Y,2.6100
US,2018-03-23,10Y,2.8200
US,2018-03-23,30Y,3.0600
US,2018-03-26,2Y,2.3300
US,2018-03-26,5Y,2.6400
US,2018-03-26,10Y,2.8500
US,2018-03-26,30Y,3.0800
US,2018-03-27,2Y,2.2600
US,2018-03-27,5Y,2.5800
US,2018-03-27,10Y,2.7800
US,2018-03-27,30Y,3.0300
US,2018-03-28,2Y,2.2800
US,2018-03-28,5Y,2.5900
US,2018-03-28,10Y,2.7700
US,2018-03-28,30Y,3.0100
US,2018-03-29,2Y,2.2700
US,2018-03-29,5Y,2.5600
US,2018-03-29,10Y,2.7400
US,2018-03-29,30Y,2.9700
US,2018-04-02,2Y,2.2500
US,2018-04-02,5Y,2.5500
US,2018-04-02,10Y,2.7300
US,2018-04-02,30Y,2.9700
US,2018-04-03,2Y,2.2800
US,2018-04-03,5Y,2.6000
US,2018-04-03,10Y,2.7900
US,2018-04-03,30Y,3.0200
US,2018-04-04,2Y,2.2800
US,2018-04-04,5Y,2.6100
US,2018-04-04,10Y,2.7900
US,2018-04-04,30Y,3.0300
US,2018-04-05,2Y,2.3000
US,2018-04-05,5Y,2.6400
US,2018-04-05,10Y,2.8300
US,2018-04-05,30Y,3.0700
US,2018-04-06,2Y,2.2700
US,2018-04-06,5Y,2.5800
US,2018-04-06,10Y,2.7700
US,2018-04-06,30Y,3.0100
US,2018-04-09,2Y,2.2900
US,2018-04-09,5Y,2.6000
US,2018-04-09,10Y,2.7800
US,2018-04-09,30Y,3.0200
US,2018-04-10,2Y,2.3200
US,2018-04-10,5Y,2.6200
US,2018-04-10,10Y,2.8000
US,2018-04-10,30Y,3.0200
US,2018-04-11,2Y,2.3200
US,2018-04-11,5Y,2.6200
US,2018-04-11,10Y,2.7900
US,2018-04-11,30Y,2.9900
US,2018-04-12,2Y,2.3400
US,2018-04-12,5Y,2.6700
US,2018-04-12,10Y,2.8300
US,2018-04-12,30Y,3.0500
US,2018-04-13,2Y,2.3700
US,2018-04-13,5Y,2.6700
US,2018-04-13,10Y,2.8200
US,2018-04-13,30Y,3.0300
US,2018-04-16,2Y,2.3900
US,2018-04-16,5Y,2.6900
US,2018-04-16,10Y,2.8300
US,2018-04-16,30Y,3.0300
US,2018-04-17,2Y,2.4100
US,2018-04-17,5Y,2.6800
US,2018-04-17,10Y,2.8200
US,2018-04-17,30Y,3.0000
US,2018-04-18,2Y,2.4200
US,2018-04-18,5Y,2.7300
US,2018-04-18,10Y,2.8700
US,2018-04-18,30Y,3.0600
US,2018-04-19,2Y,2.4400
US,2018-04-19,5Y,2.7700
US,2018-04-19,10Y,2.9200
US,2018-04-19,30Y,3.1100
US,2018-04-20,2Y,2.4600
US,2018-04-20,5Y,2.8000
US,2018-04-20,10Y,2.9600
US,2018-04-20,30Y,3.1400
US,2018-04-23,2Y,2.4900
US,2018-04-23,5Y,2.8300
US,2018-04-23,10Y,2.9800
US,2018-04-23,30Y,3.1500
US,2018-04-24,2Y,2.4800
US,2018-04-24,5Y,2.8300
US,2018-04-24,10Y,3.0000
US,2018-04-24,30Y,3.1800
US,2018-04-25,2Y,2.4900
US,2018-04-25,5Y,2.8400
US,2018-04-25,10Y,3.0300
US,2018-04-25,30Y,3.2100
US,2018-04-26,2Y,2.4900
US,2018-04-26,5Y,2.8200
US,2018-04-26,10Y,3.0000
US,2018-04-26,30Y,3.1800
US,2018-04-27,2Y,2.4900
US,2018-04-27,5Y,2.8000
US,2018-04-27,10Y,2.9600
US,2018-04-27,30Y,3.1300
US,2018-04-30,2Y,2.4900
US,2018-04-30,5Y,2.7900
US,2018-04-30,10Y,2.9500
US,2018-04-30,30Y,3.1100
US,2018-05-01,2Y,2.5000
US,2018-05-01,5Y,2.8200
US,2018-05-01,10Y,2.9700
US,2018-05-01,30Y,3.1300
US,2018-05-02,2Y,2.4900
US,2018-05-02,5Y,2.8000
US,2018-05-02,10Y,2.9700
US,2018-05-02,30Y,3.1400
US,2018-05-03,2Y,2.4900
US,2018-05-03,5Y,2.7800
US,2018-05-03,10Y,2.9400
US,2018-05-03,30Y,3.1200
US,2018-05-04,2Y,2.5100
US,2018-05-04,5Y,2.7800
US,2018-05-04,10Y,2.9500
US,2018-05-04,30Y,3.1200
US,2018-05-07,2Y,2.4900
US,2018-05-07,5Y,2.7800
US,2018-05-07,10Y,2.9500
US,2018-05-07,30Y,3.1200
US,2018-05-08,2Y,2.5100
US,2018-05-08,5Y,2.8100
US,2018-05-08,10Y,2.9700
US,2018-05-08,30Y,3.1300
US,2018-05-09,2Y,2.5400
US,2018-05-09,5Y,2.8400
US,2018-05-09,10Y,3.0000
US,2018-05-09,30Y,3.1600
US,2018-05-10,2Y,2.5400
US,2018-05-10,5Y,2.8300
US,2018-05-10,10Y,2.9700
US,2018-05-10,30Y,3.1200
US,2018-05-11,2Y,2.5400
US,2018-05-11,5Y,2.8400
US,2018-05-11,10Y,2.9700
US,2018-05-11,30Y,3.1000
US,2018-05-14,2Y,2.5500
US,2018-05-14,5Y,2.8500
US,2018-05-14,10Y,3.0000
US,2018-05-14,30Y,3.1300
US,2018-05-15,2Y,2.5800
US,2018-05-15,5Y,2.9200
US,2018-05-15,10Y,3.0800
US,2018-05-15,30Y,3.2000
US,2018-05-16,2Y,2.5800
US,2018-05-16,5Y,2.9400
US,2018-05-16,10Y,3.0900
US,2018-05-16,30Y,3.2100
US,2018-05-17,2Y,2.5700
US,2018-05-17,5Y,2.9400
US,2018-05-17,10Y,3.1100
US,2018-05-17,30Y,3.2500
US,2018-05-18,2Y,2.5500
US,2018-05-18,5Y,2.9000
US,2018-05-18,10Y,3.0600
US,2018-05-18,30Y,3.2000
US,2018-05-21,2Y,2.5800
US,2018-05-21,5Y,2.9000
US,2018-05-21,10Y,3.0600
US,2018-05-21,30Y,3.2000
US,2018-05-22,2Y,2.5900
US,2018-05-22,5Y,2.9000
US,2018-05-22,10Y,3.0600
US,2018-05-22,30Y,3.2100
US,2018-05-23,2Y,2.5300
US,2018-05-23,5Y,2.8300
US,2018-05-23,10Y,3.0100
US,2018-05-23,30Y,3.1700
US,2018-05-24,2Y,2.5000
US,2018-05-24,5Y,2.8200
US,2018-05-24,10Y,2.9800
US,2018-05-24,30Y,3.1300
US,2018-05-25,2Y,2.4800
US,2018-05-25,5Y,2.7600
US,2018-05-25,10Y,2.9300
US,2018-05-25,30Y,3.0900
US,2018-05-29,2Y,2.3200
US,2018-05-29,5Y,2.5800
US,2018-05-29,10Y,2.7700
US,2018-05-29,30Y,2.9600
US,2018-05-30,2Y,2.4200
US,2018-05-30,5Y,2.6700
US,2018-05-30,10Y,2.8400
US,2018-05-30,30Y,3.0100
US,2018-05-31,2Y,2.4000
US,2018-05-31,5Y,2.6800
US,2018-05-31,10Y,2.8300
US,2018-05-31,30Y,3.0000
US,2018-06-01,2Y,2.4700
US,2018-06-01,5Y,2.7400
US,2018-06-01,10Y,2.8900
US,2018-06-01,30Y,3.0400
US,2018-06-04,2Y,2.5200
US,2018-06-04,5Y,2.7800
US,2018-06-04,10Y,2.9400
US,2018-06-04,30Y,3.0800
US,2018-06-05,2Y,2.4900
US,2018-06-05,5Y,2.7600
US,2018-06-05,10Y,2.9200
US,2018-06-05,30Y,3.0700
US,2018-06-06,2Y,2.5200
US,2018-06-06,5Y,2.8100
US,2018-06-06,10Y,2.9700
US,2018-06-06,30Y,3.1300
US,2018-06-07,2Y,2.5000
US,2018-06-07,5Y,2.7700
US,2018-06-07,10Y,2.9300
US,2018-06-07,30Y,3.0800
US,2018-06-08,2Y,2.5000
US,2018-06-08,5Y,2.7700
US,2018-06-08,10Y,2.9300
US,2018-06-08,30Y,3.0800
US,2018-06-11,2Y,2.5200
US,2018-06-11,5Y,2.8000
US,2018-06-11,10Y,2.9600
US,2018-06-11,30Y,3.1000
US,2018-06-12,2Y,2.5400
US,2018-06-12,5Y,2.8100
US,2018-06-12,10Y,2.9600
US,2018-06-12,30Y,3.0900
US,2018-06-13,2Y,2.5900
US,2018-06-13,5Y,2.8500
US,2018-06-13,10Y,2.9800
US,2018-06-13,30Y,3.1000
US,2018-06-14,2Y,2.5900
US,2018-06-14,5Y,2.8100
US,2018-06-14,10Y,2.9400
US,2018-06-14,30Y,3.0500
US,2018-06-15,2Y,2.5500
US,2018-06-15,5Y,2.8100
US,2018-06-15,10Y,2.9300
US,2018-06-15,30Y,3.0500
US,2018-06-18,2Y,2.5600
US,2018-06-18,5Y,2.8000
US,2018-06-18,10Y,2.9200
US,2018-06-18,30Y,3.0500
US,2018-06-19,2Y,2.5400
US,2018-06-19,5Y,2.7700
US,2018-06-19,10Y,2.8900
US,2018-06-19,30Y,3.0200
US,2018-06-20,2Y,2.5600
US,2018-06-20,5Y,2.8000
US,2018-06-20,10Y,2.9300
US,2018-06-20,30Y,3.0600
US,2018-06-21,2Y,2.5600
US,2018-06-21,5Y,2.7700
US,2018-06-21,10Y,2.9000
US,2018-06-21,30Y,3.0400
US,2018-06-22,2Y,2.5600
US,2018-06-22,5Y,2.7700
US,2018-06-22,10Y,2.9000
US,2018-06-22,30Y,3.0400
US,2018-06-25,2Y,2.5400
US,2018-06-25,5Y,2.7500
US,2018-06-25,10Y,2.8700
US,2018-06-25,30Y,3.0200
US,2018-06-26,2Y,2.5300
US,2018-06-26,5Y,2.7500
US,2018-06-26,10Y,2.8800
US,2018-06-26,30Y,3.0300
US,2018-06-27,2Y,2.5200
US,2018-06-27,5Y,2.7100
US,2018-06-27,10Y,2.8300
US,2018-06-27,30Y,2.9700
US,2018-06-28,2Y,2.5200
US,2018-06-28,5Y,2.7300
US,2018-06-28,10Y,2.8400
US,2018-06-28,30Y,2.9700
US,2018-06-29,2Y,2.5200
US,2018-06-29,5Y,2.7300
US,2018-06-29,10Y,2.8500
US,2018-06-29,30Y,2.9800
US,2018-07-02,2Y,2.5700
US,2018-07-02,5Y,2.7500
US,2018-07-02,10Y,2.8700
US,2018-07-02,30Y,2.9900
US,2018-07-03,2Y,2.5300
US,2018-07-03,5Y,2.7200
US,2018-07-03,10Y,2.8300
US,2018-07-03,30Y,2.9600
US,2018-07-05,2Y,2.5500
US,2018-07-05,5Y,2.7400
US,2018-07-05,10Y,2.8400
US,2018-07-05,30Y,2.9500
US,2018-07-06,2Y,2.5300
US,2018-07-06,5Y,2.7100
US,2018-07-06,10Y,2.8200
US,2018-07-06,30Y,2.9400
US,2018-07-09,2Y,2.5700
US,2018-07-09,5Y,2.7500
US,2018-07-09,10Y,2.8600
US,2018-07-09,30Y,2.9600
US,2018-07-10,2Y,2.5900
US,2018-07-10,5Y,2.7700
US,2018-07-10,10Y,2.8700
US,2018-07-10,30Y,2.9700
US,2018-07-11,2Y,2.5800
US,2018-07-11,5Y,2.7400
US,2018-07-11,10Y,2.8500
US,2018-07-11,30Y,2.9500
US,2018-07-12,2Y,2.6000
US,2018-07-12,5Y,2.7500
US,2018-07-12,10Y,2.8500
US,2018-07-12,30Y,2.9500
US,2018-07-13,2Y,2.5900
US,2018-07-13,5Y,2.7300
US,2018-07-13,10Y,2.8300
US,2018-07-13,30Y,2.9400
US,2018-07-16,2Y,2.5900
US,2018-07-16,5Y,2.7500
US,2018-07-16,10Y,2.8500
US,2018-07-16,30Y,2.9600
US,2018-07-17,2Y,2.6200
US,2018-07-17,5Y,2.7600
US,2018-07-17,10Y,2.8600
US,2018-07-17,30Y,2.9700
US,2018-07-18,2Y,2.6000
US,2018-07-18,5Y,2.7700
US,2018-07-18,10Y,2.8800
US,2018-07-18,30Y,2.9900
US,2018-07-19,2Y,2.6000
US,2018-07-19,5Y,2.7400
US,2018-07-19,10Y,2.8400
US,2018-07-19,30Y,2.9600
US,2018-07-20,2Y,2.6000
US,2018-07-20,5Y,2.7700
US,2018-07-20,10Y,2.8900
US,2018-07-20,30Y,3.0300
US,2018-07-23,2Y,2.6400
US,2018-07-23,5Y,2.8300
US,2018-07-23,10Y,2.9600
US,2018-07-23,30Y,3.1000
US,2018-07-24,2Y,2.6300
US,2018-07-24,5Y,2.8300
US,2018-07-24,10Y,2.9500
US,2018-07-24,30Y,3.0800
US,2018-07-25,2Y,2.6600
US,2018-07-25,5Y,2.8200
US,2018-07-25,10Y,2.9400
US,2018-07-25,30Y,3.0600
US,2018-07-26,2Y,2.6900
US,2018-07-26,5Y,2.8600
US,2018-07-26,10Y,2.9800
US,2018-07-26,30Y,3.1000
US,2018-07-27,2Y,2.6700
US,2018-07-27,5Y,2.8400
US,2018-07-27,10Y,2.9600
US,2018-07-27,30Y,3.0900
US,2018-07-30,2Y,2.6600
US,2018-07-30,5Y,2.8500
US,2018-07-30,10Y,2.9800
US,2018-07-30,30Y,3.1100
US,2018-07-31,2Y,2.6700
US,2018-07-31,5Y,2.8500
US,2018-07-31,10Y,2.9600
US,2018-07-31,30Y,3.0800
US,2018-08-01,2Y,2.6700
US,2018-08-01,5Y,2.8700
US,2018-08-01,10Y,3.0000
US,2018-08-01,30Y,3.1300
US,2018-08-02,2Y,2.6600
US,2018-08-02,5Y,2.8500
US,2018-08-02,10Y,2.9800
US,2018-08-02,30Y,3.1200
US,2018-08-03,2Y,2.6300
US,2018-08-03,5Y,2.8200
US,2018-08-03,10Y,2.9500
US,2018-08-03,30Y,3.0900
US,2018-08-06,2Y,2.6400
US,2018-08-06,5Y,2.8000
US,2018-08-06,10Y,2.9400
US,2018-08-06,30Y,3.0800
US,2018-08-07,2Y,2.6800
US,2018-08-07,5Y,2.8400
US,2018-08-07,10Y,2.9800
US,2018-08-07,30Y,3.1200
US,2018-08-08,2Y,2.6800
US,2018-08-08,5Y,2.8300
US,2018-08-08,10Y,2.9600
US,2018-08-08,30Y,3.1200
US,2018-08-09,2Y,2.6400
US,2018-08-09,5Y,2.8000
US,2018-08-09,10Y,2.9300
US,2018-08-09,30Y,3.0800
US,2018-08-10,2Y,2.6100
US,2018-08-10,5Y,2.7500
US,2018-08-10,10Y,2.8700
US,2018-08-10,30Y,3.0300
US,2018-08-13,2Y,2.6100
US,2018-08-13,5Y,2.7500
US,2018-08-13,10Y,2.8800
US,2018-08-13,30Y,3.0500
US,2018-08-14,2Y,2.6300
US,2018-08-14,5Y,2.7700
US,2018-08-14,10Y,2.8900
US,2018-08-14,30Y,3.0600
US,2018-08-15,2Y,2.6100
US,2018-08-15,5Y,2.7300
US,2018-08-15,10Y,2.8600
US,2018-08-15,30Y,3.0300
US,2018-08-16,2Y,2.6300
US,2018-08-16,5Y,2.7500
US,2018-08-16,10Y,2.8700
US,2018-08-16,30Y,3.0300
US,2018-08-17,2Y,2.6100
US,2018-08-17,5Y,2.7500
US,2018-08-17,10Y,2.8700
US,2018-08-17,30Y,3.0300
US,2018-08-20,2Y,2.6000
US,2018-08-20,5Y,2.7000
US,2018-08-20,10Y,2.8200
US,2018-08-20,30Y,2.9900
US,2018-08-21,2Y,2.6100
US,2018-08-21,5Y,2.7300
US,2018-08-21,10Y,2.8500
US,2018-08-21,30Y,3.0000
US,2018-08-22,2Y,2.6000
US,2018-08-22,5Y,2.7000
US,2018-08-22,10Y,2.8200
US,2018-08-22,30Y,2.9900
US,2018-08-23,2Y,2.6100
US,2018-08-23,5Y,2.7200
US,2018-08-23,10Y,2.8200
US,2018-08-23,30Y,2.9700
US,2018-08-24,2Y,2.6300
US,2018-08-24,5Y,2.7200
US,2018-08-24,10Y,2.8200
US,2018-08-24,30Y,2.9700
US,2018-08-27,2Y,2.6700
US,2018-08-27,5Y,2.7400
US,2018-08-27,10Y,2.8500
US,2018-08-27,30Y,3.0000
US,2018-08-28,2Y,2.6700
US,2018-08-28,5Y,2.7700
US,2018-08-28,10Y,2.8800
US,2018-08-28,30Y,3.0300
US,2018-08-29,2Y,2.6700
US,2018-08-29,5Y,2.7800
US,2018-08-29,10Y,2.8900
US,2018-08-29,30Y,3.0200
US,2018-08-30,2Y,2.6400
US,2018-08-30,5Y,2.7500
US,2018-08-30,10Y,2.8600
US,2018-08-30,30Y,3.0000
US,2018-08-31,2Y,2.6200
US,2018-08-31,5Y,2.7400
US,2018-08-31,10Y,2.8600
US,2018-08-31,30Y,3.0200
US,2018-09-04,2Y,2.6600
US,2018-09-04,5Y,2.7800
US,2018-09-04,10Y,2.9000
US,2018-09-04,30Y,3.0700
US,2018-09-05,2Y,2.6600
US,2018-09-05,5Y,2.7700
US,2018-09-05,10Y,2.9000
US,2018-09-05,30Y,3.0800
US,2018-09-06,2Y,2.6400
US,2018-09-06,5Y,2.7600
US,2018-09-06,10Y,2.8800
US,2018-09-06,30Y,3.0600
US,2018-09-07,2Y,2.7100
US,2018-09-07,5Y,2.8200
US,2018-09-07,10Y,2.9400
US,2018-09-07,30Y,3.1100
US,2018-09-10,2Y,2.7300
US,2018-09-10,5Y,2.8300
US,2018-09-10,10Y,2.9400
US,2018-09-10,30Y,3.0900
US,2018-09-11,2Y,2.7600
US,2018-09-11,5Y,2.8700
US,2018-09-11,10Y,2.9800
US,2018-09-11,30Y,3.1300
US,2018-09-12,2Y,2.7400
US,2018-09-12,5Y,2.8700
US,2018-09-12,10Y,2.9700
US,2018-09-12,30Y,3.1100
US,2018-09-13,2Y,2.7600
US,2018-09-13,5Y,2.8700
US,2018-09-13,10Y,2.9700
US,2018-09-13,30Y,3.1100
US,2018-09-14,2Y,2.7800
US,2018-09-14,5Y,2.9000
US,2018-09-14,10Y,2.9900
US,2018-09-14,30Y,3.1300
US,2018-09-17,2Y,2.7800
US,2018-09-17,5Y,2.8900
US,2018-09-17,10Y,2.9900
US,2018-09-17,30Y,3.1300
US,2018-09-18,2Y,2.8100
US,2018-09-18,5Y,2.9400
US,2018-09-18,10Y,3.0500
US,2018-09-18,30Y,3.2000
US,2018-09-19,2Y,2.8100
US,2018-09-19,5Y,2.9600
US,2018-09-19,10Y,3.0800
US,2018-09-19,30Y,3.2300
US,2018-09-20,2Y,2.8100
US,2018-09-20,5Y,2.9600
US,2018-09-20,10Y,3.0700
US,2018-09-20,30Y,3.2100
US,2018-09-21,2Y,2.8100
US,2018-09-21,5Y,2.9500
US,2018-09-21,10Y,3.0700
US,2018-09-21,30Y,3.2000
US,2018-09-24,2Y,2.8300
US,2018-09-24,5Y,2.9600
US,2018-09-24,10Y,3.0800
US,2018-09-24,30Y,3.2100
US,2018-09-25,2Y,2.8300
US,2018-09-25,5Y,2.9900
US,2018-09-25,10Y,3.1000
US,2018-09-25,30Y,3.2300
US,2018-09-26,2Y,2.8300
US,2018-09-26,5Y,2.9600
US,2018-09-26,10Y,3.0600
US,2018-09-26,30Y,3.1900
US,2018-09-27,2Y,2.8300
US,2018-09-27,5Y,2.9600
US,2018-09-27,10Y,3.0600
US,2018-09-27,30Y,3.1900
US,2018-09-28,2Y,2.8100
US,2018-09-28,5Y,2.9400
US,2018-09-28,10Y,3.0500
US,2018-09-28,30Y,3.1900
US,2018-10-01,2Y,2.8200
US,2018-10-01,5Y,2.9600
US,2018-10-01,10Y,3.0900
US,2018-10-01,30Y,3.2400
US,2018-10-02,2Y,2.8200
US,2018-10-02,5Y,2.9400
US,2018-10-02,10Y,3.0500
US,2018-10-02,30Y,3.2000
US,2018-10-03,2Y,2.8500
US,2018-10-03,5Y,3.0200
US,2018-10-03,10Y,3.1500
US,2018-10-03,30Y,3.3000
US,2018-10-04,2Y,2.8700
US,2018-10-04,5Y,3.0500
US,2018-10-04,10Y,3.1900
US,2018-10-04,30Y,3.3500
US,2018-10-05,2Y,2.8800
US,2018-10-05,5Y,3.0700
US,2018-10-05,10Y,3.2300
US,2018-10-05,30Y,3.4000
US,2018-10-09,2Y,2.8800
US,2018-10-09,5Y,3.0500
US,2018-10-09,10Y,3.2100
US,2018-10-09,30Y,3.3700
US,2018-10-10,2Y,2.8800
US,2018-10-10,5Y,3.0500
US,2018-10-10,10Y,3.2200
US,2018-10-10,30Y,3.3900
US,2018-10-11,2Y,2.8500
US,2018-10-11,5Y,3.0000
US,2018-10-11,10Y,3.1400
US,2018-10-11,30Y,3.3200
US,2018-10-12,2Y,2.8500
US,2018-10-12,5Y,3.0000
US,2018-10-12,10Y,3.1500
US,2018-10-12,30Y,3.3200
US,2018-10-15,2Y,2.8500
US,2018-10-15,5Y,3.0100
US,2018-10-15,10Y,3.1600
US,2018-10-15,30Y,3.3400
US,2018-10-16,2Y,2.8700
US,2018-10-16,5Y,3.0200
US,2018-10-16,10Y,3.1600
US,2018-10-16,30Y,3.3200
US,2018-10-17,2Y,2.8900
US,2018-10-17,5Y,3.0400
US,2018-10-17,10Y,3.1900
US,2018-10-17,30Y,3.3500
US,2018-10-18,2Y,2.8700
US,2018-10-18,5Y,3.0300
US,2018-10-18,10Y,3.1700
US,2018-10-18,30Y,3.3600
US,2018-10-19,2Y,2.9200
US,2018-10-19,5Y,3.0500
US,2018-10-19,10Y,3.2000
US,2018-10-19,30Y,3.3800
US,2018-10-22,2Y,2.9200
US,2018-10-22,5Y,3.0500
US,2018-10-22,10Y,3.2000
US,2018-10-22,30Y,3.3800
US,2018-10-23,2Y,2.8900
US,2018-10-23,5Y,3.0100
US,2018-10-23,10Y,3.1700
US,2018-10-23,30Y,3.3700
US,2018-10-24,2Y,2.8400
US,2018-10-24,5Y,2.9400
US,2018-10-24,10Y,3.1000
US,2018-10-24,30Y,3.3300
US,2018-10-25,2Y,2.8600
US,2018-10-25,5Y,2.9800
US,2018-10-25,10Y,3.1400
US,2018-10-25,30Y,3.3500
US,2018-10-26,2Y,2.8100
US,2018-10-26,5Y,2.9100
US,2018-10-26,10Y,3.0800
US,2018-10-26,30Y,3.3200
US,2018-10-29,2Y,2.8100
US,2018-10-29,5Y,2.9100
US,2018-10-29,10Y,3.0800
US,2018-10-29,30Y,3.3300
US,2018-10-30,2Y,2.8400
US,2018-10-30,5Y,2.9400
US,2018-10-30,10Y,3.1200
US,2018-10-30,30Y,3.3600
US,2018-10-31,2Y,2.8700
US,2018-10-31,5Y,2.9800
US,2018-10-31,10Y,3.1500
US,2018-10-31,30Y,3.3900
US,2018-11-01,2Y,2.8400
US,2018-11-01,5Y,2.9600
US,2018-11-01,10Y,3.1400
US,2018-11-01,30Y,3.3800
US,2018-11-02,2Y,2.9100
US,2018-11-02,5Y,3.0400
US,2018-11-02,10Y,3.2200
US,2018-11-02,30Y,3.4600
US,2018-11-05,2Y,2.9100
US,2018-11-05,5Y,3.0300
US,2018-11-05,10Y,3.2000
US,2018-11-05,30Y,3.4300
US,2018-11-06,2Y,2.9300
US,2018-11-06,5Y,3.0500
US,2018-11-06,10Y,3.2200
US,2018-11-06,30Y,3.4300
US,2018-11-07,2Y,2.9600
US,2018-11-07,5Y,3.0700
US,2018-11-07,10Y,3.2200
US,2018-11-07,30Y,3.4300
US,2018-11-08,2Y,2.9800
US,2018-11-08,5Y,3.0900
US,2018-11-08,10Y,3.2400
US,2018-11-08,30Y,3.4300
US,2018-11-09,2Y,2.9400
US,2018-11-09,5Y,3.0500
US,2018-11-09,10Y,3.1900
US,2018-11-09,30Y,3.4000
US,2018-11-13,2Y,2.8900
US,2018-11-13,5Y,2.9900
US,2018-11-13,10Y,3.1400
US,2018-11-13,30Y,3.3600
US,2018-11-14,2Y,2.8600
US,2018-11-14,5Y,2.9500
US,2018-11-14,10Y,3.1200
US,2018-11-14,30Y,3.3500
US,2018-11-15,2Y,2.8600
US,2018-11-15,5Y,2.9400
US,2018-11-15,10Y,3.1100
US,2018-11-15,30Y,3.3600
US,2018-11-16,2Y,2.8100
US,2018-11-16,5Y,2.9000
US,2018-11-16,10Y,3.0800
US,2018-11-16,30Y,3.3300
US,2018-11-19,2Y,2.7900
US,2018-11-19,5Y,2.8700
US,2018-11-19,10Y,3.0600
US,2018-11-19,30Y,3.3200
US,2018-11-20,2Y,2.7900
US,2018-11-20,5Y,2.8800
US,2018-11-20,10Y,3.0600
US,2018-11-20,30Y,3.3100
US,2018-11-21,2Y,2.8100
US,2018-11-21,5Y,2.8900
US,2018-11-21,10Y,3.0600
US,2018-11-21,30Y,3.3100
US,2018-11-23,2Y,2.8100
US,2018-11-23,5Y,2.8800
US,2018-11-23,10Y,3.0500
US,2018-11-23,30Y,3.3100
US,2018-11-26,2Y,2.8400
US,2018-11-26,5Y,2.9000
US,2018-11-26,10Y,3.0700
US,2018-11-26,30Y,3.3200
US,2018-11-27,2Y,2.8300
US,2018-11-27,5Y,2.8900
US,2018-11-27,10Y,3.0600
US,2018-11-27,30Y,3.3200
US,2018-11-28,2Y,2.8100
US,2018-11-28,5Y,2.8700
US,2018-11-28,10Y,3.0600
US,2018-11-28,30Y,3.3400
US,2018-11-29,2Y,2.8100
US,2018-11-29,5Y,2.8500
US,2018-11-29,10Y,3.0300
US,2018-11-29,30Y,3.3300
US,2018-11-30,2Y,2.8000
US,2018-11-30,5Y,2.8400
US,2018-11-30,10Y,3.0100
US,2018-11-30,30Y,3.3000
US,2018-12-03,2Y,2.8300
US,2018-12-03,5Y,2.8300
US,2018-12-03,10Y,2.9800
US,2018-12-03,30Y,3.2700
US,2018-12-04,2Y,2.8000
US,2018-12-04,5Y,2.7900
US,2018-12-04,10Y,2.9100
US,2018-12-04,30Y,3.1600
US,2018-12-06,2Y,2.7500
US,2018-12-06,5Y,2.7500
US,2018-12-06,10Y,2.8700
US,2018-12-06,30Y,3.1400
US,2018-12-07,2Y,2.7200
US,2018-12-07,5Y,2.7000
US,2018-12-07,10Y,2.8500
US,2018-12-07,30Y,3.1400
US,2018-12-10,2Y,2.7200
US,2018-12-10,5Y,2.7100
US,2018-12-10,10Y,2.8500
US,2018-12-10,30Y,3.1300
US,2018-12-11,2Y,2.7800
US,2018-12-11,5Y,2.7500
US,2018-12-11,10Y,2.8900
US,2018-12-11,30Y,3.1300
US,2018-12-12,2Y,2.7700
US,2018-12-12,5Y,2.7700
US,2018-12-12,10Y,2.9100
US,2018-12-12,30Y,3.1500
US,2018-12-13,2Y,2.7500
US,2018-12-13,5Y,2.7500
US,2018-12-13,10Y,2.9100
US,2018-12-13,30Y,3.1600
US,2018-12-14,2Y,2.7300
US,2018-12-14,5Y,2.7300
US,2018-12-14,10Y,2.8900
US,2018-12-14,30Y,3.1400
US,2018-12-17,2Y,2.7000
US,2018-12-17,5Y,2.6900
US,2018-12-17,10Y,2.8600
US,2018-12-17,30Y,3.1100
US,2018-12-18,2Y,2.6500
US,2018-12-18,5Y,2.6500
US,2018-12-18,10Y,2.8200
US,2018-12-18,30Y,3.0700
US,2018-12-19,2Y,2.6300
US,2018-12-19,5Y,2.6200
US,2018-12-19,10Y,2.7700
US,2018-12-19,30Y,3.0000
US,2018-12-20,2Y,2.6700
US,2018-12-20,5Y,2.6500
US,2018-12-20,10Y,2.7900
US,2018-12-20,30Y,3.0200
US,2018-12-21,2Y,2.6300
US,2018-12-21,5Y,2.6400
US,2018-12-21,10Y,2.7900
US,2018-12-21,30Y,3.0300
US,2018-12-24,2Y,2.5500
US,2018-12-24,5Y,2.5800
US,2018-12-24,10Y,2.7400
US,2018-12-24,30Y,3.0000
US,2018-12-26,2Y,2.6100
US,2018-12-26,5Y,2.6700
US,2018-12-26,10Y,2.8100
US,2018-12-26,30Y,3.0600
US,2018-12-27,2Y,2.5600
US,2018-12-27,5Y,2.6000
US,2018-12-27,10Y,2.7700
US,2018-12-27,30Y,3.0500
US,2018-12-28,2Y,2.5200
US,2018-12-28,5Y,2.5600
US,2018-12-28,10Y,2.7200
US,2018-12-28,30Y,3.0400
US,2018-12-31,2Y,2.4800
US,2018-12-31,5Y,2.5100
US,2018-12-31,10Y,2.6900
US,2018-12-31,30Y,3.0200
US,2019-01-02,2Y,2.5000
US,2019-01-02,5Y,2.4900
US,2019-01-02,10Y,2.6600
US,2019-01-02,30Y,2.9700
US,2019-01-03,2Y,2.3900
US,2019-01-03,5Y,2.3700
US,2019-01-03,10Y,2.5600
US,2019-01-03,30Y,2.9200
US,2019-01-04,2Y,2.5000
US,2019-01-04,5Y,2.4900
US,2019-01-04,10Y,2.6700
US,2019-01-04,30Y,2.9800
US,2019-01-07,2Y,2.5300
US,2019-01-07,5Y,2.5300
US,2019-01-07,10Y,2.7000
US,2019-01-07,30Y,2.9900
US,2019-01-08,2Y,2.5800
US,2019-01-08,5Y,2.5800
US,2019-01-08,10Y,2.7300
US,2019-01-08,30Y,3.0000
US,2019-01-09,2Y,2.5600
US,2019-01-09,5Y,2.5700
US,2019-01-09,10Y,2.7400
US,2019-01-09,30Y,3.0300
US,2019-01-10,2Y,2.5600
US,2019-01-10,5Y,2.5600
US,2019-01-10,10Y,2.7400
US,2019-01-10,30Y,3.0600
US,2019-01-11,2Y,2.5500
US,2019-01-11,5Y,2.5200
US,2019-01-11,10Y,2.7100
US,2019-01-11,30Y,3.0400
US,2019-01-14,2Y,2.5300
US,2019-01-14,5Y,2.5300
US,2019-01-14,10Y,2.7100
US,2019-01-14,30Y,3.0600
US,2019-01-15,2Y,2.5300
US,2019-01-15,5Y,2.5300
US,2019-01-15,10Y,2.7200
US,2019-01-15,30Y,3.0800
US,2019-01-16,2Y,2.5500
US,2019-01-16,5Y,2.5400
US,2019-01-16,10Y,2.7300
US,2019-01-16,30Y,3.0700
US,2019-01-17,2Y,2.5600
US,2019-01-17,5Y,2.5800
US,2019-01-17,10Y,2.7500
US,2019-01-17,30Y,3.0700
US,2019-01-18,2Y,2.6200
US,2019-01-18,5Y,2.6200
US,2019-01-18,10Y,2.7900
US,2019-01-18,30Y,3.0900
US,2019-01-22,2Y,2.5800
US,2019-01-22,5Y,2.5700
US,2019-01-22,10Y,2.7400
US,2019-01-22,30Y,3.0600
US,2019-01-23,2Y,2.5800
US,2019-01-23,5Y,2.5900
US,2019-01-23,10Y,2.7600
US,2019-01-23,30Y,3.0700
US,2019-01-24,2Y,2.5600
US,2019-01-24,5Y,2.5500
US,2019-01-24,10Y,2.7200
US,2019-01-24,30Y,3.0400
US,2019-01-25,2Y,2.6000
US,2019-01-25,5Y,2.5900
US,2019-01-25,10Y,2.7600
US,2019-01-25,30Y,3.0600
US,2019-01-28,2Y,2.6000
US,2019-01-28,5Y,2.5800
US,2019-01-28,10Y,2.7500
US,2019-01-28,30Y,3.0600
US,2019-01-29,2Y,2.5600
US,2019-01-29,5Y,2.5500
US,2019-01-29,10Y,2.7200
US,2019-01-29,30Y,3.0400
US,2019-01-30,2Y,2.5200
US,2019-01-30,5Y,2.4900
US,2019-01-30,10Y,2.7000
US,2019-01-30,30Y,3.0600
US,2019-01-31,2Y,2.4500
US,2019-01-31,5Y,2.4300
US,2019-01-31,10Y,2.6300
US,2019-01-31,30Y,2.9900
US,2019-02-01,2Y,2.5200
US,2019-02-01,5Y,2.5100
US,2019-02-01,10Y,2.7000
US,2019-02-01,30Y,3.0300
US,2019-02-04,2Y,2.5300
US,2019-02-04,5Y,2.5300
US,2019-02-04,10Y,2.7300
US,2019-02-04,30Y,3.0600
US,2019-02-05,2Y,2.5300
US,2019-02-05,5Y,2.5100
US,2019-02-05,10Y,2.7100
US,2019-02-05,30Y,3.0300
US,2019-02-06,2Y,2.5200
US,2019-02-06,5Y,2.5000
US,2019-02-06,10Y,2.7000
US,2019-02-06,30Y,3.0300
US,2019-02-07,2Y,2.4800
US,2019-02-07,5Y,2.4600
US,2019-02-07,10Y,2.6500
US,2019-02-07,30Y,3.0000
US,2019-02-08,2Y,2.4500
US,2019-02-08,5Y,2.4400
US,2019-02-08,10Y,2.6300
US,2019-02-08,30Y,2.9700
US,2019-02-11,2Y,2.4800
US,2019-02-11,5Y,2.4700
US,2019-02-11,10Y,2.6500
US,2019-02-11,30Y,3.0000
US,2019-02-12,2Y,2.5000
US,2019-02-12,5Y,2.4900
US,2019-02-12,10Y,2.6800
US,2019-02-12,30Y,3.0200
US,2019-02-13,2Y,2.5300
US,2019-02-13,5Y,2.5300
US,2019-02-13,10Y,2.7100
US,2019-02-13,30Y,3.0400
US,2019-02-14,2Y,2.5000
US,2019-02-14,5Y,2.4800
US,2019-02-14,10Y,2.6600
US,2019-02-14,30Y,3.0100
US,2019-02-15,2Y,2.5200
US,2019-02-15,5Y,2.4900
US,2019-02-15,10Y,2.6600
US,2019-02-15,30Y,3.0000
US,2019-02-19,2Y,2.5000
US,2019-02-19,5Y,2.4700
US,2019-02-19,10Y,2.6500
US,2019-02-19,30Y,2.9900
US,2019-02-20,2Y,2.5000
US,2019-02-20,5Y,2.4700
US,2019-02-20,10Y,2.6500
US,2019-02-20,30Y,3.0000
US,2019-02-21,2Y,2.5300
US,2019-02-21,5Y,2.5100
US,2019-02-21,10Y,2.6900
US,2019-02-21,30Y,3.0500
US,2019-02-22,2Y,2.4800
US,2019-02-22,5Y,2.4700
US,2019-02-22,10Y,2.6500
US,2019-02-22,30Y,3.0200
US,2019-02-25,2Y,2.5100
US,2019-02-25,5Y,2.4800
US,2019-02-25,10Y,2.6700
US,2019-02-25,30Y,3.0300
US,2019-02-26,2Y,2.4800
US,2019-02-26,5Y,2.4500
US,2019-02-26,10Y,2.6400
US,2019-02-26,30Y,3.0100
US,2019-02-27,2Y,2.5000
US,2019-02-27,5Y,2.4900
US,2019-02-27,10Y,2.6900
US,2019-02-27,30Y,3.0700
US,2019-02-28,2Y,2.5200
US,2019-02-28,5Y,2.5200
US,2019-02-28,10Y,2.7300
US,2019-02-28,30Y,3.0900
US,2019-03-01,2Y,2.5500
US,2019-03-01,5Y,2.5600
US,2019-03-01,10Y,2.7600
US,2019-03-01,30Y,3.1300
US,2019-03-04,2Y,2.5500
US,2019-03-04,5Y,2.5300
US,2019-03-04,10Y,2.7200
US,2019-03-04,30Y,3.0900
US,2019-03-05,2Y,2.5500
US,2019-03-05,5Y,2.5300
US,2019-03-05,10Y,2.7200
US,2019-03-05,30Y,3.0800
US,2019-03-06,2Y,2.5200
US,2019-03-06,5Y,2.4900
US,2019-03-06,10Y,2.6900
US,2019-03-06,30Y,3.0600
US,2019-03-07,2Y,2.4700
US,2019-03-07,5Y,2.4400
US,2019-03-07,10Y,2.6400
US,2019-03-07,30Y,3.0300
US,2019-03-08,2Y,2.4500
US,2019-03-08,5Y,2.4200
US,2019-03-08,10Y,2.6200
US,2019-03-08,30Y,3.0000
US,2019-03-11,2Y,2.4700
US,2019-03-11,5Y,2.4400
US,2019-03-11,10Y,2.6400
US,2019-03-11,30Y,3.0300
US,2019-03-12,2Y,2.4500
US,2019-03-12,5Y,2.4100
US,2019-03-12,10Y,2.6100
US,2019-03-12,30Y,3.0000
US,2019-03-13,2Y,2.4500
US,2019-03-13,5Y,2.4200
US,2019-03-13,10Y,2.6100
US,2019-03-13,30Y,3.0200
US,2019-03-14,2Y,2.4600
US,2019-03-14,5Y,2.4300
US,2019-03-14,10Y,2.6300
US,2019-03-14,30Y,3.0400
US,2019-03-15,2Y,2.4300
US,2019-03-15,5Y,2.4000
US,2019-03-15,10Y,2.5900
US,2019-03-15,30Y,3.0200
US,2019-03-18,2Y,2.4500
US,2019-03-18,5Y,2.4200
US,2019-03-18,10Y,2.6000
US,2019-03-18,30Y,3.0100
US,2019-03-19,2Y,2.4600
US,2019-03-19,5Y,2.4200
US,2019-03-19,10Y,2.6100
US,2019-03-19,30Y,3.0200
US,2019-03-20,2Y,2.4000
US,2019-03-20,5Y,2.3400
US,2019-03-20,10Y,2.5400
US,2019-03-20,30Y,2.9800
US,2019-03-21,2Y,2.4100
US,2019-03-21,5Y,2.3400
US,2019-03-21,10Y,2.5400
US,2019-03-21,30Y,2.9600
US,2019-03-22,2Y,2.3100
US,2019-03-22,5Y,2.2400
US,2019-03-22,10Y,2.4400
US,2019-03-22,30Y,2.8800
US,2019-03-25,2Y,2.2600
US,2019-03-25,5Y,2.2100
US,2019-03-25,10Y,2.4300
US,2019-03-25,30Y,2.8700
US,2019-03-26,2Y,2.2400
US,2019-03-26,5Y,2.1800
US,2019-03-26,10Y,2.4100
US,2019-03-26,30Y,2.8600
US,2019-03-27,2Y,2.2200
US,2019-03-27,5Y,2.1800
US,2019-03-27,10Y,2.3900
US,2019-03-27,30Y,2.8300
US,2019-03-28,2Y,2.2300
US,2019-03-28,5Y,2.2000
US,2019-03-28,10Y,2.3900
US,2019-03-28,30Y,2.8100
US,2019-03-29,2Y,2.2700
US,2019-03-29,5Y,2.2300
US,2019-03-29,10Y,2.4100
US,2019-03-29,30Y,2.8100
US,2019-04-01,2Y,2.3300
US,2019-04-01,5Y,2.3100
US,2019-04-01,10Y,2.4900
US,2019-04-01,30Y,2.8900
US,2019-04-02,2Y,2.3000
US,2019-04-02,5Y,2.2800
US,2019-04-02,10Y,2.4800
US,2019-04-02,30Y,2.8800
US,2019-04-03,2Y,2.3300
US,2019-04-03,5Y,2.3200
US,2019-04-03,10Y,2.5200
US,2019-04-03,30Y,2.9300
US,2019-04-04,2Y,2.3300
US,2019-04-04,5Y,2.3200
US,2019-04-04,10Y,2.5100
US,2019-04-04,30Y,2.9200
US,2019-04-05,2Y,2.3500
US,2019-04-05,5Y,2.3100
US,2019-04-05,10Y,2.5000
US,2019-04-05,30Y,2.9100
US,2019-04-08,2Y,2.3600
US,2019-04-08,5Y,2.3300
US,2019-04-08,10Y,2.5200
US,2019-04-08,30Y,2.9300
US,2019-04-09,2Y,2.3500
US,2019-04-09,5Y,2.3100
US,2019-04-09,10Y,2.5100
US,2019-04-09,30Y,2.9200
US,2019-04-10,2Y,2.3100
US,2019-04-10,5Y,2.2800
US,2019-04-10,10Y,2.4800
US,2019-04-10,30Y,2.9000
US,2019-04-11,2Y,2.3500
US,2019-04-11,5Y,2.3100
US,2019-04-11,10Y,2.5100
US,2019-04-11,30Y,2.9400
US,2019-04-12,2Y,2.4000
US,2019-04-12,5Y,2.3800
US,2019-04-12,10Y,2.5600
US,2019-04-12,30Y,2.9700
US,2019-04-15,2Y,2.4000
US,2019-04-15,5Y,2.3700
US,2019-04-15,10Y,2.5500
US,2019-04-15,30Y,2.9600
US,2019-04-16,2Y,2.4100
US,2019-04-16,5Y,2.4100
US,2019-04-16,10Y,2.6000
US,2019-04-16,30Y,2.9900
US,2019-04-17,2Y,2.4000
US,2019-04-17,5Y,2.4000
US,2019-04-17,10Y,2.5900
US,2019-04-17,30Y,2.9900
US,2019-04-18,2Y,2.3800
US,2019-04-18,5Y,2.3800
US,2019-04-18,10Y,2.5700
US,2019-04-18,30Y,2.9600
US,2019-04-22,2Y,2.3800
US,2019-04-22,5Y,2.3900
US,2019-04-22,10Y,2.5900
US,2019-04-22,30Y,2.9900
US,2019-04-23,2Y,2.3600
US,2019-04-23,5Y,2.3600
US,2019-04-23,10Y,2.5700
US,2019-04-23,30Y,2.9800
US,2019-04-24,2Y,2.3200
US,2019-04-24,5Y,2.3200
US,2019-04-24,10Y,2.5300
US,2019-04-24,30Y,2.9400
US,2019-04-25,2Y,2.3300
US,2019-04-25,5Y,2.3300
US,2019-04-25,10Y,2.5400
US,2019-04-25,30Y,2.9400
US,2019-04-26,2Y,2.2800
US,2019-04-26,5Y,2.2900
US,2019-04-26,10Y,2.5100
US,2019-04-26,30Y,2.9200
US,2019-04-29,2Y,2.3000
US,2019-04-29,5Y,2.3200
US,2019-04-29,10Y,2.5400
US,2019-04-29,30Y,2.9600
US,2019-04-30,2Y,2.2700
US,2019-04-30,5Y,2.2800
US,2019-04-30,10Y,2.5100
US,2019-04-30,30Y,2.9300
US,2019-05-01,2Y,2.3100
US,2019-05-01,5Y,2.3100
US,2019-05-01,10Y,2.5200
US,2019-05-01,30Y,2.9200
US,2019-05-02,2Y,2.3500
US,2019-05-02,5Y,2.3400
US,2019-05-02,10Y,2.5500
US,2019-05-02,30Y,2.9400
US,2019-05-03,2Y,2.3300
US,2019-05-03,5Y,2.3300
US,2019-05-03,10Y,2.5400
US,2019-05-03,30Y,2.9300
US,2019-05-06,2Y,2.3100
US,2019-05-06,5Y,2.3000
US,2019-05-06,10Y,2.5100
US,2019-05-06,30Y,2.9100
US,2019-05-07,2Y,2.2800
US,2019-05-07,5Y,2.2500
US,2019-05-07,10Y,2.4500
US,2019-05-07,30Y,2.8600
US,2019-05-08,2Y,2.3000
US,2019-05-08,5Y,2.2800
US,2019-05-08,10Y,2.4900
US,2019-05-08,30Y,2.8900
US,2019-05-09,2Y,2.2600
US,2019-05-09,5Y,2.2500
US,2019-05-09,10Y,2.4500
US,2019-05-09,30Y,2.8700
US,2019-05-10,2Y,2.2600
US,2019-05-10,5Y,2.2600
US,2019-05-10,10Y,2.4700
US,2019-05-10,30Y,2.8900
US,2019-05-13,2Y,2.1800
US,2019-05-13,5Y,2.1800
US,2019-05-13,10Y,2.4000
US,2019-05-13,30Y,2.8300
US,2019-05-14,2Y,2.2000
US,2019-05-14,5Y,2.2000
US,2019-05-14,10Y,2.4200
US,2019-05-14,30Y,2.8600
US,2019-05-15,2Y,2.1600
US,2019-05-15,5Y,2.1500
US,2019-05-15,10Y,2.3700
US,2019-05-15,30Y,2.8200
US,2019-05-16,2Y,2.2000
US,2019-05-16,5Y,2.1800
US,2019-05-16,10Y,2.4000
US,2019-05-16,30Y,2.8400
US,2019-05-17,2Y,2.2000
US,2019-05-17,5Y,2.1700
US,2019-05-17,10Y,2.3900
US,2019-05-17,30Y,2.8200
US,2019-05-20,2Y,2.2100
US,2019-05-20,5Y,2.2100
US,2019-05-20,10Y,2.4100
US,2019-05-20,30Y,2.8300
US,2019-05-21,2Y,2.2600
US,2019-05-21,5Y,2.2300
US,2019-05-21,10Y,2.4300
US,2019-05-21,30Y,2.8400
US,2019-05-22,2Y,2.2300
US,2019-05-22,5Y,2.1900
US,2019-05-22,10Y,2.3900
US,2019-05-22,30Y,2.8200
US,2019-05-23,2Y,2.1200
US,2019-05-23,5Y,2.1100
US,2019-05-23,10Y,2.3100
US,2019-05-23,30Y,2.7500
US,2019-05-24,2Y,2.1600
US,2019-05-24,5Y,2.1200
US,2019-05-24,10Y,2.3200
US,2019-05-24,30Y,2.7500
US,2019-05-28,2Y,2.1200
US,2019-05-28,5Y,2.0600
US,2019-05-28,10Y,2.2600
US,2019-05-28,30Y,2.7000
US,2019-05-29,2Y,2.0900
US,2019-05-29,5Y,2.0500
US,2019-05-29,10Y,2.2500
US,2019-05-29,30Y,2.6900
US,2019-05-30,2Y,2.0600
US,2019-05-30,5Y,2.0300
US,2019-05-30,10Y,2.2200
US,2019-05-30,30Y,2.6500
US,2019-05-31,2Y,1.9500
US,2019-05-31,5Y,1.9300
US,2019-05-31,10Y,2.1400
US,2019-05-31,30Y,2.5800
US,2019-06-03,2Y,1.8200
US,2019-06-03,5Y,1.8300
US,2019-06-03,10Y,2.0700
US,2019-06-03,30Y,2.5300
US,2019-06-04,2Y,1.8800
US,2019-06-04,5Y,1.8900
US,2019-06-04,10Y,2.1200
US,2019-06-04,30Y,2.6000
US,2019-06-05,2Y,1.8300
US,2019-06-05,5Y,1.8600
US,2019-06-05,10Y,2.1200
US,2019-06-05,30Y,2.6300
US,2019-06-06,2Y,1.8800
US,2019-06-06,5Y,1.8800
US,2019-06-06,10Y,2.1200
US,2019-06-06,30Y,2.6200
US,2019-06-07,2Y,1.8500
US,2019-06-07,5Y,1.8500
US,2019-06-07,10Y,2.0900
US,2019-06-07,30Y,2.5700
US,2019-06-10,2Y,1.9000
US,2019-06-10,5Y,1.9100
US,2019-06-10,10Y,2.1500
US,2019-06-10,30Y,2.6200
US,2019-06-11,2Y,1.9300
US,2019-06-11,5Y,1.9200
US,2019-06-11,10Y,2.1500
US,2019-06-11,30Y,2.6200
US,2019-06-12,2Y,1.8800
US,2019-06-12,5Y,1.8800
US,2019-06-12,10Y,2.1300
US,2019-06-12,30Y,2.6200
US,2019-06-13,2Y,1.8300
US,2019-06-13,5Y,1.8400
US,2019-06-13,10Y,2.1000
US,2019-06-13,30Y,2.6100
US,2019-06-14,2Y,1.8400
US,2019-06-14,5Y,1.8500
US,2019-06-14,10Y,2.0900
US,2019-06-14,30Y,2.5900
US,2019-06-17,2Y,1.8600
US,2019-06-17,5Y,1.8500
US,2019-06-17,10Y,2.0900
US,2019-06-17,30Y,2.5800
US,2019-06-18,2Y,1.8600
US,2019-06-18,5Y,1.8300
US,2019-06-18,10Y,2.0600
US,2019-06-18,30Y,2.5500
US,2019-06-19,2Y,1.7400
US,2019-06-19,5Y,1.7700
US,2019-06-19,10Y,2.0300
US,2019-06-19,30Y,2.5400
US,2019-06-20,2Y,1.7200
US,2019-06-20,5Y,1.7400
US,2019-06-20,10Y,2.0100
US,2019-06-20,30Y,2.5300
US,2019-06-21,2Y,1.7700
US,2019-06-21,5Y,1.8000
US,2019-06-21,10Y,2.0700
US,2019-06-21,30Y,2.5900
US,2019-06-24,2Y,1.7200
US,2019-06-24,5Y,1.7500
US,2019-06-24,10Y,2.0200
US,2019-06-24,30Y,2.5500
US,2019-06-25,2Y,1.7100
US,2019-06-25,5Y,1.7300
US,2019-06-25,10Y,2.0000
US,2019-06-25,30Y,2.5300
US,2019-06-26,2Y,1.7700
US,2019-06-26,5Y,1.8000
US,2019-06-26,10Y,2.0500
US,2019-06-26,30Y,2.5700
US,2019-06-27,2Y,1.7400
US,2019-06-27,5Y,1.7600
US,2019-06-27,10Y,2.0100
US,2019-06-27,30Y,2.5200
US,2019-06-28,2Y,1.7500
US,2019-06-28,5Y,1.7600
US,2019-06-28,10Y,2.0000
US,2019-06-28,30Y,2.5200
US,2019-07-01,2Y,1.7800
US,2019-07-01,5Y,1.7900
US,2019-07-01,10Y,2.0300
US,2019-07-01,30Y,2.5500
US,2019-07-02,2Y,1.7700
US,2019-07-02,5Y,1.7500
US,2019-07-02,10Y,1.9800
US,2019-07-02,30Y,2.5100
US,2019-07-03,2Y,1.7700
US,2019-07-03,5Y,1.7400
US,2019-07-03,10Y,1.9600
US,2019-07-03,30Y,2.4700
US,2019-07-05,2Y,1.8700
US,2019-07-05,5Y,1.8400
US,2019-07-05,10Y,2.0400
US,2019-07-05,30Y,2.5400
US,2019-07-08,2Y,1.8800
US,2019-07-08,5Y,1.8600
US,2019-07-08,10Y,2.0500
US,2019-07-08,30Y,2.5300
US,2019-07-09,2Y,1.9200
US,2019-07-09,5Y,1.8800
US,2019-07-09,10Y,2.0700
US,2019-07-09,30Y,2.5400
US,2019-07-10,2Y,1.8200
US,2019-07-10,5Y,1.8200
US,2019-07-10,10Y,2.0700
US,2019-07-10,30Y,2.5700
US,2019-07-11,2Y,1.8500
US,2019-07-11,5Y,1.8800
US,2019-07-11,10Y,2.1300
US,2019-07-11,30Y,2.6500
US,2019-07-12,2Y,1.8400
US,2019-07-12,5Y,1.8600
US,2019-07-12,10Y,2.1200
US,2019-07-12,30Y,2.6400
US,2019-07-15,2Y,1.8300
US,2019-07-15,5Y,1.8400
US,2019-07-15,10Y,2.0900
US,2019-07-15,30Y,2.6100
US,2019-07-16,2Y,1.8700
US,2019-07-16,5Y,1.8800
US,2019-07-16,10Y,2.1300
US,2019-07-16,30Y,2.6300
US,2019-07-17,2Y,1.8300
US,2019-07-17,5Y,1.8300
US,2019-07-17,10Y,2.0600
US,2019-07-17,30Y,2.5700
US,2019-07-18,2Y,1.7700
US,2019-07-18,5Y,1.7800
US,2019-07-18,10Y,2.0400
US,2019-07-18,30Y,2.5600
US,2019-07-19,2Y,1.8000
US,2019-07-19,5Y,1.8000
US,2019-07-19,10Y,2.0500
US,2019-07-19,30Y,2.5700
US,2019-07-22,2Y,1.8000
US,2019-07-22,5Y,1.8000
US,2019-07-22,10Y,2.0500
US,2019-07-22,30Y,2.5800
US,2019-07-23,2Y,1.8300
US,2019-07-23,5Y,1.8300
US,2019-07-23,10Y,2.0800
US,2019-07-23,30Y,2.6100
US,2019-07-24,2Y,1.8300
US,2019-07-24,5Y,1.8200
US,2019-07-24,10Y,2.0500
US,2019-07-24,30Y,2.5800
US,2019-07-25,2Y,1.8600
US,2019-07-25,5Y,1.8500
US,2019-07-25,10Y,2.0800
US,2019-07-25,30Y,2.6000
US,2019-07-26,2Y,1.8600
US,2019-07-26,5Y,1.8500
US,2019-07-26,10Y,2.0800
US,2019-07-26,30Y,2.5900
US,2019-07-29,2Y,1.8500
US,2019-07-29,5Y,1.8400
US,2019-07-29,10Y,2.0600
US,2019-07-29,30Y,2.5900
US,2019-07-30,2Y,1.8500
US,2019-07-30,5Y,1.8400
US,2019-07-30,10Y,2.0600
US,2019-07-30,30Y,2.5800
US,2019-07-31,2Y,1.8900
US,2019-07-31,5Y,1.8400
US,2019-07-31,10Y,2.0200
US,2019-07-31,30Y,2.5300
US,2019-08-01,2Y,1.7300
US,2019-08-01,5Y,1.6800
US,2019-08-01,10Y,1.9000
US,2019-08-01,30Y,2.4400
US,2019-08-02,2Y,1.7200
US,2019-08-02,5Y,1.6600
US,2019-08-02,10Y,1.8600
US,2019-08-02,30Y,2.3900
US,2019-08-05,2Y,1.5900
US,2019-08-05,5Y,1.5500
US,2019-08-05,10Y,1.7500
US,2019-08-05,30Y,2.3000
US,2019-08-06,2Y,1.6000
US,2019-08-06,5Y,1.5300
US,2019-08-06,10Y,1.7300
US,2019-08-06,30Y,2.2500
US,2019-08-07,2Y,1.5900
US,2019-08-07,5Y,1.5200
US,2019-08-07,10Y,1.7100
US,2019-08-07,30Y,2.2200
US,2019-08-08,2Y,1.6200
US,2019-08-08,5Y,1.5400
US,2019-08-08,10Y,1.7200
US,2019-08-08,30Y,2.2500
US,2019-08-09,2Y,1.6300
US,2019-08-09,5Y,1.5700
US,2019-08-09,10Y,1.7400
US,2019-08-09,30Y,2.2600
US,2019-08-12,2Y,1.5800
US,2019-08-12,5Y,1.4900
US,2019-08-12,10Y,1.6500
US,2019-08-12,30Y,2.1400
US,2019-08-13,2Y,1.6600
US,2019-08-13,5Y,1.5700
US,2019-08-13,10Y,1.6800
US,2019-08-13,30Y,2.1500
US,2019-08-14,2Y,1.5800
US,2019-08-14,5Y,1.5100
US,2019-08-14,10Y,1.5900
US,2019-08-14,30Y,2.0300
US,2019-08-15,2Y,1.4800
US,2019-08-15,5Y,1.4200
US,2019-08-15,10Y,1.5200
US,2019-08-15,30Y,1.9800
US,2019-08-16,2Y,1.4800
US,2019-08-16,5Y,1.4200
US,2019-08-16,10Y,1.5500
US,2019-08-16,30Y,2.0100
US,2019-08-19,2Y,1.5300
US,2019-08-19,5Y,1.4700
US,2019-08-19,10Y,1.6000
US,2019-08-19,30Y,2.0800
US,2019-08-20,2Y,1.5000
US,2019-08-20,5Y,1.4200
US,2019-08-20,10Y,1.5500
US,2019-08-20,30Y,2.0400
US,2019-08-21,2Y,1.5600
US,2019-08-21,5Y,1.4700
US,2019-08-21,10Y,1.5900
US,2019-08-21,30Y,2.0700
US,2019-08-22,2Y,1.6100
US,2019-08-22,5Y,1.5000
US,2019-08-22,10Y,1.6200
US,2019-08-22,30Y,2.1100
US,2019-08-23,2Y,1.5100
US,2019-08-23,5Y,1.4000
US,2019-08-23,10Y,1.5200
US,2019-08-23,30Y,2.0200
US,2019-08-26,2Y,1.5400
US,2019-08-26,5Y,1.4300
US,2019-08-26,10Y,1.5400
US,2019-08-26,30Y,2.0400
US,2019-08-27,2Y,1.5300
US,2019-08-27,5Y,1.4000
US,2019-08-27,10Y,1.4900
US,2019-08-27,30Y,1.9700
US,2019-08-28,2Y,1.5000
US,2019-08-28,5Y,1.3700
US,2019-08-28,10Y,1.4700
US,2019-08-28,30Y,1.9400
US,2019-08-29,2Y,1.5300
US,2019-08-29,5Y,1.4000
US,2019-08-29,10Y,1.5000
US,2019-08-29,30Y,1.9700
US,2019-08-30,2Y,1.5000
US,2019-08-30,5Y,1.3900
US,2019-08-30,10Y,1.5000
US,2019-08-30,30Y,1.9600
US,2019-09-03,2Y,1.4700
US,2019-09-03,5Y,1.3500
US,2019-09-03,10Y,1.4700
US,2019-09-03,30Y,1.9500
US,2019-09-04,2Y,1.4300
US,2019-09-04,5Y,1.3200
US,2019-09-04,10Y,1.4700
US,2019-09-04,30Y,1.9700
US,2019-09-05,2Y,1.5500
US,2019-09-05,5Y,1.4300
US,2019-09-05,10Y,1.5700
US,2019-09-05,30Y,2.0600
US,2019-09-06,2Y,1.5300
US,2019-09-06,5Y,1.4200
US,2019-09-06,10Y,1.5500
US,2019-09-06,30Y,2.0200
US,2019-09-09,2Y,1.5800
US,2019-09-09,5Y,1.4900
US,2019-09-09,10Y,1.6300
US,2019-09-09,30Y,2.1100
US,2019-09-10,2Y,1.6700
US,2019-09-10,5Y,1.5800
US,2019-09-10,10Y,1.7200
US,2019-09-10,30Y,2.1900
US,2019-09-11,2Y,1.6800
US,2019-09-11,5Y,1.6000
US,2019-09-11,10Y,1.7500
US,2019-09-11,30Y,2.2200
US,2019-09-12,2Y,1.7200
US,2019-09-12,5Y,1.6500
US,2019-09-12,10Y,1.7900
US,2019-09-12,30Y,2.2200
US,2019-09-13,2Y,1.7900
US,2019-09-13,5Y,1.7500
US,2019-09-13,10Y,1.9000
US,2019-09-13,30Y,2.3700
US,2019-09-16,2Y,1.7400
US,2019-09-16,5Y,1.6900
US,2019-09-16,10Y,1.8400
US,2019-09-16,30Y,2.3100
US,2019-09-17,2Y,1.7200
US,2019-09-17,5Y,1.6600
US,2019-09-17,10Y,1.8100
US,2019-09-17,30Y,2.2700
US,2019-09-18,2Y,1.7700
US,2019-09-18,5Y,1.6800
US,2019-09-18,10Y,1.8000
US,2019-09-18,30Y,2.2500
US,2019-09-19,2Y,1.7400
US,2019-09-19,5Y,1.6600
US,2019-09-19,10Y,1.7900
US,2019-09-19,30Y,2.2200
US,2019-09-20,2Y,1.6900
US,2019-09-20,5Y,1.6100
US,2019-09-20,10Y,1.7400
US,2019-09-20,30Y,2.1700
US,2019-09-23,2Y,1.6800
US,2019-09-23,5Y,1.5900
US,2019-09-23,10Y,1.7200
US,2019-09-23,30Y,2.1600
US,2019-09-24,2Y,1.6000
US,2019-09-24,5Y,1.5200
US,2019-09-24,10Y,1.6400
US,2019-09-24,30Y,2.0900
US,2019-09-25,2Y,1.6800
US,2019-09-25,5Y,1.6000
US,2019-09-25,10Y,1.7300
US,2019-09-25,30Y,2.1800
US,2019-09-26,2Y,1.6600
US,2019-09-26,5Y,1.5900
US,2019-09-26,10Y,1.7000
US,2019-09-26,30Y,2.1500
US,2019-09-27,2Y,1.6300
US,2019-09-27,5Y,1.5600
US,2019-09-27,10Y,1.6900
US,2019-09-27,30Y,2.1300
US,2019-09-30,2Y,1.6300
US,2019-09-30,5Y,1.5500
US,2019-09-30,10Y,1.6800
US,2019-09-30,30Y,2.1200
US,2019-10-01,2Y,1.5600
US,2019-10-01,5Y,1.5100
US,2019-10-01,10Y,1.6500
US,2019-10-01,30Y,2.1100
US,2019-10-02,2Y,1.4800
US,2019-10-02,5Y,1.4300
US,2019-10-02,10Y,1.6000
US,2019-10-02,30Y,2.0900
US,2019-10-03,2Y,1.3900
US,2019-10-03,5Y,1.3400
US,2019-10-03,10Y,1.5400
US,2019-10-03,30Y,2.0400
US,2019-10-04,2Y,1.4000
US,2019-10-04,5Y,1.3400
US,2019-10-04,10Y,1.5200
US,2019-10-04,30Y,2.0100
US,2019-10-07,2Y,1.4600
US,2019-10-07,5Y,1.3800
US,2019-10-07,10Y,1.5600
US,2019-10-07,30Y,2.0500
US,2019-10-08,2Y,1.4200
US,2019-10-08,5Y,1.3600
US,2019-10-08,10Y,1.5400
US,2019-10-08,30Y,2.0400
US,2019-10-09,2Y,1.4700
US,2019-10-09,5Y,1.4000
US,2019-10-09,10Y,1.5900
US,2019-10-09,30Y,2.0800
US,2019-10-10,2Y,1.5300
US,2019-10-10,5Y,1.4800
US,2019-10-10,10Y,1.6700
US,2019-10-10,30Y,2.1600
US,2019-10-11,2Y,1.6300
US,2019-10-11,5Y,1.5900
US,2019-10-11,10Y,1.7600
US,2019-10-11,30Y,2.2200
US,2019-10-15,2Y,1.6100
US,2019-10-15,5Y,1.5900
US,2019-10-15,10Y,1.7700
US,2019-10-15,30Y,2.2300
US,2019-10-16,2Y,1.5800
US,2019-10-16,5Y,1.5700
US,2019-10-16,10Y,1.7500
US,2019-10-16,30Y,2.2300
US,2019-10-17,2Y,1.6000
US,2019-10-17,5Y,1.5700
US,2019-10-17,10Y,1.7600
US,2019-10-17,30Y,2.2400
US,2019-10-18,2Y,1.5800
US,2019-10-18,5Y,1.5600
US,2019-10-18,10Y,1.7600
US,2019-10-18,30Y,2.2500
US,2019-10-21,2Y,1.6200
US,2019-10-21,5Y,1.6100
US,2019-10-21,10Y,1.8000
US,2019-10-21,30Y,2.2800
US,2019-10-22,2Y,1.6000
US,2019-10-22,5Y,1.6000
US,2019-10-22,10Y,1.7800
US,2019-10-22,30Y,2.2600
US,2019-10-23,2Y,1.5800
US,2019-10-23,5Y,1.5800
US,2019-10-23,10Y,1.7700
US,2019-10-23,30Y,2.2500
US,2019-10-24,2Y,1.5800
US,2019-10-24,5Y,1.5800
US,2019-10-24,10Y,1.7700
US,2019-10-24,30Y,2.2600
US,2019-10-25,2Y,1.6300
US,2019-10-25,5Y,1.6200
US,2019-10-25,10Y,1.8000
US,2019-10-25,30Y,2.2900
US,2019-10-28,2Y,1.6400
US,2019-10-28,5Y,1.6600
US,2019-10-28,10Y,1.8500
US,2019-10-28,30Y,2.3400
US,2019-10-29,2Y,1.6400
US,2019-10-29,5Y,1.6600
US,2019-10-29,10Y,1.8400
US,2019-10-29,30Y,2.3300
US,2019-10-30,2Y,1.6100
US,2019-10-30,5Y,1.6100
US,2019-10-30,10Y,1.7800
US,2019-10-30,30Y,2.2600
US,2019-10-31,2Y,1.5200
US,2019-10-31,5Y,1.5100
US,2019-10-31,10Y,1.6900
US,2019-10-31,30Y,2.1700
US,2019-11-01,2Y,1.5600
US,2019-11-01,5Y,1.5500
US,2019-11-01,10Y,1.7300
US,2019-11-01,30Y,2.2100
US,2019-11-04,2Y,1.6000
US,2019-11-04,5Y,1.6000
US,2019-11-04,10Y,1.7900
US,2019-11-04,30Y,2.2700
US,2019-11-05,2Y,1.6300
US,2019-11-05,5Y,1.6600
US,2019-11-05,10Y,1.8600
US,2019-11-05,30Y,2.3400
US,2019-11-06,2Y,1.6100
US,2019-11-06,5Y,1.6300
US,2019-11-06,10Y,1.8100
US,2019-11-06,30Y,2.3000
US,2019-11-07,2Y,1.6800
US,2019-11-07,5Y,1.7400
US,2019-11-07,10Y,1.9200
US,2019-11-07,30Y,2.4000
US,2019-11-08,2Y,1.6800
US,2019-11-08,5Y,1.7400
US,2019-11-08,10Y,1.9400
US,2019-11-08,30Y,2.4300
US,2019-11-12,2Y,1.6600
US,2019-11-12,5Y,1.7300
US,2019-11-12,10Y,1.9200
US,2019-11-12,30Y,2.3900
US,2019-11-13,2Y,1.6300
US,2019-11-13,5Y,1.6900
US,2019-11-13,10Y,1.8800
US,2019-11-13,30Y,2.3600
US,2019-11-14,2Y,1.5800
US,2019-11-14,5Y,1.6300
US,2019-11-14,10Y,1.8200
US,2019-11-14,30Y,2.3100
US,2019-11-15,2Y,1.6100
US,2019-11-15,5Y,1.6500
US,2019-11-15,10Y,1.8400
US,2019-11-15,30Y,2.3100
US,2019-11-18,2Y,1.6000
US,2019-11-18,5Y,1.6300
US,2019-11-18,10Y,1.8100
US,2019-11-18,30Y,2.3000
US,2019-11-19,2Y,1.6000
US,2019-11-19,5Y,1.6300
US,2019-11-19,10Y,1.7900
US,2019-11-19,30Y,2.2600
US,2019-11-20,2Y,1.5600
US,2019-11-20,5Y,1.5800
US,2019-11-20,10Y,1.7300
US,2019-11-20,30Y,2.2000
US,2019-11-21,2Y,1.6000
US,2019-11-21,5Y,1.6200
US,2019-11-21,10Y,1.7700
US,2019-11-21,30Y,2.2400
US,2019-11-22,2Y,1.6100
US,2019-11-22,5Y,1.6200
US,2019-11-22,10Y,1.7700
US,2019-11-22,30Y,2.2200
US,2019-11-25,2Y,1.6100
US,2019-11-25,5Y,1.6200
US,2019-11-25,10Y,1.7600
US,2019-11-25,30Y,2.2100
US,2019-11-26,2Y,1.5800
US,2019-11-26,5Y,1.5800
US,2019-11-26,10Y,1.7400
US,2019-11-26,30Y,2.1800
US,2019-11-27,2Y,1.6300
US,2019-11-27,5Y,1.6300
US,2019-11-27,10Y,1.7700
US,2019-11-27,30Y,2.1900
US,2019-11-29,2Y,1.6100
US,2019-11-29,5Y,1.6200
US,2019-11-29,10Y,1.7800
US,2019-11-29,30Y,2.2100
US,2019-12-02,2Y,1.6100
US,2019-12-02,5Y,1.6500
US,2019-12-02,10Y,1.8300
US,2019-12-02,30Y,2.2800
US,2019-12-03,2Y,1.5300
US,2019-12-03,5Y,1.5400
US,2019-12-03,10Y,1.7200
US,2019-12-03,30Y,2.1700
US,2019-12-04,2Y,1.5800
US,2019-12-04,5Y,1.6000
US,2019-12-04,10Y,1.7700
US,2019-12-04,30Y,2.2200
US,2019-12-05,2Y,1.5800
US,2019-12-05,5Y,1.6200
US,2019-12-05,10Y,1.8000
US,2019-12-05,30Y,2.2400
US,2019-12-06,2Y,1.6100
US,2019-12-06,5Y,1.6700
US,2019-12-06,10Y,1.8400
US,2019-12-06,30Y,2.2900
US,2019-12-09,2Y,1.6300
US,2019-12-09,5Y,1.6700
US,2019-12-09,10Y,1.8300
US,2019-12-09,30Y,2.2700
US,2019-12-10,2Y,1.6500
US,2019-12-10,5Y,1.6800
US,2019-12-10,10Y,1.8500
US,2019-12-10,30Y,2.2600
US,2019-12-11,2Y,1.6100
US,2019-12-11,5Y,1.6400
US,2019-12-11,10Y,1.7900
US,2019-12-11,30Y,2.2300
US,2019-12-12,2Y,1.6600
US,2019-12-12,5Y,1.7300
US,2019-12-12,10Y,1.9000
US,2019-12-12,30Y,2.3200
US,2019-12-13,2Y,1.6100
US,2019-12-13,5Y,1.6600
US,2019-12-13,10Y,1.8200
US,2019-12-13,30Y,2.2600
US,2019-12-16,2Y,1.6500
US,2019-12-16,5Y,1.7200
US,2019-12-16,10Y,1.8900
US,2019-12-16,30Y,2.3000
US,2019-12-17,2Y,1.6300
US,2019-12-17,5Y,1.7100
US,2019-12-17,10Y,1.8900
US,2019-12-17,30Y,2.3100
US,2019-12-18,2Y,1.6300
US,2019-12-18,5Y,1.7400
US,2019-12-18,10Y,1.9200
US,2019-12-18,30Y,2.3500
US,2019-12-19,2Y,1.6200
US,2019-12-19,5Y,1.7300
US,2019-12-19,10Y,1.9200
US,2019-12-19,30Y,2.3500
US,2019-12-20,2Y,1.6300
US,2019-12-20,5Y,1.7300
US,2019-12-20,10Y,1.9200
US,2019-12-20,30Y,2.3400
US,2019-12-23,2Y,1.6400
US,2019-12-23,5Y,1.7500
US,2019-12-23,10Y,1.9300
US,2019-12-23,30Y,2.3500
US,2019-12-24,2Y,1.6200
US,2019-12-24,5Y,1.7200
US,2019-12-24,10Y,1.9000
US,2019-12-24,30Y,2.3300
US,2019-12-26,2Y,1.6400
US,2019-12-26,5Y,1.7200
US,2019-12-26,10Y,1.9000
US,2019-12-26,30Y,2.3300
US,2019-12-27,2Y,1.5900
US,2019-12-27,5Y,1.6800
US,2019-12-27,10Y,1.8800
US,2019-12-27,30Y,2.3200
US,2019-12-30,2Y,1.5800
US,2019-12-30,5Y,1.6800
US,2019-12-30,10Y,1.9000
US,2019-12-30,30Y,2.3400
US,2019-12-31,2Y,1.5800
US,2019-12-31,5Y,1.6900
US,2019-12-31,10Y,1.9200
US,2019-12-31,30Y,2.3900
US,2020-01-02,2Y,1.5800
US,2020-01-02,5Y,1.6700
US,2020-01-02,10Y,1.8800
US,2020-01-02,30Y,2.3300
US,2020-01-03,2Y,1.5300
US,2020-01-03,5Y,1.5900
US,2020-01-03,10Y,1.8000
US,2020-01-03,30Y,2.2600
US,2020-01-06,2Y,1.5400
US,2020-01-06,5Y,1.6100
US,2020-01-06,10Y,1.8100
US,2020-01-06,30Y,2.2800
US,2020-01-07,2Y,1.5400
US,2020-01-07,5Y,1.6200
US,2020-01-07,10Y,1.8300
US,2020-01-07,30Y,2.3100
US,2020-01-08,2Y,1.5800
US,2020-01-08,5Y,1.6700
US,2020-01-08,10Y,1.8700
US,2020-01-08,30Y,2.3500
US,2020-01-09,2Y,1.5800
US,2020-01-09,5Y,1.6500
US,2020-01-09,10Y,1.8500
US,2020-01-09,30Y,2.3800
US,2020-01-10,2Y,1.5600
US,2020-01-10,5Y,1.6300
US,2020-01-10,10Y,1.8300
US,2020-01-10,30Y,2.2800
US,2020-01-13,2Y,1.5800
US,2020-01-13,5Y,1.6500
US,2020-01-13,10Y,1.8500
US,2020-01-13,30Y,2.3000
US,2020-01-14,2Y,1.5800
US,2020-01-14,5Y,1.6300
US,2020-01-14,10Y,1.8200
US,2020-01-14,30Y,2.2700
US,2020-01-15,2Y,1.5600
US,2020-01-15,5Y,1.6000
US,2020-01-15,10Y,1.7900
US,2020-01-15,30Y,2.2300
US,2020-01-16,2Y,1.5800
US,2020-01-16,5Y,1.6300
US,2020-01-16,10Y,1.8100
US,2020-01-16,30Y,2.2600
US,2020-01-17,2Y,1.5800
US,2020-01-17,5Y,1.6300
US,2020-01-17,10Y,1.8400
US,2020-01-17,30Y,2.2900
US,2020-01-21,2Y,1.5300
US,2020-01-21,5Y,1.5700
US,2020-01-21,10Y,1.7800
US,2020-01-21,30Y,2.2300
US,2020-01-22,2Y,1.5300
US,2020-01-22,5Y,1.5700
US,2020-01-22,10Y,1.7700
US,2020-01-22,30Y,2.2200
US,2020-01-23,2Y,1.5100
US,2020-01-23,5Y,1.5500
US,2020-01-23,10Y,1.7400
US,2020-01-23,30Y,2.1800
US,2020-01-24,2Y,1.4900
US,2020-01-24,5Y,1.5100
US,2020-01-24,10Y,1.7000
US,2020-01-24,30Y,2.1400
US,2020-01-27,2Y,1.4400
US,2020-01-27,5Y,1.4400
US,2020-01-27,10Y,1.6100
US,2020-01-27,30Y,2.0500
US,2020-01-28,2Y,1.4500
US,2020-01-28,5Y,1.4700
US,2020-01-28,10Y,1.6500
US,2020-01-28,30Y,2.1000
US,2020-01-29,2Y,1.4200
US,2020-01-29,5Y,1.4100
US,2020-01-29,10Y,1.6000
US,2020-01-29,30Y,2.0500
US,2020-01-30,2Y,1.4100
US,2020-01-30,5Y,1.3900
US,2020-01-30,10Y,1.5700
US,2020-01-30,30Y,2.0400
US,2020-01-31,2Y,1.3300
US,2020-01-31,5Y,1.3200
US,2020-01-31,10Y,1.5100
US,2020-01-31,30Y,1.9900
US,2020-02-03,2Y,1.3600
US,2020-02-03,5Y,1.3500
US,2020-02-03,10Y,1.5400
US,2020-02-03,30Y,2.0100
US,2020-02-04,2Y,1.4100
US,2020-02-04,5Y,1.4200
US,2020-02-04,10Y,1.6100
US,2020-02-04,30Y,2.0800
US,2020-02-05,2Y,1.4400
US,2020-02-05,5Y,1.4600
US,2020-02-05,10Y,1.6600
US,2020-02-05,30Y,2.1400
US,2020-02-06,2Y,1.4400
US,2020-02-06,5Y,1.4500
US,2020-02-06,10Y,1.6500
US,2020-02-06,30Y,2.1100
US,2020-02-07,2Y,1.4100
US,2020-02-07,5Y,1.4100
US,2020-02-07,10Y,1.5900
US,2020-02-07,30Y,2.0500
US,2020-02-10,2Y,1.3700
US,2020-02-10,5Y,1.3800
US,2020-02-10,10Y,1.5600
US,2020-02-10,30Y,2.0300
US,2020-02-11,2Y,1.4100
US,2020-02-11,5Y,1.4000
US,2020-02-11,10Y,1.5900
US,2020-02-11,30Y,2.0500
US,2020-02-12,2Y,1.4400
US,2020-02-12,5Y,1.4500
US,2020-02-12,10Y,1.6200
US,2020-02-12,30Y,2.0900
US,2020-02-13,2Y,1.4400
US,2020-02-13,5Y,1.4300
US,2020-02-13,10Y,1.6100
US,2020-02-13,30Y,2.0700
US,2020-02-14,2Y,1.4200
US,2020-02-14,5Y,1.4200
US,2020-02-14,10Y,1.5900
US,2020-02-14,30Y,2.0400
US,2020-02-18,2Y,1.4100
US,2020-02-18,5Y,1.3900
US,2020-02-18,10Y,1.5500
US,2020-02-18,30Y,2.0000
US,2020-02-19,2Y,1.4200
US,2020-02-19,5Y,1.4100
US,2020-02-19,10Y,1.5600
US,2020-02-19,30Y,2.0100
US,2020-02-20,2Y,1.3900
US,2020-02-20,5Y,1.3700
US,2020-02-20,10Y,1.5200
US,2020-02-20,30Y,1.9700
US,2020-02-21,2Y,1.3400
US,2020-02-21,5Y,1.3000
US,2020-02-21,10Y,1.4600
US,2020-02-21,30Y,1.9000
US,2020-02-24,2Y,1.2600
US,2020-02-24,5Y,1.2100
US,2020-02-24,10Y,1.3800
US,2020-02-24,30Y,1.8400
US,2020-02-25,2Y,1.2000
US,2020-02-25,5Y,1.1600
US,2020-02-25,10Y,1.3300
US,2020-02-25,30Y,1.8000
US,2020-02-26,2Y,1.1600
US,2020-02-26,5Y,1.1400
US,2020-02-26,10Y,1.3300
US,2020-02-26,30Y,1.8100
US,2020-02-27,2Y,1.1100
US,2020-02-27,5Y,1.1100
US,2020-02-27,10Y,1.3000
US,2020-02-27,30Y,1.7900
US,2020-02-28,2Y,0.8600
US,2020-02-28,5Y,0.8900
US,2020-02-28,10Y,1.1300
US,2020-02-28,30Y,1.6500
US,2020-03-02,2Y,0.8400
US,2020-03-02,5Y,0.8800
US,2020-03-02,10Y,1.1000
US,2020-03-02,30Y,1.6600
US,2020-03-03,2Y,0.7100
US,2020-03-03,5Y,0.7700
US,2020-03-03,10Y,1.0200
US,2020-03-03,30Y,1.6400
US,2020-03-04,2Y,0.6700
US,2020-03-04,5Y,0.7500
US,2020-03-04,10Y,1.0200
US,2020-03-04,30Y,1.6700
US,2020-03-05,2Y,0.5900
US,2020-03-05,5Y,0.6700
US,2020-03-05,10Y,0.9200
US,2020-03-05,30Y,1.5600
US,2020-03-06,2Y,0.4900
US,2020-03-06,5Y,0.5800
US,2020-03-06,10Y,0.7400
US,2020-03-06,30Y,1.2500
US,2020-03-09,2Y,0.3800
US,2020-03-09,5Y,0.4600
US,2020-03-09,10Y,0.5400
US,2020-03-09,30Y,0.9900
US,2020-03-10,2Y,0.5000
US,2020-03-10,5Y,0.6300
US,2020-03-10,10Y,0.7600
US,2020-03-10,30Y,1.2800
US,2020-03-11,2Y,0.5000
US,2020-03-11,5Y,0.6600
US,2020-03-11,10Y,0.8200
US,2020-03-11,30Y,1.3000
US,2020-03-12,2Y,0.5000
US,2020-03-12,5Y,0.6600
US,2020-03-12,10Y,0.8800
US,2020-03-12,30Y,1.4900
US,2020-03-13,2Y,0.4900
US,2020-03-13,5Y,0.7000
US,2020-03-13,10Y,0.9400
US,2020-03-13,30Y,1.5600
US,2020-03-16,2Y,0.3600
US,2020-03-16,5Y,0.4900
US,2020-03-16,10Y,0.7300
US,2020-03-16,30Y,1.3400
US,2020-03-17,2Y,0.4700
US,2020-03-17,5Y,0.6600
US,2020-03-17,10Y,1.0200
US,2020-03-17,30Y,1.6300
US,2020-03-18,2Y,0.5400
US,2020-03-18,5Y,0.7900
US,2020-03-18,10Y,1.1800
US,2020-03-18,30Y,1.7700
US,2020-03-19,2Y,0.4400
US,2020-03-19,5Y,0.6600
US,2020-03-19,10Y,1.1200
US,2020-03-19,30Y,1.7800
US,2020-03-20,2Y,0.3700
US,2020-03-20,5Y,0.5200
US,2020-03-20,10Y,0.9200
US,2020-03-20,30Y,1.5500
US,2020-03-23,2Y,0.2800
US,2020-03-23,5Y,0.3800
US,2020-03-23,10Y,0.7600
US,2020-03-23,30Y,1.3300
US,2020-03-24,2Y,0.3800
US,2020-03-24,5Y,0.5200
US,2020-03-24,10Y,0.8400
US,2020-03-24,30Y,1.3900
US,2020-03-25,2Y,0.3400
US,2020-03-25,5Y,0.5600
US,2020-03-25,10Y,0.8800
US,2020-03-25,30Y,1.4500
US,2020-03-26,2Y,0.3000
US,2020-03-26,5Y,0.5100
US,2020-03-26,10Y,0.8300
US,2020-03-26,30Y,1.4200
US,2020-03-27,2Y,0.2500
US,2020-03-27,5Y,0.4100
US,2020-03-27,10Y,0.7200
US,2020-03-27,30Y,1.2900
US,2020-03-30,2Y,0.2300
US,2020-03-30,5Y,0.3900
US,2020-03-30,10Y,0.7000
US,2020-03-30,30Y,1.3100
US,2020-03-31,2Y,0.2300
US,2020-03-31,5Y,0.3700
US,2020-03-31,10Y,0.7000
US,2020-03-31,30Y,1.3500
US,2020-04-01,2Y,0.2300
US,2020-04-01,5Y,0.3700
US,2020-04-01,10Y,0.6200
US,2020-04-01,30Y,1.2700
US,2020-04-02,2Y,0.2300
US,2020-04-02,5Y,0.3900
US,2020-04-02,10Y,0.6300
US,2020-04-02,30Y,1.2600
US,2020-04-03,2Y,0.2300
US,2020-04-03,5Y,0.3900
US,2020-04-03,10Y,0.6200
US,2020-04-03,30Y,1.2400
US,2020-04-06,2Y,0.2700
US,2020-04-06,5Y,0.4400
US,2020-04-06,10Y,0.6700
US,2020-04-06,30Y,1.2700
US,2020-04-07,2Y,0.2800
US,2020-04-07,5Y,0.4800
US,2020-04-07,10Y,0.7500
US,2020-04-07,30Y,1.3200
US,2020-04-08,2Y,0.2700
US,2020-04-08,5Y,0.4700
US,2020-04-08,10Y,0.7700
US,2020-04-08,30Y,1.3700
US,2020-04-09,2Y,0.2300
US,2020-04-09,5Y,0.4100
US,2020-04-09,10Y,0.7300
US,2020-04-09,30Y,1.3500
US,2020-04-13,2Y,0.2500
US,2020-04-13,5Y,0.4400
US,2020-04-13,10Y,0.7600
US,2020-04-13,30Y,1.3900
US,2020-04-14,2Y,0.2300
US,2020-04-14,5Y,0.4200
US,2020-04-14,10Y,0.7600
US,2020-04-14,30Y,1.4100
US,2020-04-15,2Y,0.2000
US,2020-04-15,5Y,0.3400
US,2020-04-15,10Y,0.6300
US,2020-04-15,30Y,1.2700
US,2020-04-16,2Y,0.2000
US,2020-04-16,5Y,0.3500
US,2020-04-16,10Y,0.6100
US,2020-04-16,30Y,1.2100
US,2020-04-17,2Y,0.2000
US,2020-04-17,5Y,0.3600
US,2020-04-17,10Y,0.6500
US,2020-04-17,30Y,1.2700
US,2020-04-20,2Y,0.2000
US,2020-04-20,5Y,0.3500
US,2020-04-20,10Y,0.6300
US,2020-04-20,30Y,1.2300
US,2020-04-21,2Y,0.2000
US,2020-04-21,5Y,0.3400
US,2020-04-21,10Y,0.5800
US,2020-04-21,30Y,1.1700
US,2020-04-22,2Y,0.2200
US,2020-04-22,5Y,0.3700
US,2020-04-22,10Y,0.6300
US,2020-04-22,30Y,1.2200
US,2020-04-23,2Y,0.2200
US,2020-04-23,5Y,0.3700
US,2020-04-23,10Y,0.6100
US,2020-04-23,30Y,1.1800
US,2020-04-24,2Y,0.2200
US,2020-04-24,5Y,0.3600
US,2020-04-24,10Y,0.6000
US,2020-04-24,30Y,1.1700
US,2020-04-27,2Y,0.2400
US,2020-04-27,5Y,0.4100
US,2020-04-27,10Y,0.6700
US,2020-04-27,30Y,1.2500
US,2020-04-28,2Y,0.2000
US,2020-04-28,5Y,0.3700
US,2020-04-28,10Y,0.6200
US,2020-04-28,30Y,1.2000
US,2020-04-29,2Y,0.2000
US,2020-04-29,5Y,0.3600
US,2020-04-29,10Y,0.6300
US,2020-04-29,30Y,1.2400
US,2020-04-30,2Y,0.2000
US,2020-04-30,5Y,0.3600
US,2020-04-30,10Y,0.6400
US,2020-04-30,30Y,1.2800
US,2020-05-01,2Y,0.2000
US,2020-05-01,5Y,0.3600
US,2020-05-01,10Y,0.6400
US,2020-05-01,30Y,1.2700
US,2020-05-04,2Y,0.1900
US,2020-05-04,5Y,0.3600
US,2020-05-04,10Y,0.6400
US,2020-05-04,30Y,1.2900
US,2020-05-05,2Y,0.1900
US,2020-05-05,5Y,0.3600
US,2020-05-05,10Y,0.6600
US,2020-05-05,30Y,1.3200
US,2020-05-06,2Y,0.1700
US,2020-05-06,5Y,0.3700
US,2020-05-06,10Y,0.7200
US,2020-05-06,30Y,1.4100
US,2020-05-07,2Y,0.1300
US,2020-05-07,5Y,0.2900
US,2020-05-07,10Y,0.6300
US,2020-05-07,30Y,1.3100
US,2020-05-08,2Y,0.1600
US,2020-05-08,5Y,0.3300
US,2020-05-08,10Y,0.6900
US,2020-05-08,30Y,1.3900
US,2020-05-11,2Y,0.1700
US,2020-05-11,5Y,0.3600
US,2020-05-11,10Y,0.7300
US,2020-05-11,30Y,1.4300
US,2020-05-12,2Y,0.1700
US,2020-05-12,5Y,0.3400
US,2020-05-12,10Y,0.6900
US,2020-05-12,30Y,1.3800
US,2020-05-13,2Y,0.1600
US,2020-05-13,5Y,0.3100
US,2020-05-13,10Y,0.6400
US,2020-05-13,30Y,1.3500
US,2020-05-14,2Y,0.1600
US,2020-05-14,5Y,0.3100
US,2020-05-14,10Y,0.6300
US,2020-05-14,30Y,1.3000
US,2020-05-15,2Y,0.1600
US,2020-05-15,5Y,0.3100
US,2020-05-15,10Y,0.6400
US,2020-05-15,30Y,1.3200
US,2020-05-18,2Y,0.1800
US,2020-05-18,5Y,0.3800
US,2020-05-18,10Y,0.7300
US,2020-05-18,30Y,1.4400
US,2020-05-19,2Y,0.1700
US,2020-05-19,5Y,0.3500
US,2020-05-19,10Y,0.7000
US,2020-05-19,30Y,1.4300
US,2020-05-20,2Y,0.1600
US,2020-05-20,5Y,0.3400
US,2020-05-20,10Y,0.6800
US,2020-05-20,30Y,1.4000
US,2020-05-21,2Y,0.1700
US,2020-05-21,5Y,0.3500
US,2020-05-21,10Y,0.6800
US,2020-05-21,30Y,1.4000
US,2020-05-22,2Y,0.1700
US,2020-05-22,5Y,0.3400
US,2020-05-22,10Y,0.6600
US,2020-05-22,30Y,1.3700
US,2020-05-26,2Y,0.1800
US,2020-05-26,5Y,0.3500
US,2020-05-26,10Y,0.6900
US,2020-05-26,30Y,1.4300
US,2020-05-27,2Y,0.1900
US,2020-05-27,5Y,0.3400
US,2020-05-27,10Y,0.6800
US,2020-05-27,30Y,1.4400
US,2020-05-28,2Y,0.1700
US,2020-05-28,5Y,0.3400
US,2020-05-28,10Y,0.7000
US,2020-05-28,30Y,1.4700
US,2020-05-29,2Y,0.1600
US,2020-05-29,5Y,0.3000
US,2020-05-29,10Y,0.6500
US,2020-05-29,30Y,1.4100
US,2020-06-01,2Y,0.1400
US,2020-06-01,5Y,0.3100
US,2020-06-01,10Y,0.6600
US,2020-06-01,30Y,1.4600
US,2020-06-02,2Y,0.1700
US,2020-06-02,5Y,0.3200
US,2020-06-02,10Y,0.6800
US,2020-06-02,30Y,1.4800
US,2020-06-03,2Y,0.1900
US,2020-06-03,5Y,0.3800
US,2020-06-03,10Y,0.7700
US,2020-06-03,30Y,1.5600
US,2020-06-04,2Y,0.1900
US,2020-06-04,5Y,0.4000
US,2020-06-04,10Y,0.8200
US,2020-06-04,30Y,1.6100
US,2020-06-05,2Y,0.2200
US,2020-06-05,5Y,0.4700
US,2020-06-05,10Y,0.9100
US,2020-06-05,30Y,1.6800
US,2020-06-08,2Y,0.2200
US,2020-06-08,5Y,0.4500
US,2020-06-08,10Y,0.8800
US,2020-06-08,30Y,1.6500
US,2020-06-09,2Y,0.2000
US,2020-06-09,5Y,0.4000
US,2020-06-09,10Y,0.8400
US,2020-06-09,30Y,1.5900
US,2020-06-10,2Y,0.1700
US,2020-06-10,5Y,0.3300
US,2020-06-10,10Y,0.7500
US,2020-06-10,30Y,1.5300
US,2020-06-11,2Y,0.1900
US,2020-06-11,5Y,0.3200
US,2020-06-11,10Y,0.6600
US,2020-06-11,30Y,1.4100
US,2020-06-12,2Y,0.1900
US,2020-06-12,5Y,0.3300
US,2020-06-12,10Y,0.7100
US,2020-06-12,30Y,1.4500
US,2020-06-15,2Y,0.1900
US,2020-06-15,5Y,0.3300
US,2020-06-15,10Y,0.7100
US,2020-06-15,30Y,1.4500
US,2020-06-16,2Y,0.2100
US,2020-06-16,5Y,0.3400
US,2020-06-16,10Y,0.7500
US,2020-06-16,30Y,1.5400
US,2020-06-17,2Y,0.1900
US,2020-06-17,5Y,0.3400
US,2020-06-17,10Y,0.7400
US,2020-06-17,30Y,1.5200
US,2020-06-18,2Y,0.1900
US,2020-06-18,5Y,0.3400
US,2020-06-18,10Y,0.7100
US,2020-06-18,30Y,1.4700
US,2020-06-19,2Y,0.1900
US,2020-06-19,5Y,0.3300
US,2020-06-19,10Y,0.7000
US,2020-06-19,30Y,1.4700
US,2020-06-22,2Y,0.1900
US,2020-06-22,5Y,0.3400
US,2020-06-22,10Y,0.7100
US,2020-06-22,30Y,1.4600
US,2020-06-23,2Y,0.1800
US,2020-06-23,5Y,0.3300
US,2020-06-23,10Y,0.7200
US,2020-06-23,30Y,1.4900
US,2020-06-24,2Y,0.1900
US,2020-06-24,5Y,0.3300
US,2020-06-24,10Y,0.6900
US,2020-06-24,30Y,1.4400
US,2020-06-25,2Y,0.1700
US,2020-06-25,5Y,0.3200
US,2020-06-25,10Y,0.6800
US,2020-06-25,30Y,1.4300
US,2020-06-26,2Y,0.1700
US,2020-06-26,5Y,0.3000
US,2020-06-26,10Y,0.6400
US,2020-06-26,30Y,1.3700
US,2020-06-29,2Y,0.1600
US,2020-06-29,5Y,0.2800
US,2020-06-29,10Y,0.6400
US,2020-06-29,30Y,1.3900
US,2020-06-30,2Y,0.1600
US,2020-06-30,5Y,0.2900
US,2020-06-30,10Y,0.6600
US,2020-06-30,30Y,1.4100
US,2020-07-01,2Y,0.1700
US,2020-07-01,5Y,0.3100
US,2020-07-01,10Y,0.6900
US,2020-07-01,30Y,1.4300
US,2020-07-02,2Y,0.1600
US,2020-07-02,5Y,0.2900
US,2020-07-02,10Y,0.6800
US,2020-07-02,30Y,1.4300
US,2020-07-06,2Y,0.1600
US,2020-07-06,5Y,0.3100
US,2020-07-06,10Y,0.6900
US,2020-07-06,30Y,1.4500
US,2020-07-07,2Y,0.1600
US,2020-07-07,5Y,0.2900
US,2020-07-07,10Y,0.6500
US,2020-07-07,30Y,1.3800
US,2020-07-08,2Y,0.1600
US,2020-07-08,5Y,0.3000
US,2020-07-08,10Y,0.6700
US,2020-07-08,30Y,1.3900
US,2020-07-09,2Y,0.1600
US,2020-07-09,5Y,0.2800
US,2020-07-09,10Y,0.6200
US,2020-07-09,30Y,1.3200
US,2020-07-10,2Y,0.1600
US,2020-07-10,5Y,0.3000
US,2020-07-10,10Y,0.6500
US,2020-07-10,30Y,1.3300
US,2020-07-13,2Y,0.1600
US,2020-07-13,5Y,0.3000
US,2020-07-13,10Y,0.6400
US,2020-07-13,30Y,1.3300
US,2020-07-14,2Y,0.1400
US,2020-07-14,5Y,0.2800
US,2020-07-14,10Y,0.6300
US,2020-07-14,30Y,1.3000
US,2020-07-15,2Y,0.1600
US,2020-07-15,5Y,0.2800
US,2020-07-15,10Y,0.6400
US,2020-07-15,30Y,1.3300
US,2020-07-16,2Y,0.1600
US,2020-07-16,5Y,0.2800
US,2020-07-16,10Y,0.6200
US,2020-07-16,30Y,1.3100
US,2020-07-17,2Y,0.1400
US,2020-07-17,5Y,0.2900
US,2020-07-17,10Y,0.6400
US,2020-07-17,30Y,1.3300
US,2020-07-20,2Y,0.1600
US,2020-07-20,5Y,0.2900
US,2020-07-20,10Y,0.6200
US,2020-07-20,30Y,1.3200
US,2020-07-21,2Y,0.1400
US,2020-07-21,5Y,0.2700
US,2020-07-21,10Y,0.6100
US,2020-07-21,30Y,1.3100
US,2020-07-22,2Y,0.1400
US,2020-07-22,5Y,0.2700
US,2020-07-22,10Y,0.6000
US,2020-07-22,30Y,1.2900
US,2020-07-23,2Y,0.1600
US,2020-07-23,5Y,0.2700
US,2020-07-23,10Y,0.5900
US,2020-07-23,30Y,1.2400
US,2020-07-24,2Y,0.1400
US,2020-07-24,5Y,0.2700
US,2020-07-24,10Y,0.5900
US,2020-07-24,30Y,1.2300
US,2020-07-27,2Y,0.1500
US,2020-07-27,5Y,0.3000
US,2020-07-27,10Y,0.6200
US,2020-07-27,30Y,1.2500
US,2020-07-28,2Y,0.1400
US,2020-07-28,5Y,0.2600
US,2020-07-28,10Y,0.5900
US,2020-07-28,30Y,1.2200
US,2020-07-29,2Y,0.1200
US,2020-07-29,5Y,0.2500
US,2020-07-29,10Y,0.5800
US,2020-07-29,30Y,1.2400
US,2020-07-30,2Y,0.1100
US,2020-07-30,5Y,0.2300
US,2020-07-30,10Y,0.5500
US,2020-07-30,30Y,1.2000
US,2020-07-31,2Y,0.1100
US,2020-07-31,5Y,0.2100
US,2020-07-31,10Y,0.5500
US,2020-07-31,30Y,1.2000
US,2020-08-03,2Y,0.1100
US,2020-08-03,5Y,0.2200
US,2020-08-03,10Y,0.5600
US,2020-08-03,30Y,1.2300
US,2020-08-04,2Y,0.1100
US,2020-08-04,5Y,0.1900
US,2020-08-04,10Y,0.5200
US,2020-08-04,30Y,1.1900
US,2020-08-05,2Y,0.1100
US,2020-08-05,5Y,0.2200
US,2020-08-05,10Y,0.5500
US,2020-08-05,30Y,1.2200
US,2020-08-06,2Y,0.1100
US,2020-08-06,5Y,0.2100
US,2020-08-06,10Y,0.5500
US,2020-08-06,30Y,1.2000
US,2020-08-07,2Y,0.1300
US,2020-08-07,5Y,0.2300
US,2020-08-07,10Y,0.5700
US,2020-08-07,30Y,1.2300
US,2020-08-10,2Y,0.1400
US,2020-08-10,5Y,0.2400
US,2020-08-10,10Y,0.5900
US,2020-08-10,30Y,1.2500
US,2020-08-11,2Y,0.1600
US,2020-08-11,5Y,0.2700
US,2020-08-11,10Y,0.6400
US,2020-08-11,30Y,1.3200
US,2020-08-12,2Y,0.1600
US,2020-08-12,5Y,0.3000
US,2020-08-12,10Y,0.6900
US,2020-08-12,30Y,1.3700
US,2020-08-13,2Y,0.1600
US,2020-08-13,5Y,0.3200
US,2020-08-13,10Y,0.7100
US,2020-08-13,30Y,1.4200
US,2020-08-14,2Y,0.1400
US,2020-08-14,5Y,0.2900
US,2020-08-14,10Y,0.7100
US,2020-08-14,30Y,1.4500
US,2020-08-17,2Y,0.1400
US,2020-08-17,5Y,0.2900
US,2020-08-17,10Y,0.6900
US,2020-08-17,30Y,1.4300
US,2020-08-18,2Y,0.1400
US,2020-08-18,5Y,0.2700
US,2020-08-18,10Y,0.6700
US,2020-08-18,30Y,1.4000
US,2020-08-19,2Y,0.1400
US,2020-08-19,5Y,0.2900
US,2020-08-19,10Y,0.6800
US,2020-08-19,30Y,1.4200
US,2020-08-20,2Y,0.1300
US,2020-08-20,5Y,0.2600
US,2020-08-20,10Y,0.6500
US,2020-08-20,30Y,1.3800
US,2020-08-21,2Y,0.1600
US,2020-08-21,5Y,0.2700
US,2020-08-21,10Y,0.6400
US,2020-08-21,30Y,1.3500
US,2020-08-24,2Y,0.1400
US,2020-08-24,5Y,0.2800
US,2020-08-24,10Y,0.6500
US,2020-08-24,30Y,1.3500
US,2020-08-25,2Y,0.1500
US,2020-08-25,5Y,0.3000
US,2020-08-25,10Y,0.6900
US,2020-08-25,30Y,1.3900
US,2020-08-26,2Y,0.1600
US,2020-08-26,5Y,0.2800
US,2020-08-26,10Y,0.6900
US,2020-08-26,30Y,1.4100
US,2020-08-27,2Y,0.1600
US,2020-08-27,5Y,0.3100
US,2020-08-27,10Y,0.7400
US,2020-08-27,30Y,1.5000
US,2020-08-28,2Y,0.1400
US,2020-08-28,5Y,0.2800
US,2020-08-28,10Y,0.7400
US,2020-08-28,30Y,1.5200
US,2020-08-31,2Y,0.1400
US,2020-08-31,5Y,0.2800
US,2020-08-31,10Y,0.7200
US,2020-08-31,30Y,1.4900
US,2020-09-01,2Y,0.1300
US,2020-09-01,5Y,0.2600
US,2020-09-01,10Y,0.6800
US,2020-09-01,30Y,1.4300
US,2020-09-02,2Y,0.1400
US,2020-09-02,5Y,0.2600
US,2020-09-02,10Y,0.6600
US,2020-09-02,30Y,1.3800
US,2020-09-03,2Y,0.1300
US,2020-09-03,5Y,0.2400
US,2020-09-03,10Y,0.6300
US,2020-09-03,30Y,1.3400
US,2020-09-04,2Y,0.1400
US,2020-09-04,5Y,0.3000
US,2020-09-04,10Y,0.7200
US,2020-09-04,30Y,1.4600
US,2020-09-08,2Y,0.1400
US,2020-09-08,5Y,0.2800
US,2020-09-08,10Y,0.6900
US,2020-09-08,30Y,1.4300
US,2020-09-09,2Y,0.1400
US,2020-09-09,5Y,0.2800
US,2020-09-09,10Y,0.7100
US,2020-09-09,30Y,1.4500
US,2020-09-10,2Y,0.1400
US,2020-09-10,5Y,0.2600
US,2020-09-10,10Y,0.6800
US,2020-09-10,30Y,1.4300
US,2020-09-11,2Y,0.1300
US,2020-09-11,5Y,0.2600
US,2020-09-11,10Y,0.6700
US,2020-09-11,30Y,1.4200
US,2020-09-14,2Y,0.1400
US,2020-09-14,5Y,0.2700
US,2020-09-14,10Y,0.6800
US,2020-09-14,30Y,1.4200
US,2020-09-15,2Y,0.1400
US,2020-09-15,5Y,0.2700
US,2020-09-15,10Y,0.6800
US,2020-09-15,30Y,1.4300
US,2020-09-16,2Y,0.1400
US,2020-09-16,5Y,0.2800
US,2020-09-16,10Y,0.6900
US,2020-09-16,30Y,1.4500
US,2020-09-17,2Y,0.1300
US,2020-09-17,5Y,0.2800
US,2020-09-17,10Y,0.6900
US,2020-09-17,30Y,1.4300
US,2020-09-18,2Y,0.1400
US,2020-09-18,5Y,0.2900
US,2020-09-18,10Y,0.7000
US,2020-09-18,30Y,1.4500
US,2020-09-21,2Y,0.1400
US,2020-09-21,5Y,0.2700
US,2020-09-21,10Y,0.6800
US,2020-09-21,30Y,1.4300
US,2020-09-22,2Y,0.1300
US,2020-09-22,5Y,0.2700
US,2020-09-22,10Y,0.6800
US,2020-09-22,30Y,1.4200
US,2020-09-23,2Y,0.1400
US,2020-09-23,5Y,0.2800
US,2020-09-23,10Y,0.6800
US,2020-09-23,30Y,1.4200
US,2020-09-24,2Y,0.1400
US,2020-09-24,5Y,0.2700
US,2020-09-24,10Y,0.6700
US,2020-09-24,30Y,1.4000
US,2020-09-25,2Y,0.1200
US,2020-09-25,5Y,0.2600
US,2020-09-25,10Y,0.6600
US,2020-09-25,30Y,1.4000
US,2020-09-28,2Y,0.1400
US,2020-09-28,5Y,0.2600
US,2020-09-28,10Y,0.6700
US,2020-09-28,30Y,1.4200
US,2020-09-29,2Y,0.1100
US,2020-09-29,5Y,0.2400
US,2020-09-29,10Y,0.6600
US,2020-09-29,30Y,1.4100
US,2020-09-30,2Y,0.1300
US,2020-09-30,5Y,0.2800
US,2020-09-30,10Y,0.6900
US,2020-09-30,30Y,1.4600
US,2020-10-01,2Y,0.1400
US,2020-10-01,5Y,0.2700
US,2020-10-01,10Y,0.6800
US,2020-10-01,30Y,1.4500
US,2020-10-02,2Y,0.1300
US,2020-10-02,5Y,0.2800
US,2020-10-02,10Y,0.7000
US,2020-10-02,30Y,1.4800
US,2020-10-05,2Y,0.1400
US,2020-10-05,5Y,0.3300
US,2020-10-05,10Y,0.7800
US,2020-10-05,30Y,1.5700
US,2020-10-06,2Y,0.1400
US,2020-10-06,5Y,0.3200
US,2020-10-06,10Y,0.7600
US,2020-10-06,30Y,1.5600
US,2020-10-07,2Y,0.1600
US,2020-10-07,5Y,0.3500
US,2020-10-07,10Y,0.8100
US,2020-10-07,30Y,1.6000
US,2020-10-08,2Y,0.1300
US,2020-10-08,5Y,0.3300
US,2020-10-08,10Y,0.7800
US,2020-10-08,30Y,1.5700
US,2020-10-09,2Y,0.1600
US,2020-10-09,5Y,0.3400
US,2020-10-09,10Y,0.7900
US,2020-10-09,30Y,1.5800
US,2020-10-13,2Y,0.1600
US,2020-10-13,5Y,0.3100
US,2020-10-13,10Y,0.7400
US,2020-10-13,30Y,1.5200
US,2020-10-14,2Y,0.1400
US,2020-10-14,5Y,0.3000
US,2020-10-14,10Y,0.7300
US,2020-10-14,30Y,1.5000
US,2020-10-15,2Y,0.1400
US,2020-10-15,5Y,0.3200
US,2020-10-15,10Y,0.7400
US,2020-10-15,30Y,1.5200
US,2020-10-16,2Y,0.1400
US,2020-10-16,5Y,0.3200
US,2020-10-16,10Y,0.7600
US,2020-10-16,30Y,1.5200
US,2020-10-19,2Y,0.1600
US,2020-10-19,5Y,0.3400
US,2020-10-19,10Y,0.7800
US,2020-10-19,30Y,1.5500
US,2020-10-20,2Y,0.1400
US,2020-10-20,5Y,0.3400
US,2020-10-20,10Y,0.8100
US,2020-10-20,30Y,1.6000
US,2020-10-21,2Y,0.1400
US,2020-10-21,5Y,0.3600
US,2020-10-21,10Y,0.8300
US,2020-10-21,30Y,1.6200
US,2020-10-22,2Y,0.1600
US,2020-10-22,5Y,0.3800
US,2020-10-22,10Y,0.8700
US,2020-10-22,30Y,1.6700
US,2020-10-23,2Y,0.1800
US,2020-10-23,5Y,0.3700
US,2020-10-23,10Y,0.8500
US,2020-10-23,30Y,1.6400
US,2020-10-26,2Y,0.1600
US,2020-10-26,5Y,0.3500
US,2020-10-26,10Y,0.8100
US,2020-10-26,30Y,1.5900
US,2020-10-27,2Y,0.1600
US,2020-10-27,5Y,0.3400
US,2020-10-27,10Y,0.7900
US,2020-10-27,30Y,1.5700
US,2020-10-28,2Y,0.1600
US,2020-10-28,5Y,0.3400
US,2020-10-28,10Y,0.7900
US,2020-10-28,30Y,1.5600
US,2020-10-29,2Y,0.1600
US,2020-10-29,5Y,0.3800
US,2020-10-29,10Y,0.8500
US,2020-10-29,30Y,1.6200
US,2020-10-30,2Y,0.1400
US,2020-10-30,5Y,0.3800
US,2020-10-30,10Y,0.8800
US,2020-10-30,30Y,1.6500
US,2020-11-02,2Y,0.1600
US,2020-11-02,5Y,0.3800
US,2020-11-02,10Y,0.8700
US,2020-11-02,30Y,1.6300
US,2020-11-03,2Y,0.1700
US,2020-11-03,5Y,0.3900
US,2020-11-03,10Y,0.9000
US,2020-11-03,30Y,1.6600
US,2020-11-04,2Y,0.1400
US,2020-11-04,5Y,0.3300
US,2020-11-04,10Y,0.7800
US,2020-11-04,30Y,1.5500
US,2020-11-05,2Y,0.1400
US,2020-11-05,5Y,0.3300
US,2020-11-05,10Y,0.7900
US,2020-11-05,30Y,1.5400
US,2020-11-06,2Y,0.1600
US,2020-11-06,5Y,0.3600
US,2020-11-06,10Y,0.8300
US,2020-11-06,30Y,1.6000
US,2020-11-09,2Y,0.1700
US,2020-11-09,5Y,0.4400
US,2020-11-09,10Y,0.9600
US,2020-11-09,30Y,1.7300
US,2020-11-10,2Y,0.1900
US,2020-11-10,5Y,0.4600
US,2020-11-10,10Y,0.9800
US,2020-11-10,30Y,1.7500
US,2020-11-12,2Y,0.1700
US,2020-11-12,5Y,0.4000
US,2020-11-12,10Y,0.8800
US,2020-11-12,30Y,1.6400
US,2020-11-13,2Y,0.1700
US,2020-11-13,5Y,0.4100
US,2020-11-13,10Y,0.8900
US,2020-11-13,30Y,1.6500
US,2020-11-16,2Y,0.1900
US,2020-11-16,5Y,0.4100
US,2020-11-16,10Y,0.9100
US,2020-11-16,30Y,1.6600
US,2020-11-17,2Y,0.1800
US,2020-11-17,5Y,0.3900
US,2020-11-17,10Y,0.8700
US,2020-11-17,30Y,1.6200
US,2020-11-18,2Y,0.1600
US,2020-11-18,5Y,0.4000
US,2020-11-18,10Y,0.8800
US,2020-11-18,30Y,1.6200
US,2020-11-19,2Y,0.1800
US,2020-11-19,5Y,0.3900
US,2020-11-19,10Y,0.8600
US,2020-11-19,30Y,1.5800
US,2020-11-20,2Y,0.1600
US,2020-11-20,5Y,0.3800
US,2020-11-20,10Y,0.8300
US,2020-11-20,30Y,1.5300
US,2020-11-23,2Y,0.1600
US,2020-11-23,5Y,0.3900
US,2020-11-23,10Y,0.8600
US,2020-11-23,30Y,1.5600
US,2020-11-24,2Y,0.1600
US,2020-11-24,5Y,0.3900
US,2020-11-24,10Y,0.8800
US,2020-11-24,30Y,1.6000
US,2020-11-25,2Y,0.1700
US,2020-11-25,5Y,0.3900
US,2020-11-25,10Y,0.8800
US,2020-11-25,30Y,1.6200
US,2020-11-27,2Y,0.1600
US,2020-11-27,5Y,0.3700
US,2020-11-27,10Y,0.8400
US,2020-11-27,30Y,1.5700
US,2020-11-30,2Y,0.1600
US,2020-11-30,5Y,0.3600
US,2020-11-30,10Y,0.8400
US,2020-11-30,30Y,1.5800
US,2020-12-01,2Y,0.1700
US,2020-12-01,5Y,0.4200
US,2020-12-01,10Y,0.9200
US,2020-12-01,30Y,1.6600
US,2020-12-02,2Y,0.1600
US,2020-12-02,5Y,0.4200
US,2020-12-02,10Y,0.9500
US,2020-12-02,30Y,1.7000
US,2020-12-03,2Y,0.1600
US,2020-12-03,5Y,0.4000
US,2020-12-03,10Y,0.9200
US,2020-12-03,30Y,1.6700
US,2020-12-04,2Y,0.1600
US,2020-12-04,5Y,0.4200
US,2020-12-04,10Y,0.9700
US,2020-12-04,30Y,1.7300
US,2020-12-07,2Y,0.1400
US,2020-12-07,5Y,0.4000
US,2020-12-07,10Y,0.9400
US,2020-12-07,30Y,1.6900
US,2020-12-08,2Y,0.1400
US,2020-12-08,5Y,0.3900
US,2020-12-08,10Y,0.9200
US,2020-12-08,30Y,1.6700
US,2020-12-09,2Y,0.1600
US,2020-12-09,5Y,0.4100
US,2020-12-09,10Y,0.9500
US,2020-12-09,30Y,1.6900
US,2020-12-10,2Y,0.1400
US,2020-12-10,5Y,0.3900
US,2020-12-10,10Y,0.9200
US,2020-12-10,30Y,1.6500
US,2020-12-11,2Y,0.1100
US,2020-12-11,5Y,0.3700
US,2020-12-11,10Y,0.9000
US,2020-12-11,30Y,1.6300
US,2020-12-14,2Y,0.1300
US,2020-12-14,5Y,0.3700
US,2020-12-14,10Y,0.9000
US,2020-12-14,30Y,1.6300
US,2020-12-15,2Y,0.1100
US,2020-12-15,5Y,0.3700
US,2020-12-15,10Y,0.9200
US,2020-12-15,30Y,1.6500
US,2020-12-16,2Y,0.1300
US,2020-12-16,5Y,0.3700
US,2020-12-16,10Y,0.9200
US,2020-12-16,30Y,1.6600
US,2020-12-17,2Y,0.1300
US,2020-12-17,5Y,0.3800
US,2020-12-17,10Y,0.9400
US,2020-12-17,30Y,1.6800
US,2020-12-18,2Y,0.1300
US,2020-12-18,5Y,0.3900
US,2020-12-18,10Y,0.9500
US,2020-12-18,30Y,1.7000
US,2020-12-21,2Y,0.1300
US,2020-12-21,5Y,0.3900
US,2020-12-21,10Y,0.9500
US,2020-12-21,30Y,1.6800
US,2020-12-22,2Y,0.1300
US,2020-12-22,5Y,0.3700
US,2020-12-22,10Y,0.9300
US,2020-12-22,30Y,1.6500
US,2020-12-23,2Y,0.1300
US,2020-12-23,5Y,0.3800
US,2020-12-23,10Y,0.9600
US,2020-12-23,30Y,1.7000
US,2020-12-24,2Y,0.1300
US,2020-12-24,5Y,0.3700
US,2020-12-24,10Y,0.9400
US,2020-12-24,30Y,1.6600
US,2020-12-28,2Y,0.1300
US,2020-12-28,5Y,0.3800
US,2020-12-28,10Y,0.9400
US,2020-12-28,30Y,1.6700
US,2020-12-29,2Y,0.1200
US,2020-12-29,5Y,0.3700
US,2020-12-29,10Y,0.9400
US,2020-12-29,30Y,1.6700
US,2020-12-30,2Y,0.1200
US,2020-12-30,5Y,0.3700
US,2020-12-30,10Y,0.9300
US,2020-12-30,30Y,1.6600
US,2020-12-31,2Y,0.1300
US,2020-12-31,5Y,0.3600
US,2020-12-31,10Y,0.9300
US,2020-12-31,30Y,1.6500
US,2021-01-04,2Y,0.1100
US,2021-01-04,5Y,0.3600
US,2021-01-04,10Y,0.9300
US,2021-01-04,30Y,1.6600
US,2021-01-05,2Y,0.1300
US,2021-01-05,5Y,0.3800
US,2021-01-05,10Y,0.9600
US,2021-01-05,30Y,1.7000
US,2021-01-06,2Y,0.1400
US,2021-01-06,5Y,0.4300
US,2021-01-06,10Y,1.0400
US,2021-01-06,30Y,1.8100
US,2021-01-07,2Y,0.1400
US,2021-01-07,5Y,0.4600
US,2021-01-07,10Y,1.0800
US,2021-01-07,30Y,1.8500
US,2021-01-08,2Y,0.1400
US,2021-01-08,5Y,0.4900
US,2021-01-08,10Y,1.1300
US,2021-01-08,30Y,1.8700
US,2021-01-11,2Y,0.1400
US,2021-01-11,5Y,0.5000
US,2021-01-11,10Y,1.1500
US,2021-01-11,30Y,1.8800
US,2021-01-12,2Y,0.1400
US,2021-01-12,5Y,0.5000
US,2021-01-12,10Y,1.1500
US,2021-01-12,30Y,1.8800
US,2021-01-13,2Y,0.1400
US,2021-01-13,5Y,0.4800
US,2021-01-13,10Y,1.1000
US,2021-01-13,30Y,1.8200
US,2021-01-14,2Y,0.1600
US,2021-01-14,5Y,0.4900
US,2021-01-14,10Y,1.1500
US,2021-01-14,30Y,1.8800
US,2021-01-15,2Y,0.1300
US,2021-01-15,5Y,0.4600
US,2021-01-15,10Y,1.1100
US,2021-01-15,30Y,1.8500
US,2021-01-19,2Y,0.1400
US,2021-01-19,5Y,0.4500
US,2021-01-19,10Y,1.1000
US,2021-01-19,30Y,1.8400
US,2021-01-20,2Y,0.1300
US,2021-01-20,5Y,0.4500
US,2021-01-20,10Y,1.1000
US,2021-01-20,30Y,1.8400
US,2021-01-21,2Y,0.1300
US,2021-01-21,5Y,0.4500
US,2021-01-21,10Y,1.1200
US,2021-01-21,30Y,1.8700
US,2021-01-22,2Y,0.1300
US,2021-01-22,5Y,0.4400
US,2021-01-22,10Y,1.1000
US,2021-01-22,30Y,1.8500
US,2021-01-25,2Y,0.1300
US,2021-01-25,5Y,0.4200
US,2021-01-25,10Y,1.0500
US,2021-01-25,30Y,1.8000
US,2021-01-26,2Y,0.1100
US,2021-01-26,5Y,0.4200
US,2021-01-26,10Y,1.0500
US,2021-01-26,30Y,1.8000
US,2021-01-27,2Y,0.1200
US,2021-01-27,5Y,0.4100
US,2021-01-27,10Y,1.0400
US,2021-01-27,30Y,1.7900
US,2021-01-28,2Y,0.1200
US,2021-01-28,5Y,0.4200
US,2021-01-28,10Y,1.0700
US,2021-01-28,30Y,1.8100
US,2021-01-29,2Y,0.1100
US,2021-01-29,5Y,0.4500
US,2021-01-29,10Y,1.1100
US,2021-01-29,30Y,1.8700
US,2021-02-01,2Y,0.1100
US,2021-02-01,5Y,0.4200
US,2021-02-01,10Y,1.0900
US,2021-02-01,30Y,1.8400
US,2021-02-02,2Y,0.1100
US,2021-02-02,5Y,0.4500
US,2021-02-02,10Y,1.1200
US,2021-02-02,30Y,1.8700
US,2021-02-03,2Y,0.1100
US,2021-02-03,5Y,0.4600
US,2021-02-03,10Y,1.1500
US,2021-02-03,30Y,1.9200
US,2021-02-04,2Y,0.1100
US,2021-02-04,5Y,0.4600
US,2021-02-04,10Y,1.1500
US,2021-02-04,30Y,1.9300
US,2021-02-05,2Y,0.0900
US,2021-02-05,5Y,0.4700
US,2021-02-05,10Y,1.1900
US,2021-02-05,30Y,1.9700
US,2021-02-08,2Y,0.1100
US,2021-02-08,5Y,0.4800
US,2021-02-08,10Y,1.1900
US,2021-02-08,30Y,1.9600
US,2021-02-09,2Y,0.1100
US,2021-02-09,5Y,0.4800
US,2021-02-09,10Y,1.1800
US,2021-02-09,30Y,1.9500
US,2021-02-10,2Y,0.1100
US,2021-02-10,5Y,0.4600
US,2021-02-10,10Y,1.1500
US,2021-02-10,30Y,1.9200
US,2021-02-11,2Y,0.1100
US,2021-02-11,5Y,0.4600
US,2021-02-11,10Y,1.1600
US,2021-02-11,30Y,1.9400
US,2021-02-12,2Y,0.1100
US,2021-02-12,5Y,0.5000
US,2021-02-12,10Y,1.2000
US,2021-02-12,30Y,2.0100
US,2021-02-16,2Y,0.1300
US,2021-02-16,5Y,0.5700
US,2021-02-16,10Y,1.3000
US,2021-02-16,30Y,2.0800
US,2021-02-17,2Y,0.1100
US,2021-02-17,5Y,0.5700
US,2021-02-17,10Y,1.2900
US,2021-02-17,30Y,2.0600
US,2021-02-18,2Y,0.1100
US,2021-02-18,5Y,0.5600
US,2021-02-18,10Y,1.2900
US,2021-02-18,30Y,2.0800
US,2021-02-19,2Y,0.1100
US,2021-02-19,5Y,0.5900
US,2021-02-19,10Y,1.3400
US,2021-02-19,30Y,2.1400
US,2021-02-22,2Y,0.1100
US,2021-02-22,5Y,0.6100
US,2021-02-22,10Y,1.3700
US,2021-02-22,30Y,2.1900
US,2021-02-23,2Y,0.1100
US,2021-02-23,5Y,0.5900
US,2021-02-23,10Y,1.3700
US,2021-02-23,30Y,2.2100
US,2021-02-24,2Y,0.1200
US,2021-02-24,5Y,0.6200
US,2021-02-24,10Y,1.3800
US,2021-02-24,30Y,2.2400
US,2021-02-25,2Y,0.1700
US,2021-02-25,5Y,0.8100
US,2021-02-25,10Y,1.5400
US,2021-02-25,30Y,2.3300
US,2021-02-26,2Y,0.1400
US,2021-02-26,5Y,0.7500
US,2021-02-26,10Y,1.4400
US,2021-02-26,30Y,2.1700
US,2021-03-01,2Y,0.1300
US,2021-03-01,5Y,0.7100
US,2021-03-01,10Y,1.4500
US,2021-03-01,30Y,2.2300
US,2021-03-02,2Y,0.1300
US,2021-03-02,5Y,0.6700
US,2021-03-02,10Y,1.4200
US,2021-03-02,30Y,2.2100
US,2021-03-03,2Y,0.1400
US,2021-03-03,5Y,0.7300
US,2021-03-03,10Y,1.4700
US,2021-03-03,30Y,2.2500
US,2021-03-04,2Y,0.1400
US,2021-03-04,5Y,0.7700
US,2021-03-04,10Y,1.5400
US,2021-03-04,30Y,2.3000
US,2021-03-05,2Y,0.1400
US,2021-03-05,5Y,0.7900
US,2021-03-05,10Y,1.5600
US,2021-03-05,30Y,2.2800
US,2021-03-08,2Y,0.1700
US,2021-03-08,5Y,0.8600
US,2021-03-08,10Y,1.5900
US,2021-03-08,30Y,2.3100
US,2021-03-09,2Y,0.1700
US,2021-03-09,5Y,0.8300
US,2021-03-09,10Y,1.5500
US,2021-03-09,30Y,2.2600
US,2021-03-10,2Y,0.1600
US,2021-03-10,5Y,0.8000
US,2021-03-10,10Y,1.5300
US,2021-03-10,30Y,2.2400
US,2021-03-11,2Y,0.1400
US,2021-03-11,5Y,0.7800
US,2021-03-11,10Y,1.5400
US,2021-03-11,30Y,2.2900
US,2021-03-12,2Y,0.1400
US,2021-03-12,5Y,0.8500
US,2021-03-12,10Y,1.6400
US,2021-03-12,30Y,2.4000
US,2021-03-15,2Y,0.1400
US,2021-03-15,5Y,0.8400
US,2021-03-15,10Y,1.6200
US,2021-03-15,30Y,2.3700
US,2021-03-16,2Y,0.1500
US,2021-03-16,5Y,0.8300
US,2021-03-16,10Y,1.6200
US,2021-03-16,30Y,2.3800
US,2021-03-17,2Y,0.1300
US,2021-03-17,5Y,0.8000
US,2021-03-17,10Y,1.6300
US,2021-03-17,30Y,2.4200
US,2021-03-18,2Y,0.1600
US,2021-03-18,5Y,0.8600
US,2021-03-18,10Y,1.7100
US,2021-03-18,30Y,2.4500
US,2021-03-19,2Y,0.1600
US,2021-03-19,5Y,0.9000
US,2021-03-19,10Y,1.7400
US,2021-03-19,30Y,2.4500
US,2021-03-22,2Y,0.1500
US,2021-03-22,5Y,0.8700
US,2021-03-22,10Y,1.6900
US,2021-03-22,30Y,2.3800
US,2021-03-23,2Y,0.1500
US,2021-03-23,5Y,0.8300
US,2021-03-23,10Y,1.6300
US,2021-03-23,30Y,2.3400
US,2021-03-24,2Y,0.1400
US,2021-03-24,5Y,0.8300
US,2021-03-24,10Y,1.6200
US,2021-03-24,30Y,2.3100
US,2021-03-25,2Y,0.1400
US,2021-03-25,5Y,0.8200
US,2021-03-25,10Y,1.6300
US,2021-03-25,30Y,2.3400
US,2021-03-26,2Y,0.1400
US,2021-03-26,5Y,0.8500
US,2021-03-26,10Y,1.6700
US,2021-03-26,30Y,2.3700
US,2021-03-29,2Y,0.1400
US,2021-03-29,5Y,0.8900
US,2021-03-29,10Y,1.7300
US,2021-03-29,30Y,2.4300
US,2021-03-30,2Y,0.1600
US,2021-03-30,5Y,0.9000
US,2021-03-30,10Y,1.7300
US,2021-03-30,30Y,2.3800
US,2021-03-31,2Y,0.1600
US,2021-03-31,5Y,0.9200
US,2021-03-31,10Y,1.7400
US,2021-03-31,30Y,2.4100
US,2021-04-01,2Y,0.1700
US,2021-04-01,5Y,0.9000
US,2021-04-01,10Y,1.6900
US,2021-04-01,30Y,2.3400
US,2021-04-02,2Y,0.1900
US,2021-04-02,5Y,0.9700
US,2021-04-02,10Y,1.7200
US,2021-04-02,30Y,2.3500
US,2021-04-05,2Y,0.1700
US,2021-04-05,5Y,0.9400
US,2021-04-05,10Y,1.7300
US,2021-04-05,30Y,2.3600
US,2021-04-06,2Y,0.1600
US,2021-04-06,5Y,0.8800
US,2021-04-06,10Y,1.6700
US,2021-04-06,30Y,2.3200
US,2021-04-07,2Y,0.1600
US,2021-04-07,5Y,0.8700
US,2021-04-07,10Y,1.6800
US,2021-04-07,30Y,2.3500
US,2021-04-08,2Y,0.1400
US,2021-04-08,5Y,0.8500
US,2021-04-08,10Y,1.6400
US,2021-04-08,30Y,2.3200
US,2021-04-09,2Y,0.1600
US,2021-04-09,5Y,0.8700
US,2021-04-09,10Y,1.6700
US,2021-04-09,30Y,2.3400
US,2021-04-12,2Y,0.1800
US,2021-04-12,5Y,0.8900
US,2021-04-12,10Y,1.6900
US,2021-04-12,30Y,2.3400
US,2021-04-13,2Y,0.1600
US,2021-04-13,5Y,0.8500
US,2021-04-13,10Y,1.6400
US,2021-04-13,30Y,2.3200
US,2021-04-14,2Y,0.1600
US,2021-04-14,5Y,0.8700
US,2021-04-14,10Y,1.6400
US,2021-04-14,30Y,2.3200
US,2021-04-15,2Y,0.1600
US,2021-04-15,5Y,0.8100
US,2021-04-15,10Y,1.5600
US,2021-04-15,30Y,2.2300
US,2021-04-16,2Y,0.1600
US,2021-04-16,5Y,0.8400
US,2021-04-16,10Y,1.5900
US,2021-04-16,30Y,2.2600
US,2021-04-19,2Y,0.1600
US,2021-04-19,5Y,0.8500
US,2021-04-19,10Y,1.6100
US,2021-04-19,30Y,2.2900
US,2021-04-20,2Y,0.1500
US,2021-04-20,5Y,0.8100
US,2021-04-20,10Y,1.5800
US,2021-04-20,30Y,2.2700
US,2021-04-21,2Y,0.1500
US,2021-04-21,5Y,0.8100
US,2021-04-21,10Y,1.5700
US,2021-04-21,30Y,2.2600
US,2021-04-22,2Y,0.1600
US,2021-04-22,5Y,0.8100
US,2021-04-22,10Y,1.5700
US,2021-04-22,30Y,2.2400
US,2021-04-23,2Y,0.1600
US,2021-04-23,5Y,0.8300
US,2021-04-23,10Y,1.5800
US,2021-04-23,30Y,2.2500
US,2021-04-26,2Y,0.1800
US,2021-04-26,5Y,0.8500
US,2021-04-26,10Y,1.5800
US,2021-04-26,30Y,2.2400
US,2021-04-27,2Y,0.1700
US,2021-04-27,5Y,0.8800
US,2021-04-27,10Y,1.6300
US,2021-04-27,30Y,2.2900
US,2021-04-28,2Y,0.1700
US,2021-04-28,5Y,0.8600
US,2021-04-28,10Y,1.6300
US,2021-04-28,30Y,2.2900
US,2021-04-29,2Y,0.1600
US,2021-04-29,5Y,0.8600
US,2021-04-29,10Y,1.6500
US,2021-04-29,30Y,2.3100
US,2021-04-30,2Y,0.1600
US,2021-04-30,5Y,0.8600
US,2021-04-30,10Y,1.6500
US,2021-04-30,30Y,2.3000
US,2021-05-03,2Y,0.1600
US,2021-05-03,5Y,0.8400
US,2021-05-03,10Y,1.6300
US,2021-05-03,30Y,2.3000
US,2021-05-04,2Y,0.1600
US,2021-05-04,5Y,0.8200
US,2021-05-04,10Y,1.6100
US,2021-05-04,30Y,2.2700
US,2021-05-05,2Y,0.1600
US,2021-05-05,5Y,0.8000
US,2021-05-05,10Y,1.5900
US,2021-05-05,30Y,2.2500
US,2021-05-06,2Y,0.1600
US,2021-05-06,5Y,0.8100
US,2021-05-06,10Y,1.5800
US,2021-05-06,30Y,2.2400
US,2021-05-07,2Y,0.1400
US,2021-05-07,5Y,0.7700
US,2021-05-07,10Y,1.6000
US,2021-05-07,30Y,2.2800
US,2021-05-10,2Y,0.1600
US,2021-05-10,5Y,0.8000
US,2021-05-10,10Y,1.6300
US,2021-05-10,30Y,2.3200
US,2021-05-11,2Y,0.1600
US,2021-05-11,5Y,0.8000
US,2021-05-11,10Y,1.6400
US,2021-05-11,30Y,2.3500
US,2021-05-12,2Y,0.1600
US,2021-05-12,5Y,0.8700
US,2021-05-12,10Y,1.6900
US,2021-05-12,30Y,2.4000
US,2021-05-13,2Y,0.1600
US,2021-05-13,5Y,0.8400
US,2021-05-13,10Y,1.6600
US,2021-05-13,30Y,2.3900
US,2021-05-14,2Y,0.1600
US,2021-05-14,5Y,0.8200
US,2021-05-14,10Y,1.6300
US,2021-05-14,30Y,2.3500
US,2021-05-17,2Y,0.1600
US,2021-05-17,5Y,0.8400
US,2021-05-17,10Y,1.6400
US,2021-05-17,30Y,2.3600
US,2021-05-18,2Y,0.1600
US,2021-05-18,5Y,0.8300
US,2021-05-18,10Y,1.6400
US,2021-05-18,30Y,2.3700
US,2021-05-19,2Y,0.1600
US,2021-05-19,5Y,0.8700
US,2021-05-19,10Y,1.6800
US,2021-05-19,30Y,2.3800
US,2021-05-20,2Y,0.1500
US,2021-05-20,5Y,0.8300
US,2021-05-20,10Y,1.6300
US,2021-05-20,30Y,2.3400
US,2021-05-21,2Y,0.1700
US,2021-05-21,5Y,0.8400
US,2021-05-21,10Y,1.6300
US,2021-05-21,30Y,2.3300
US,2021-05-24,2Y,0.1500
US,2021-05-24,5Y,0.8200
US,2021-05-24,10Y,1.6100
US,2021-05-24,30Y,2.3100
US,2021-05-25,2Y,0.1500
US,2021-05-25,5Y,0.7900
US,2021-05-25,10Y,1.5600
US,2021-05-25,30Y,2.2600
US,2021-05-26,2Y,0.1400
US,2021-05-26,5Y,0.8000
US,2021-05-26,10Y,1.5800
US,2021-05-26,30Y,2.2700
US,2021-05-27,2Y,0.1400
US,2021-05-27,5Y,0.8100
US,2021-05-27,10Y,1.6100
US,2021-05-27,30Y,2.2900
US,2021-05-28,2Y,0.1400
US,2021-05-28,5Y,0.7900
US,2021-05-28,10Y,1.5800
US,2021-05-28,30Y,2.2600
US,2021-06-01,2Y,0.1600
US,2021-06-01,5Y,0.8100
US,2021-06-01,10Y,1.6200
US,2021-06-01,30Y,2.3000
US,2021-06-02,2Y,0.1300
US,2021-06-02,5Y,0.8000
US,2021-06-02,10Y,1.5900
US,2021-06-02,30Y,2.2800
US,2021-06-03,2Y,0.1600
US,2021-06-03,5Y,0.8400
US,2021-06-03,10Y,1.6300
US,2021-06-03,30Y,2.3000
US,2021-06-04,2Y,0.1400
US,2021-06-04,5Y,0.7800
US,2021-06-04,10Y,1.5600
US,2021-06-04,30Y,2.2400
US,2021-06-07,2Y,0.1600
US,2021-06-07,5Y,0.7900
US,2021-06-07,10Y,1.5700
US,2021-06-07,30Y,2.2500
US,2021-06-08,2Y,0.1400
US,2021-06-08,5Y,0.7700
US,2021-06-08,10Y,1.5300
US,2021-06-08,30Y,2.2100
US,2021-06-09,2Y,0.1600
US,2021-06-09,5Y,0.7500
US,2021-06-09,10Y,1.5000
US,2021-06-09,30Y,2.1700
US,2021-06-10,2Y,0.1400
US,2021-06-10,5Y,0.7300
US,2021-06-10,10Y,1.4500
US,2021-06-10,30Y,2.1500
US,2021-06-11,2Y,0.1600
US,2021-06-11,5Y,0.7600
US,2021-06-11,10Y,1.4700
US,2021-06-11,30Y,2.1500
US,2021-06-14,2Y,0.1600
US,2021-06-14,5Y,0.8000
US,2021-06-14,10Y,1.5100
US,2021-06-14,30Y,2.1900
US,2021-06-15,2Y,0.1600
US,2021-06-15,5Y,0.7900
US,2021-06-15,10Y,1.5100
US,2021-06-15,30Y,2.2000
US,2021-06-16,2Y,0.2100
US,2021-06-16,5Y,0.8900
US,2021-06-16,10Y,1.5700
US,2021-06-16,30Y,2.2000
US,2021-06-17,2Y,0.2300
US,2021-06-17,5Y,0.9000
US,2021-06-17,10Y,1.5200
US,2021-06-17,30Y,2.1100
US,2021-06-18,2Y,0.2600
US,2021-06-18,5Y,0.8900
US,2021-06-18,10Y,1.4500
US,2021-06-18,30Y,2.0100
US,2021-06-21,2Y,0.2700
US,2021-06-21,5Y,0.9000
US,2021-06-21,10Y,1.5000
US,2021-06-21,30Y,2.1100
US,2021-06-22,2Y,0.2500
US,2021-06-22,5Y,0.8700
US,2021-06-22,10Y,1.4800
US,2021-06-22,30Y,2.1000
US,2021-06-23,2Y,0.2600
US,2021-06-23,5Y,0.9000
US,2021-06-23,10Y,1.5000
US,2021-06-23,30Y,2.1100
US,2021-06-24,2Y,0.2600
US,2021-06-24,5Y,0.9000
US,2021-06-24,10Y,1.4900
US,2021-06-24,30Y,2.1000
US,2021-06-25,2Y,0.2800
US,2021-06-25,5Y,0.9200
US,2021-06-25,10Y,1.5400
US,2021-06-25,30Y,2.1600
US,2021-06-28,2Y,0.2500
US,2021-06-28,5Y,0.9000
US,2021-06-28,10Y,1.4900
US,2021-06-28,30Y,2.1000
US,2021-06-29,2Y,0.2700
US,2021-06-29,5Y,0.8900
US,2021-06-29,10Y,1.4900
US,2021-06-29,30Y,2.1000
US,2021-06-30,2Y,0.2500
US,2021-06-30,5Y,0.8700
US,2021-06-30,10Y,1.4500
US,2021-06-30,30Y,2.0600
US,2021-07-01,2Y,0.2500
US,2021-07-01,5Y,0.8900
US,2021-07-01,10Y,1.4800
US,2021-07-01,30Y,2.0700
US,2021-07-02,2Y,0.2400
US,2021-07-02,5Y,0.8600
US,2021-07-02,10Y,1.4400
US,2021-07-02,30Y,2.0500
US,2021-07-06,2Y,0.2200
US,2021-07-06,5Y,0.8100
US,2021-07-06,10Y,1.3700
US,2021-07-06,30Y,2.0000
US,2021-07-07,2Y,0.2200
US,2021-07-07,5Y,0.7900
US,2021-07-07,10Y,1.3300
US,2021-07-07,30Y,1.9400
US,2021-07-08,2Y,0.1900
US,2021-07-08,5Y,0.7400
US,2021-07-08,10Y,1.3000
US,2021-07-08,30Y,1.9100
US,2021-07-09,2Y,0.2300
US,2021-07-09,5Y,0.7900
US,2021-07-09,10Y,1.3700
US,2021-07-09,30Y,1.9900
US,2021-07-12,2Y,0.2300
US,2021-07-12,5Y,0.8100
US,2021-07-12,10Y,1.3800
US,2021-07-12,30Y,2.0000
US,2021-07-13,2Y,0.2600
US,2021-07-13,5Y,0.8500
US,2021-07-13,10Y,1.4200
US,2021-07-13,30Y,2.0400
US,2021-07-14,2Y,0.2300
US,2021-07-14,5Y,0.8000
US,2021-07-14,10Y,1.3700
US,2021-07-14,30Y,1.9800
US,2021-07-15,2Y,0.2300
US,2021-07-15,5Y,0.7800
US,2021-07-15,10Y,1.3100
US,2021-07-15,30Y,1.9200
US,2021-07-16,2Y,0.2500
US,2021-07-16,5Y,0.7900
US,2021-07-16,10Y,1.3100
US,2021-07-16,30Y,1.9300
US,2021-07-19,2Y,0.2100
US,2021-07-19,5Y,0.7000
US,2021-07-19,10Y,1.1900
US,2021-07-19,30Y,1.8100
US,2021-07-20,2Y,0.2000
US,2021-07-20,5Y,0.6900
US,2021-07-20,10Y,1.2300
US,2021-07-20,30Y,1.8800
US,2021-07-21,2Y,0.2200
US,2021-07-21,5Y,0.7400
US,2021-07-21,10Y,1.3000
US,2021-07-21,30Y,1.9400
US,2021-07-22,2Y,0.2000
US,2021-07-22,5Y,0.7100
US,2021-07-22,10Y,1.2700
US,2021-07-22,30Y,1.9000
US,2021-07-23,2Y,0.2200
US,2021-07-23,5Y,0.7200
US,2021-07-23,10Y,1.3000
US,2021-07-23,30Y,1.9200
US,2021-07-26,2Y,0.2200
US,2021-07-26,5Y,0.7300
US,2021-07-26,10Y,1.2900
US,2021-07-26,30Y,1.9300
US,2021-07-27,2Y,0.2000
US,2021-07-27,5Y,0.7100
US,2021-07-27,10Y,1.2500
US,2021-07-27,30Y,1.8900
US,2021-07-28,2Y,0.2000
US,2021-07-28,5Y,0.7200
US,2021-07-28,10Y,1.2600
US,2021-07-28,30Y,1.9000
US,2021-07-29,2Y,0.2000
US,2021-07-29,5Y,0.7300
US,2021-07-29,10Y,1.2800
US,2021-07-29,30Y,1.9100
US,2021-07-30,2Y,0.1900
US,2021-07-30,5Y,0.6900
US,2021-07-30,10Y,1.2400
US,2021-07-30,30Y,1.8900
US,2021-08-02,2Y,0.1700
US,2021-08-02,5Y,0.6600
US,2021-08-02,10Y,1.2000
US,2021-08-02,30Y,1.8600
US,2021-08-03,2Y,0.1700
US,2021-08-03,5Y,0.6500
US,2021-08-03,10Y,1.1900
US,2021-08-03,30Y,1.8500
US,2021-08-04,2Y,0.1700
US,2021-08-04,5Y,0.6700
US,2021-08-04,10Y,1.1900
US,2021-08-04,30Y,1.8300
US,2021-08-05,2Y,0.2100
US,2021-08-05,5Y,0.7200
US,2021-08-05,10Y,1.2300
US,2021-08-05,30Y,1.8600
US,2021-08-06,2Y,0.2100
US,2021-08-06,5Y,0.7700
US,2021-08-06,10Y,1.3100
US,2021-08-06,30Y,1.9400
US,2021-08-09,2Y,0.2300
US,2021-08-09,5Y,0.7900
US,2021-08-09,10Y,1.3300
US,2021-08-09,30Y,1.9600
US,2021-08-10,2Y,0.2400
US,2021-08-10,5Y,0.8200
US,2021-08-10,10Y,1.3600
US,2021-08-10,30Y,1.9900
US,2021-08-11,2Y,0.2300
US,2021-08-11,5Y,0.8100
US,2021-08-11,10Y,1.3500
US,2021-08-11,30Y,1.9900
US,2021-08-12,2Y,0.2300
US,2021-08-12,5Y,0.8300
US,2021-08-12,10Y,1.3600
US,2021-08-12,30Y,2.0300
US,2021-08-13,2Y,0.2300
US,2021-08-13,5Y,0.7900
US,2021-08-13,10Y,1.2900
US,2021-08-13,30Y,1.9400
US,2021-08-16,2Y,0.2100
US,2021-08-16,5Y,0.7500
US,2021-08-16,10Y,1.2600
US,2021-08-16,30Y,1.9200
US,2021-08-17,2Y,0.2300
US,2021-08-17,5Y,0.7700
US,2021-08-17,10Y,1.2600
US,2021-08-17,30Y,1.9200
US,2021-08-18,2Y,0.2300
US,2021-08-18,5Y,0.7900
US,2021-08-18,10Y,1.2700
US,2021-08-18,30Y,1.9100
US,2021-08-19,2Y,0.2200
US,2021-08-19,5Y,0.7800
US,2021-08-19,10Y,1.2400
US,2021-08-19,30Y,1.8800
US,2021-08-20,2Y,0.2300
US,2021-08-20,5Y,0.8000
US,2021-08-20,10Y,1.2600
US,2021-08-20,30Y,1.8700
US,2021-08-23,2Y,0.2300
US,2021-08-23,5Y,0.7800
US,2021-08-23,10Y,1.2500
US,2021-08-23,30Y,1.8700
US,2021-08-24,2Y,0.2400
US,2021-08-24,5Y,0.8000
US,2021-08-24,10Y,1.2900
US,2021-08-24,30Y,1.9100
US,2021-08-25,2Y,0.2300
US,2021-08-25,5Y,0.8400
US,2021-08-25,10Y,1.3500
US,2021-08-25,30Y,1.9600
US,2021-08-26,2Y,0.2500
US,2021-08-26,5Y,0.8400
US,2021-08-26,10Y,1.3400
US,2021-08-26,30Y,1.9400
US,2021-08-27,2Y,0.2200
US,2021-08-27,5Y,0.7900
US,2021-08-27,10Y,1.3100
US,2021-08-27,30Y,1.9100
US,2021-08-30,2Y,0.2000
US,2021-08-30,5Y,0.7700
US,2021-08-30,10Y,1.2900
US,2021-08-30,30Y,1.9000
US,2021-08-31,2Y,0.2000
US,2021-08-31,5Y,0.7700
US,2021-08-31,10Y,1.3000
US,2021-08-31,30Y,1.9200
US,2021-09-01,2Y,0.2000
US,2021-09-01,5Y,0.7800
US,2021-09-01,10Y,1.3100
US,2021-09-01,30Y,1.9200
US,2021-09-02,2Y,0.2000
US,2021-09-02,5Y,0.7800
US,2021-09-02,10Y,1.2900
US,2021-09-02,30Y,1.9000
US,2021-09-03,2Y,0.2100
US,2021-09-03,5Y,0.7800
US,2021-09-03,10Y,1.3300
US,2021-09-03,30Y,1.9400
US,2021-09-07,2Y,0.2200
US,2021-09-07,5Y,0.8200
US,2021-09-07,10Y,1.3800
US,2021-09-07,30Y,1.9900
US,2021-09-08,2Y,0.2200
US,2021-09-08,5Y,0.8100
US,2021-09-08,10Y,1.3500
US,2021-09-08,30Y,1.9500
US,2021-09-09,2Y,0.2300
US,2021-09-09,5Y,0.7900
US,2021-09-09,10Y,1.3000
US,2021-09-09,30Y,1.9000
US,2021-09-10,2Y,0.2300
US,2021-09-10,5Y,0.8200
US,2021-09-10,10Y,1.3500
US,2021-09-10,30Y,1.9400
US,2021-09-13,2Y,0.2100
US,2021-09-13,5Y,0.8100
US,2021-09-13,10Y,1.3300
US,2021-09-13,30Y,1.9100
US,2021-09-14,2Y,0.2100
US,2021-09-14,5Y,0.7900
US,2021-09-14,10Y,1.2800
US,2021-09-14,30Y,1.8500
US,2021-09-15,2Y,0.2100
US,2021-09-15,5Y,0.8100
US,2021-09-15,10Y,1.3100
US,2021-09-15,30Y,1.8700
US,2021-09-16,2Y,0.2300
US,2021-09-16,5Y,0.8400
US,2021-09-16,10Y,1.3400
US,2021-09-16,30Y,1.8800
US,2021-09-17,2Y,0.2300
US,2021-09-17,5Y,0.8800
US,2021-09-17,10Y,1.3700
US,2021-09-17,30Y,1.9100
US,2021-09-20,2Y,0.2300
US,2021-09-20,5Y,0.8300
US,2021-09-20,10Y,1.3100
US,2021-09-20,30Y,1.8500
US,2021-09-21,2Y,0.2200
US,2021-09-21,5Y,0.8400
US,2021-09-21,10Y,1.3300
US,2021-09-21,30Y,1.8600
US,2021-09-22,2Y,0.2500
US,2021-09-22,5Y,0.8600
US,2021-09-22,10Y,1.3200
US,2021-09-22,30Y,1.8400
US,2021-09-23,2Y,0.2700
US,2021-09-23,5Y,0.9400
US,2021-09-23,10Y,1.4100
US,2021-09-23,30Y,1.9200
US,2021-09-24,2Y,0.2900
US,2021-09-24,5Y,0.9700
US,2021-09-24,10Y,1.4700
US,2021-09-24,30Y,1.9900
US,2021-09-27,2Y,0.3100
US,2021-09-27,5Y,0.9800
US,2021-09-27,10Y,1.4800
US,2021-09-27,30Y,1.9900
US,2021-09-28,2Y,0.3100
US,2021-09-28,5Y,1.0200
US,2021-09-28,10Y,1.5400
US,2021-09-28,30Y,2.0700
US,2021-09-29,2Y,0.3000
US,2021-09-29,5Y,1.0100
US,2021-09-29,10Y,1.5500
US,2021-09-29,30Y,2.0900
US,2021-09-30,2Y,0.2800
US,2021-09-30,5Y,0.9800
US,2021-09-30,10Y,1.5200
US,2021-09-30,30Y,2.0800
US,2021-10-01,2Y,0.2700
US,2021-10-01,5Y,0.9300
US,2021-10-01,10Y,1.4800
US,2021-10-01,30Y,2.0400
US,2021-10-04,2Y,0.2700
US,2021-10-04,5Y,0.9500
US,2021-10-04,10Y,1.4900
US,2021-10-04,30Y,2.0500
US,2021-10-05,2Y,0.2800
US,2021-10-05,5Y,0.9800
US,2021-10-05,10Y,1.5400
US,2021-10-05,30Y,2.1000
US,2021-10-06,2Y,0.3000
US,2021-10-06,5Y,0.9900
US,2021-10-06,10Y,1.5300
US,2021-10-06,30Y,2.0800
US,2021-10-07,2Y,0.3200
US,2021-10-07,5Y,1.0200
US,2021-10-07,10Y,1.5800
US,2021-10-07,30Y,2.1300
US,2021-10-08,2Y,0.3200
US,2021-10-08,5Y,1.0500
US,2021-10-08,10Y,1.6100
US,2021-10-08,30Y,2.1600
US,2021-10-12,2Y,0.3500
US,2021-10-12,5Y,1.0800
US,2021-10-12,10Y,1.5900
US,2021-10-12,30Y,2.1000
US,2021-10-13,2Y,0.3700
US,2021-10-13,5Y,1.0900
US,2021-10-13,10Y,1.5600
US,2021-10-13,30Y,2.0500
US,2021-10-14,2Y,0.3600
US,2021-10-14,5Y,1.0500
US,2021-10-14,10Y,1.5200
US,2021-10-14,30Y,2.0200
US,2021-10-15,2Y,0.4100
US,2021-10-15,5Y,1.1300
US,2021-10-15,10Y,1.5900
US,2021-10-15,30Y,2.0500
US,2021-10-18,2Y,0.4400
US,2021-10-18,5Y,1.1600
US,2021-10-18,10Y,1.5900
US,2021-10-18,30Y,2.0100
US,2021-10-19,2Y,0.4100
US,2021-10-19,5Y,1.1700
US,2021-10-19,10Y,1.6500
US,2021-10-19,30Y,2.0900
US,2021-10-20,2Y,0.4000
US,2021-10-20,5Y,1.1600
US,2021-10-20,10Y,1.6500
US,2021-10-20,30Y,2.1200
US,2021-10-21,2Y,0.4500
US,2021-10-21,5Y,1.2300
US,2021-10-21,10Y,1.6800
US,2021-10-21,30Y,2.1300
US,2021-10-22,2Y,0.4800
US,2021-10-22,5Y,1.2200
US,2021-10-22,10Y,1.6600
US,2021-10-22,30Y,2.0800
US,2021-10-25,2Y,0.4700
US,2021-10-25,5Y,1.1900
US,2021-10-25,10Y,1.6400
US,2021-10-25,30Y,2.0900
US,2021-10-26,2Y,0.4700
US,2021-10-26,5Y,1.2000
US,2021-10-26,10Y,1.6300
US,2021-10-26,30Y,2.0500
US,2021-10-27,2Y,0.5000
US,2021-10-27,5Y,1.1600
US,2021-10-27,10Y,1.5400
US,2021-10-27,30Y,1.9500
US,2021-10-28,2Y,0.5000
US,2021-10-28,5Y,1.1800
US,2021-10-28,10Y,1.5700
US,2021-10-28,30Y,1.9600
US,2021-10-29,2Y,0.4800
US,2021-10-29,5Y,1.1800
US,2021-10-29,10Y,1.5500
US,2021-10-29,30Y,1.9300
US,2021-11-01,2Y,0.5000
US,2021-11-01,5Y,1.2000
US,2021-11-01,10Y,1.5800
US,2021-11-01,30Y,1.9800
US,2021-11-02,2Y,0.4600
US,2021-11-02,5Y,1.1500
US,2021-11-02,10Y,1.5600
US,2021-11-02,30Y,1.9600
US,2021-11-03,2Y,0.4700
US,2021-11-03,5Y,1.1900
US,2021-11-03,10Y,1.6000
US,2021-11-03,30Y,2.0000
US,2021-11-04,2Y,0.4100
US,2021-11-04,5Y,1.1000
US,2021-11-04,10Y,1.5300
US,2021-11-04,30Y,1.9600
US,2021-11-05,2Y,0.3900
US,2021-11-05,5Y,1.0400
US,2021-11-05,10Y,1.4500
US,2021-11-05,30Y,1.8700
US,2021-11-08,2Y,0.4500
US,2021-11-08,5Y,1.1300
US,2021-11-08,10Y,1.5100
US,2021-11-08,30Y,1.8900
US,2021-11-09,2Y,0.4100
US,2021-11-09,5Y,1.0800
US,2021-11-09,10Y,1.4600
US,2021-11-09,30Y,1.8300
US,2021-11-10,2Y,0.5100
US,2021-11-10,5Y,1.2300
US,2021-11-10,10Y,1.5600
US,2021-11-10,30Y,1.9200
US,2021-11-12,2Y,0.5300
US,2021-11-12,5Y,1.2400
US,2021-11-12,10Y,1.5800
US,2021-11-12,30Y,1.9500
US,2021-11-15,2Y,0.5300
US,2021-11-15,5Y,1.2600
US,2021-11-15,10Y,1.6300
US,2021-11-15,30Y,2.0100
US,2021-11-16,2Y,0.5400
US,2021-11-16,5Y,1.2700
US,2021-11-16,10Y,1.6300
US,2021-11-16,30Y,2.0200
US,2021-11-17,2Y,0.5200
US,2021-11-17,5Y,1.2400
US,2021-11-17,10Y,1.6000
US,2021-11-17,30Y,2.0000
US,2021-11-18,2Y,0.5200
US,2021-11-18,5Y,1.2200
US,2021-11-18,10Y,1.5900
US,2021-11-18,30Y,1.9700
US,2021-11-19,2Y,0.5200
US,2021-11-19,5Y,1.2200
US,2021-11-19,10Y,1.5400
US,2021-11-19,30Y,1.9100
US,2021-11-22,2Y,0.6300
US,2021-11-22,5Y,1.3300
US,2021-11-22,10Y,1.6300
US,2021-11-22,30Y,1.9800
US,2021-11-23,2Y,0.6000
US,2021-11-23,5Y,1.3300
US,2021-11-23,10Y,1.6700
US,2021-11-23,30Y,2.0200
US,2021-11-24,2Y,0.6400
US,2021-11-24,5Y,1.3400
US,2021-11-24,10Y,1.6400
US,2021-11-24,30Y,1.9600
US,2021-11-26,2Y,0.5000
US,2021-11-26,5Y,1.1600
US,2021-11-26,10Y,1.4800
US,2021-11-26,30Y,1.8300
US,2021-11-29,2Y,0.5100
US,2021-11-29,5Y,1.1800
US,2021-11-29,10Y,1.5200
US,2021-11-29,30Y,1.8700
US,2021-11-30,2Y,0.5200
US,2021-11-30,5Y,1.1400
US,2021-11-30,10Y,1.4300
US,2021-11-30,30Y,1.7800
US,2021-12-01,2Y,0.5600
US,2021-12-01,5Y,1.1500
US,2021-12-01,10Y,1.4300
US,2021-12-01,30Y,1.7700
US,2021-12-02,2Y,0.6300
US,2021-12-02,5Y,1.2100
US,2021-12-02,10Y,1.4400
US,2021-12-02,30Y,1.7600
US,2021-12-03,2Y,0.6000
US,2021-12-03,5Y,1.1300
US,2021-12-03,10Y,1.3500
US,2021-12-03,30Y,1.6900
US,2021-12-06,2Y,0.6500
US,2021-12-06,5Y,1.2100
US,2021-12-06,10Y,1.4300
US,2021-12-06,30Y,1.7500
US,2021-12-07,2Y,0.7000
US,2021-12-07,5Y,1.2600
US,2021-12-07,10Y,1.4800
US,2021-12-07,30Y,1.8000
US,2021-12-08,2Y,0.6800
US,2021-12-08,5Y,1.2700
US,2021-12-08,10Y,1.5200
US,2021-12-08,30Y,1.8700
US,2021-12-09,2Y,0.7000
US,2021-12-09,5Y,1.2600
US,2021-12-09,10Y,1.4900
US,2021-12-09,30Y,1.8700
US,2021-12-10,2Y,0.6700
US,2021-12-10,5Y,1.2500
US,2021-12-10,10Y,1.4800
US,2021-12-10,30Y,1.8800
US,2021-12-13,2Y,0.6600
US,2021-12-13,5Y,1.2100
US,2021-12-13,10Y,1.4200
US,2021-12-13,30Y,1.8100
US,2021-12-14,2Y,0.6700
US,2021-12-14,5Y,1.2300
US,2021-12-14,10Y,1.4400
US,2021-12-14,30Y,1.8200
US,2021-12-15,2Y,0.6900
US,2021-12-15,5Y,1.2600
US,2021-12-15,10Y,1.4700
US,2021-12-15,30Y,1.8600
US,2021-12-16,2Y,0.6400
US,2021-12-16,5Y,1.1900
US,2021-12-16,10Y,1.4400
US,2021-12-16,30Y,1.8700
US,2021-12-17,2Y,0.6600
US,2021-12-17,5Y,1.1800
US,2021-12-17,10Y,1.4100
US,2021-12-17,30Y,1.8200
US,2021-12-20,2Y,0.6500
US,2021-12-20,5Y,1.1700
US,2021-12-20,10Y,1.4300
US,2021-12-20,30Y,1.8500
US,2021-12-21,2Y,0.7000
US,2021-12-21,5Y,1.2400
US,2021-12-21,10Y,1.4800
US,2021-12-21,30Y,1.8900
US,2021-12-22,2Y,0.6800
US,2021-12-22,5Y,1.2300
US,2021-12-22,10Y,1.4600
US,2021-12-22,30Y,1.8600
US,2021-12-23,2Y,0.7100
US,2021-12-23,5Y,1.2500
US,2021-12-23,10Y,1.5000
US,2021-12-23,30Y,1.9100
US,2021-12-27,2Y,0.7600
US,2021-12-27,5Y,1.2600
US,2021-12-27,10Y,1.4800
US,2021-12-27,30Y,1.8800
US,2021-12-28,2Y,0.7400
US,2021-12-28,5Y,1.2700
US,2021-12-28,10Y,1.4900
US,2021-12-28,30Y,1.9000
US,2021-12-29,2Y,0.7500
US,2021-12-29,5Y,1.2900
US,2021-12-29,10Y,1.5500
US,2021-12-29,30Y,1.9600
US,2021-12-30,2Y,0.7300
US,2021-12-30,5Y,1.2700
US,2021-12-30,10Y,1.5200
US,2021-12-30,30Y,1.9300
US,2021-12-31,2Y,0.7300
US,2021-12-31,5Y,1.2600
US,2021-12-31,10Y,1.5200
US,2021-12-31,30Y,1.9000
US,2022-01-03,2Y,0.7800
US,2022-01-03,5Y,1.3700
US,2022-01-03,10Y,1.6300
US,2022-01-03,30Y,2.0100
US,2022-01-04,2Y,0.7700
US,2022-01-04,5Y,1.3700
US,2022-01-04,10Y,1.6600
US,2022-01-04,30Y,2.0700
US,2022-01-05,2Y,0.8300
US,2022-01-05,5Y,1.4300
US,2022-01-05,10Y,1.7100
US,2022-01-05,30Y,2.0900
US,2022-01-06,2Y,0.8800
US,2022-01-06,5Y,1.4700
US,2022-01-06,10Y,1.7300
US,2022-01-06,30Y,2.0900
US,2022-01-07,2Y,0.8700
US,2022-01-07,5Y,1.5000
US,2022-01-07,10Y,1.7600
US,2022-01-07,30Y,2.1100
US,2022-01-10,2Y,0.9200
US,2022-01-10,5Y,1.5300
US,2022-01-10,10Y,1.7800
US,2022-01-10,30Y,2.1100
US,2022-01-11,2Y,0.9000
US,2022-01-11,5Y,1.5100
US,2022-01-11,10Y,1.7500
US,2022-01-11,30Y,2.0800
US,2022-01-12,2Y,0.9200
US,2022-01-12,5Y,1.5000
US,2022-01-12,10Y,1.7400
US,2022-01-12,30Y,2.0800
US,2022-01-13,2Y,0.9100
US,2022-01-13,5Y,1.4700
US,2022-01-13,10Y,1.7000
US,2022-01-13,30Y,2.0500
US,2022-01-14,2Y,0.9900
US,2022-01-14,5Y,1.5500
US,2022-01-14,10Y,1.7800
US,2022-01-14,30Y,2.1200
US,2022-01-18,2Y,1.0600
US,2022-01-18,5Y,1.6500
US,2022-01-18,10Y,1.8700
US,2022-01-18,30Y,2.1800
US,2022-01-19,2Y,1.0400
US,2022-01-19,5Y,1.6200
US,2022-01-19,10Y,1.8300
US,2022-01-19,30Y,2.1400
US,2022-01-20,2Y,1.0800
US,2022-01-20,5Y,1.6200
US,2022-01-20,10Y,1.8300
US,2022-01-20,30Y,2.1400
US,2022-01-21,2Y,1.0100
US,2022-01-21,5Y,1.5400
US,2022-01-21,10Y,1.7500
US,2022-01-21,30Y,2.0700
US,2022-01-24,2Y,0.9900
US,2022-01-24,5Y,1.5300
US,2022-01-24,10Y,1.7500
US,2022-01-24,30Y,2.1000
US,2022-01-25,2Y,1.0200
US,2022-01-25,5Y,1.5600
US,2022-01-25,10Y,1.7800
US,2022-01-25,30Y,2.1200
US,2022-01-26,2Y,1.1300
US,2022-01-26,5Y,1.6600
US,2022-01-26,10Y,1.8500
US,2022-01-26,30Y,2.1600
US,2022-01-27,2Y,1.1800
US,2022-01-27,5Y,1.6600
US,2022-01-27,10Y,1.8100
US,2022-01-27,30Y,2.0900
US,2022-01-28,2Y,1.1500
US,2022-01-28,5Y,1.6100
US,2022-01-28,10Y,1.7800
US,2022-01-28,30Y,2.0700
US,2022-01-31,2Y,1.1800
US,2022-01-31,5Y,1.6200
US,2022-01-31,10Y,1.7900
US,2022-01-31,30Y,2.1100
US,2022-02-01,2Y,1.1800
US,2022-02-01,5Y,1.6300
US,2022-02-01,10Y,1.8100
US,2022-02-01,30Y,2.1200
US,2022-02-02,2Y,1.1600
US,2022-02-02,5Y,1.6000
US,2022-02-02,10Y,1.7800
US,2022-02-02,30Y,2.1100
US,2022-02-03,2Y,1.1900
US,2022-02-03,5Y,1.6600
US,2022-02-03,10Y,1.8200
US,2022-02-03,30Y,2.1400
US,2022-02-04,2Y,1.3100
US,2022-02-04,5Y,1.7800
US,2022-02-04,10Y,1.9300
US,2022-02-04,30Y,2.2300
US,2022-02-07,2Y,1.3000
US,2022-02-07,5Y,1.7600
US,2022-02-07,10Y,1.9200
US,2022-02-07,30Y,2.2200
US,2022-02-08,2Y,1.3500
US,2022-02-08,5Y,1.8100
US,2022-02-08,10Y,1.9600
US,2022-02-08,30Y,2.2500
US,2022-02-09,2Y,1.3600
US,2022-02-09,5Y,1.8200
US,2022-02-09,10Y,1.9400
US,2022-02-09,30Y,2.2500
US,2022-02-10,2Y,1.6100
US,2022-02-10,5Y,1.9600
US,2022-02-10,10Y,2.0300
US,2022-02-10,30Y,2.3000
US,2022-02-11,2Y,1.5000
US,2022-02-11,5Y,1.8400
US,2022-02-11,10Y,1.9200
US,2022-02-11,30Y,2.2400
US,2022-02-14,2Y,1.5800
US,2022-02-14,5Y,1.9000
US,2022-02-14,10Y,1.9800
US,2022-02-14,30Y,2.2900
US,2022-02-15,2Y,1.5800
US,2022-02-15,5Y,1.9400
US,2022-02-15,10Y,2.0500
US,2022-02-15,30Y,2.3700
US,2022-02-16,2Y,1.5200
US,2022-02-16,5Y,1.9000
US,2022-02-16,10Y,2.0300
US,2022-02-16,30Y,2.3400
US,2022-02-17,2Y,1.4900
US,2022-02-17,5Y,1.8500
US,2022-02-17,10Y,1.9700
US,2022-02-17,30Y,2.3100
US,2022-02-18,2Y,1.4700
US,2022-02-18,5Y,1.8200
US,2022-02-18,10Y,1.9200
US,2022-02-18,30Y,2.2400
US,2022-02-22,2Y,1.5600
US,2022-02-22,5Y,1.8500
US,2022-02-22,10Y,1.9400
US,2022-02-22,30Y,2.2400
US,2022-02-23,2Y,1.5800
US,2022-02-23,5Y,1.8900
US,2022-02-23,10Y,1.9900
US,2022-02-23,30Y,2.2900
US,2022-02-24,2Y,1.5400
US,2022-02-24,5Y,1.8400
US,2022-02-24,10Y,1.9600
US,2022-02-24,30Y,2.2800
US,2022-02-25,2Y,1.5500
US,2022-02-25,5Y,1.8600
US,2022-02-25,10Y,1.9700
US,2022-02-25,30Y,2.2900
US,2022-02-28,2Y,1.4400
US,2022-02-28,5Y,1.7100
US,2022-02-28,10Y,1.8300
US,2022-02-28,30Y,2.1700
US,2022-03-01,2Y,1.3100
US,2022-03-01,5Y,1.5600
US,2022-03-01,10Y,1.7200
US,2022-03-01,30Y,2.1100
US,2022-03-02,2Y,1.5000
US,2022-03-02,5Y,1.7400
US,2022-03-02,10Y,1.8600
US,2022-03-02,30Y,2.2400
US,2022-03-03,2Y,1.5300
US,2022-03-03,5Y,1.7400
US,2022-03-03,10Y,1.8600
US,2022-03-03,30Y,2.2400
US,2022-03-04,2Y,1.5000
US,2022-03-04,5Y,1.6500
US,2022-03-04,10Y,1.7400
US,2022-03-04,30Y,2.1600
US,2022-03-07,2Y,1.5500
US,2022-03-07,5Y,1.7100
US,2022-03-07,10Y,1.7800
US,2022-03-07,30Y,2.1900
US,2022-03-08,2Y,1.6300
US,2022-03-08,5Y,1.8000
US,2022-03-08,10Y,1.8600
US,2022-03-08,30Y,2.2400
US,2022-03-09,2Y,1.6800
US,2022-03-09,5Y,1.8700
US,2022-03-09,10Y,1.9400
US,2022-03-09,30Y,2.2900
US,2022-03-10,2Y,1.7200
US,2022-03-10,5Y,1.9200
US,2022-03-10,10Y,1.9800
US,2022-03-10,30Y,2.3800
US,2022-03-11,2Y,1.7500
US,2022-03-11,5Y,1.9600
US,2022-03-11,10Y,2.0000
US,2022-03-11,30Y,2.3600
US,2022-03-14,2Y,1.8700
US,2022-03-14,5Y,2.1000
US,2022-03-14,10Y,2.1400
US,2022-03-14,30Y,2.4700
US,2022-03-15,2Y,1.8500
US,2022-03-15,5Y,2.1000
US,2022-03-15,10Y,2.1500
US,2022-03-15,30Y,2.4900
US,2022-03-16,2Y,1.9500
US,2022-03-16,5Y,2.1800
US,2022-03-16,10Y,2.1900
US,2022-03-16,30Y,2.4600
US,2022-03-17,2Y,1.9400
US,2022-03-17,5Y,2.1700
US,2022-03-17,10Y,2.2000
US,2022-03-17,30Y,2.5000
US,2022-03-18,2Y,1.9700
US,2022-03-18,5Y,2.1400
US,2022-03-18,10Y,2.1400
US,2022-03-18,30Y,2.4200
US,2022-03-21,2Y,2.1400
US,2022-03-21,5Y,2.3300
US,2022-03-21,10Y,2.3200
US,2022-03-21,30Y,2.5500
US,2022-03-22,2Y,2.1800
US,2022-03-22,5Y,2.3900
US,2022-03-22,10Y,2.3800
US,2022-03-22,30Y,2.6000
US,2022-03-23,2Y,2.1300
US,2022-03-23,5Y,2.3400
US,2022-03-23,10Y,2.3200
US,2022-03-23,30Y,2.5200
US,2022-03-24,2Y,2.1300
US,2022-03-24,5Y,2.3700
US,2022-03-24,10Y,2.3400
US,2022-03-24,30Y,2.5100
US,2022-03-25,2Y,2.3000
US,2022-03-25,5Y,2.5500
US,2022-03-25,10Y,2.4800
US,2022-03-25,30Y,2.6000
US,2022-03-28,2Y,2.3500
US,2022-03-28,5Y,2.5400
US,2022-03-28,10Y,2.4600
US,2022-03-28,30Y,2.5700
US,2022-03-29,2Y,2.3500
US,2022-03-29,5Y,2.4900
US,2022-03-29,10Y,2.4100
US,2022-03-29,30Y,2.5300
US,2022-03-30,2Y,2.3100
US,2022-03-30,5Y,2.4400
US,2022-03-30,10Y,2.3500
US,2022-03-30,30Y,2.4800
US,2022-03-31,2Y,2.2800
US,2022-03-31,5Y,2.4200
US,2022-03-31,10Y,2.3200
US,2022-03-31,30Y,2.4400
US,2022-04-01,2Y,2.4400
US,2022-04-01,5Y,2.5500
US,2022-04-01,10Y,2.3900
US,2022-04-01,30Y,2.4400
US,2022-04-04,2Y,2.4300
US,2022-04-04,5Y,2.5600
US,2022-04-04,10Y,2.4200
US,2022-04-04,30Y,2.4800
US,2022-04-05,2Y,2.5100
US,2022-04-05,5Y,2.6900
US,2022-04-05,10Y,2.5400
US,2022-04-05,30Y,2.5700
US,2022-04-06,2Y,2.5000
US,2022-04-06,5Y,2.7000
US,2022-04-06,10Y,2.6100
US,2022-04-06,30Y,2.6300
US,2022-04-07,2Y,2.4700
US,2022-04-07,5Y,2.7000
US,2022-04-07,10Y,2.6600
US,2022-04-07,30Y,2.6900
US,2022-04-08,2Y,2.5300
US,2022-04-08,5Y,2.7600
US,2022-04-08,10Y,2.7200
US,2022-04-08,30Y,2.7600
US,2022-04-11,2Y,2.5000
US,2022-04-11,5Y,2.7900
US,2022-04-11,10Y,2.7900
US,2022-04-11,30Y,2.8400
US,2022-04-12,2Y,2.3900
US,2022-04-12,5Y,2.6600
US,2022-04-12,10Y,2.7200
US,2022-04-12,30Y,2.8200
US,2022-04-13,2Y,2.3700
US,2022-04-13,5Y,2.6600
US,2022-04-13,10Y,2.7000
US,2022-04-13,30Y,2.8100
US,2022-04-14,2Y,2.4700
US,2022-04-14,5Y,2.7900
US,2022-04-14,10Y,2.8300
US,2022-04-14,30Y,2.9200
US,2022-04-18,2Y,2.4600
US,2022-04-18,5Y,2.7900
US,2022-04-18,10Y,2.8500
US,2022-04-18,30Y,2.9500
US,2022-04-19,2Y,2.6100
US,2022-04-19,5Y,2.9100
US,2022-04-19,10Y,2.9300
US,2022-04-19,30Y,3.0100
US,2022-04-20,2Y,2.6000
US,2022-04-20,5Y,2.8700
US,2022-04-20,10Y,2.8500
US,2022-04-20,30Y,2.9000
US,2022-04-21,2Y,2.6800
US,2022-04-21,5Y,2.9600
US,2022-04-21,10Y,2.9000
US,2022-04-21,30Y,2.9400
US,2022-04-22,2Y,2.7200
US,2022-04-22,5Y,2.9400
US,2022-04-22,10Y,2.9000
US,2022-04-22,30Y,2.9500
US,2022-04-25,2Y,2.6300
US,2022-04-25,5Y,2.8400
US,2022-04-25,10Y,2.8100
US,2022-04-25,30Y,2.8800
US,2022-04-26,2Y,2.5400
US,2022-04-26,5Y,2.7900
US,2022-04-26,10Y,2.7700
US,2022-04-26,30Y,2.8600
US,2022-04-27,2Y,2.5800
US,2022-04-27,5Y,2.8100
US,2022-04-27,10Y,2.8200
US,2022-04-27,30Y,2.9100
US,2022-04-28,2Y,2.6300
US,2022-04-28,5Y,2.8600
US,2022-04-28,10Y,2.8500
US,2022-04-28,30Y,2.9200
US,2022-04-29,2Y,2.7000
US,2022-04-29,5Y,2.9200
US,2022-04-29,10Y,2.8900
US,2022-04-29,30Y,2.9600
US,2022-05-02,2Y,2.7300
US,2022-05-02,5Y,3.0100
US,2022-05-02,10Y,2.9900
US,2022-05-02,30Y,3.0700
US,2022-05-03,2Y,2.7800
US,2022-05-03,5Y,3.0100
US,2022-05-03,10Y,2.9700
US,2022-05-03,30Y,3.0300
US,2022-05-04,2Y,2.6600
US,2022-05-04,5Y,2.9300
US,2022-05-04,10Y,2.9300
US,2022-05-04,30Y,3.0100
US,2022-05-05,2Y,2.7100
US,2022-05-05,5Y,3.0100
US,2022-05-05,10Y,3.0500
US,2022-05-05,30Y,3.1500
US,2022-05-06,2Y,2.7200
US,2022-05-06,5Y,3.0600
US,2022-05-06,10Y,3.1200
US,2022-05-06,30Y,3.2300
US,2022-05-09,2Y,2.6100
US,2022-05-09,5Y,2.9500
US,2022-05-09,10Y,3.0500
US,2022-05-09,30Y,3.1900
US,2022-05-10,2Y,2.6200
US,2022-05-10,5Y,2.9100
US,2022-05-10,10Y,2.9900
US,2022-05-10,30Y,3.1200
US,2022-05-11,2Y,2.6600
US,2022-05-11,5Y,2.8900
US,2022-05-11,10Y,2.9100
US,2022-05-11,30Y,3.0500
US,2022-05-12,2Y,2.5600
US,2022-05-12,5Y,2.8100
US,2022-05-12,10Y,2.8400
US,2022-05-12,30Y,3.0000
US,2022-05-13,2Y,2.6100
US,2022-05-13,5Y,2.8900
US,2022-05-13,10Y,2.9300
US,2022-05-13,30Y,3.1000
US,2022-05-16,2Y,2.5800
US,2022-05-16,5Y,2.8300
US,2022-05-16,10Y,2.8800
US,2022-05-16,30Y,3.0900
US,2022-05-17,2Y,2.7100
US,2022-05-17,5Y,2.9600
US,2022-05-17,10Y,2.9800
US,2022-05-17,30Y,3.1700
US,2022-05-18,2Y,2.6800
US,2022-05-18,5Y,2.8900
US,2022-05-18,10Y,2.8900
US,2022-05-18,30Y,3.0700
US,2022-05-19,2Y,2.6300
US,2022-05-19,5Y,2.8400
US,2022-05-19,10Y,2.8400
US,2022-05-19,30Y,3.0500
US,2022-05-20,2Y,2.6000
US,2022-05-20,5Y,2.8000
US,2022-05-20,10Y,2.7800
US,2022-05-20,30Y,2.9900
US,2022-05-23,2Y,2.6500
US,2022-05-23,5Y,2.8800
US,2022-05-23,10Y,2.8600
US,2022-05-23,30Y,3.0800
US,2022-05-24,2Y,2.5000
US,2022-05-24,5Y,2.7600
US,2022-05-24,10Y,2.7600
US,2022-05-24,30Y,2.9800
US,2022-05-25,2Y,2.4800
US,2022-05-25,5Y,2.7100
US,2022-05-25,10Y,2.7500
US,2022-05-25,30Y,2.9700
US,2022-05-26,2Y,2.4600
US,2022-05-26,5Y,2.7000
US,2022-05-26,10Y,2.7500
US,2022-05-26,30Y,2.9900
US,2022-05-27,2Y,2.4700
US,2022-05-27,5Y,2.7100
US,2022-05-27,10Y,2.7400
US,2022-05-27,30Y,2.9700
US,2022-05-31,2Y,2.5300
US,2022-05-31,5Y,2.8100
US,2022-05-31,10Y,2.8500
US,2022-05-31,30Y,3.0700
US,2022-06-01,2Y,2.6600
US,2022-06-01,5Y,2.9400
US,2022-06-01,10Y,2.9400
US,2022-06-01,30Y,3.0900
US,2022-06-02,2Y,2.6500
US,2022-06-02,5Y,2.9200
US,2022-06-02,10Y,2.9200
US,2022-06-02,30Y,3.0900
US,2022-06-03,2Y,2.6600
US,2022-06-03,5Y,2.9500
US,2022-06-03,10Y,2.9600
US,2022-06-03,30Y,3.1100
US,2022-06-06,2Y,2.7300
US,2022-06-06,5Y,3.0300
US,2022-06-06,10Y,3.0400
US,2022-06-06,30Y,3.1900
US,2022-06-07,2Y,2.7500
US,2022-06-07,5Y,2.9900
US,2022-06-07,10Y,2.9800
US,2022-06-07,30Y,3.1300
US,2022-06-08,2Y,2.7800
US,2022-06-08,5Y,3.0300
US,2022-06-08,10Y,3.0300
US,2022-06-08,30Y,3.1800
US,2022-06-09,2Y,2.8300
US,2022-06-09,5Y,3.0700
US,2022-06-09,10Y,3.0400
US,2022-06-09,30Y,3.1800
US,2022-06-10,2Y,3.0600
US,2022-06-10,5Y,3.2500
US,2022-06-10,10Y,3.1500
US,2022-06-10,30Y,3.2000
US,2022-06-13,2Y,3.4000
US,2022-06-13,5Y,3.5600
US,2022-06-13,10Y,3.4300
US,2022-06-13,30Y,3.4200
US,2022-06-14,2Y,3.4500
US,2022-06-14,5Y,3.6100
US,2022-06-14,10Y,3.4900
US,2022-06-14,30Y,3.4500
US,2022-06-15,2Y,3.2000
US,2022-06-15,5Y,3.3800
US,2022-06-15,10Y,3.3300
US,2022-06-15,30Y,3.3900
US,2022-06-16,2Y,3.1400
US,2022-06-16,5Y,3.3500
US,2022-06-16,10Y,3.2800
US,2022-06-16,30Y,3.3500
US,2022-06-17,2Y,3.1700
US,2022-06-17,5Y,3.3400
US,2022-06-17,10Y,3.2500
US,2022-06-17,30Y,3.3000
US,2022-06-21,2Y,3.2100
US,2022-06-21,5Y,3.3800
US,2022-06-21,10Y,3.3100
US,2022-06-21,30Y,3.3900
US,2022-06-22,2Y,3.0600
US,2022-06-22,5Y,3.2200
US,2022-06-22,10Y,3.1600
US,2022-06-22,30Y,3.2500
US,2022-06-23,2Y,3.0100
US,2022-06-23,5Y,3.1400
US,2022-06-23,10Y,3.0900
US,2022-06-23,30Y,3.2100
US,2022-06-24,2Y,3.0400
US,2022-06-24,5Y,3.1800
US,2022-06-24,10Y,3.1300
US,2022-06-24,30Y,3.2600
US,2022-06-27,2Y,3.0800
US,2022-06-27,5Y,3.2400
US,2022-06-27,10Y,3.2000
US,2022-06-27,30Y,3.3100
US,2022-06-28,2Y,3.1000
US,2022-06-28,5Y,3.2500
US,2022-06-28,10Y,3.2000
US,2022-06-28,30Y,3.3000
US,2022-06-29,2Y,3.0600
US,2022-06-29,5Y,3.1500
US,2022-06-29,10Y,3.1000
US,2022-06-29,30Y,3.2200
US,2022-06-30,2Y,2.9200
US,2022-06-30,5Y,3.0100
US,2022-06-30,10Y,2.9800
US,2022-06-30,30Y,3.1400
US,2022-07-01,2Y,2.8400
US,2022-07-01,5Y,2.8800
US,2022-07-01,10Y,2.8800
US,2022-07-01,30Y,3.1100
US,2022-07-05,2Y,2.8200
US,2022-07-05,5Y,2.8200
US,2022-07-05,10Y,2.8200
US,2022-07-05,30Y,3.0500
US,2022-07-06,2Y,2.9700
US,2022-07-06,5Y,2.9600
US,2022-07-06,10Y,2.9300
US,2022-07-06,30Y,3.1400
US,2022-07-07,2Y,3.0300
US,2022-07-07,5Y,3.0500
US,2022-07-07,10Y,3.0100
US,2022-07-07,30Y,3.2000
US,2022-07-08,2Y,3.1200
US,2022-07-08,5Y,3.1300
US,2022-07-08,10Y,3.0900
US,2022-07-08,30Y,3.2700
US,2022-07-11,2Y,3.0700
US,2022-07-11,5Y,3.0500
US,2022-07-11,10Y,2.9900
US,2022-07-11,30Y,3.1800
US,2022-07-12,2Y,3.0300
US,2022-07-12,5Y,3.0100
US,2022-07-12,10Y,2.9600
US,2022-07-12,30Y,3.1300
US,2022-07-13,2Y,3.1300
US,2022-07-13,5Y,3.0200
US,2022-07-13,10Y,2.9100
US,2022-07-13,30Y,3.0800
US,2022-07-14,2Y,3.1500
US,2022-07-14,5Y,3.0600
US,2022-07-14,10Y,2.9600
US,2022-07-14,30Y,3.1100
US,2022-07-15,2Y,3.1300
US,2022-07-15,5Y,3.0500
US,2022-07-15,10Y,2.9300
US,2022-07-15,30Y,3.1000
US,2022-07-18,2Y,3.1500
US,2022-07-18,5Y,3.0600
US,2022-07-18,10Y,2.9600
US,2022-07-18,30Y,3.1400
US,2022-07-19,2Y,3.2300
US,2022-07-19,5Y,3.1400
US,2022-07-19,10Y,3.0100
US,2022-07-19,30Y,3.1700
US,2022-07-20,2Y,3.2500
US,2022-07-20,5Y,3.1800
US,2022-07-20,10Y,3.0400
US,2022-07-20,30Y,3.1700
US,2022-07-21,2Y,3.1000
US,2022-07-21,5Y,3.0000
US,2022-07-21,10Y,2.9100
US,2022-07-21,30Y,3.0800
US,2022-07-22,2Y,2.9800
US,2022-07-22,5Y,2.8700
US,2022-07-22,10Y,2.7700
US,2022-07-22,30Y,3.0000
US,2022-07-25,2Y,3.0000
US,2022-07-25,5Y,2.8900
US,2022-07-25,10Y,2.8100
US,2022-07-25,30Y,3.0400
US,2022-07-26,2Y,3.0200
US,2022-07-26,5Y,2.8900
US,2022-07-26,10Y,2.8100
US,2022-07-26,30Y,3.0300
US,2022-07-27,2Y,2.9600
US,2022-07-27,5Y,2.8200
US,2022-07-27,10Y,2.7800
US,2022-07-27,30Y,3.0300
US,2022-07-28,2Y,2.8500
US,2022-07-28,5Y,2.6900
US,2022-07-28,10Y,2.6800
US,2022-07-28,30Y,3.0200
US,2022-07-29,2Y,2.8900
US,2022-07-29,5Y,2.7000
US,2022-07-29,10Y,2.6700
US,2022-07-29,30Y,3.0000
US,2022-08-01,2Y,2.9000
US,2022-08-01,5Y,2.6600
US,2022-08-01,10Y,2.6000
US,2022-08-01,30Y,2.9200
US,2022-08-02,2Y,3.0600
US,2022-08-02,5Y,2.8500
US,2022-08-02,10Y,2.7500
US,2022-08-02,30Y,3.0000
US,2022-08-03,2Y,3.1000
US,2022-08-03,5Y,2.8600
US,2022-08-03,10Y,2.7300
US,2022-08-03,30Y,2.9600
US,2022-08-04,2Y,3.0300
US,2022-08-04,5Y,2.7600
US,2022-08-04,10Y,2.6800
US,2022-08-04,30Y,2.9700
US,2022-08-05,2Y,3.2400
US,2022-08-05,5Y,2.9700
US,2022-08-05,10Y,2.8300
US,2022-08-05,30Y,3.0600
US,2022-08-08,2Y,3.2100
US,2022-08-08,5Y,2.9100
US,2022-08-08,10Y,2.7700
US,2022-08-08,30Y,3.0000
US,2022-08-09,2Y,3.2800
US,2022-08-09,5Y,2.9700
US,2022-08-09,10Y,2.8000
US,2022-08-09,30Y,3.0100
US,2022-08-10,2Y,3.2300
US,2022-08-10,5Y,2.9300
US,2022-08-10,10Y,2.7800
US,2022-08-10,30Y,3.0400
US,2022-08-11,2Y,3.2300
US,2022-08-11,5Y,2.9800
US,2022-08-11,10Y,2.8700
US,2022-08-11,30Y,3.1500
US,2022-08-12,2Y,3.2500
US,2022-08-12,5Y,2.9700
US,2022-08-12,10Y,2.8400
US,2022-08-12,30Y,3.1200
US,2022-08-15,2Y,3.2000
US,2022-08-15,5Y,2.9100
US,2022-08-15,10Y,2.7900
US,2022-08-15,30Y,3.1000
US,2022-08-16,2Y,3.2500
US,2022-08-16,5Y,2.9500
US,2022-08-16,10Y,2.8200
US,2022-08-16,30Y,3.1100
US,2022-08-17,2Y,3.2800
US,2022-08-17,5Y,3.0400
US,2022-08-17,10Y,2.8900
US,2022-08-17,30Y,3.1500
US,2022-08-18,2Y,3.2200
US,2022-08-18,5Y,3.0200
US,2022-08-18,10Y,2.8800
US,2022-08-18,30Y,3.1400
US,2022-08-19,2Y,3.2500
US,2022-08-19,5Y,3.1100
US,2022-08-19,10Y,2.9800
US,2022-08-19,30Y,3.2200
US,2022-08-22,2Y,3.3200
US,2022-08-22,5Y,3.1700
US,2022-08-22,10Y,3.0300
US,2022-08-22,30Y,3.2400
US,2022-08-23,2Y,3.2900
US,2022-08-23,5Y,3.1800
US,2022-08-23,10Y,3.0500
US,2022-08-23,30Y,3.2600
US,2022-08-24,2Y,3.3600
US,2022-08-24,5Y,3.2000
US,2022-08-24,10Y,3.1100
US,2022-08-24,30Y,3.3200
US,2022-08-25,2Y,3.3500
US,2022-08-25,5Y,3.1500
US,2022-08-25,10Y,3.0300
US,2022-08-25,30Y,3.2500
US,2022-08-26,2Y,3.3700
US,2022-08-26,5Y,3.2000
US,2022-08-26,10Y,3.0400
US,2022-08-26,30Y,3.2100
US,2022-08-29,2Y,3.4200
US,2022-08-29,5Y,3.2700
US,2022-08-29,10Y,3.1200
US,2022-08-29,30Y,3.2500
US,2022-08-30,2Y,3.4600
US,2022-08-30,5Y,3.2700
US,2022-08-30,10Y,3.1100
US,2022-08-30,30Y,3.2300
US,2022-08-31,2Y,3.4500
US,2022-08-31,5Y,3.3000
US,2022-08-31,10Y,3.1500
US,2022-08-31,30Y,3.2700
US,2022-09-01,2Y,3.5100
US,2022-09-01,5Y,3.3900
US,2022-09-01,10Y,3.2600
US,2022-09-01,30Y,3.3700
US,2022-09-02,2Y,3.4000
US,2022-09-02,5Y,3.3000
US,2022-09-02,10Y,3.2000
US,2022-09-02,30Y,3.3500
US,2022-09-06,2Y,3.5000
US,2022-09-06,5Y,3.4300
US,2022-09-06,10Y,3.3300
US,2022-09-06,30Y,3.4900
US,2022-09-07,2Y,3.4500
US,2022-09-07,5Y,3.3700
US,2022-09-07,10Y,3.2700
US,2022-09-07,30Y,3.4200
US,2022-09-08,2Y,3.4800
US,2022-09-08,5Y,3.3900
US,2022-09-08,10Y,3.2900
US,2022-09-08,30Y,3.4500
US,2022-09-09,2Y,3.5600
US,2022-09-09,5Y,3.4500
US,2022-09-09,10Y,3.3300
US,2022-09-09,30Y,3.4700
US,2022-09-12,2Y,3.5800
US,2022-09-12,5Y,3.4700
US,2022-09-12,10Y,3.3700
US,2022-09-12,30Y,3.5300
US,2022-09-13,2Y,3.7500
US,2022-09-13,5Y,3.5800
US,2022-09-13,10Y,3.4200
US,2022-09-13,30Y,3.5100
US,2022-09-14,2Y,3.7800
US,2022-09-14,5Y,3.6000
US,2022-09-14,10Y,3.4100
US,2022-09-14,30Y,3.4700
US,2022-09-15,2Y,3.8700
US,2022-09-15,5Y,3.6600
US,2022-09-15,10Y,3.4500
US,2022-09-15,30Y,3.4800
US,2022-09-16,2Y,3.8500
US,2022-09-16,5Y,3.6200
US,2022-09-16,10Y,3.4500
US,2022-09-16,30Y,3.5200
US,2022-09-19,2Y,3.9500
US,2022-09-19,5Y,3.6900
US,2022-09-19,10Y,3.4900
US,2022-09-19,30Y,3.5200
US,2022-09-20,2Y,3.9600
US,2022-09-20,5Y,3.7500
US,2022-09-20,10Y,3.5700
US,2022-09-20,30Y,3.5900
US,2022-09-21,2Y,4.0200
US,2022-09-21,5Y,3.7400
US,2022-09-21,10Y,3.5100
US,2022-09-21,30Y,3.5000
US,2022-09-22,2Y,4.1100
US,2022-09-22,5Y,3.9100
US,2022-09-22,10Y,3.7000
US,2022-09-22,30Y,3.6500
US,2022-09-23,2Y,4.2000
US,2022-09-23,5Y,3.9600
US,2022-09-23,10Y,3.6900
US,2022-09-23,30Y,3.6100
US,2022-09-26,2Y,4.2700
US,2022-09-26,5Y,4.1500
US,2022-09-26,10Y,3.8800
US,2022-09-26,30Y,3.7200
US,2022-09-27,2Y,4.3000
US,2022-09-27,5Y,4.2100
US,2022-09-27,10Y,3.9700
US,2022-09-27,30Y,3.8700
US,2022-09-28,2Y,4.0700
US,2022-09-28,5Y,3.9200
US,2022-09-28,10Y,3.7200
US,2022-09-28,30Y,3.7000
US,2022-09-29,2Y,4.1600
US,2022-09-29,5Y,3.9800
US,2022-09-29,10Y,3.7600
US,2022-09-29,30Y,3.7100
US,2022-09-30,2Y,4.2200
US,2022-09-30,5Y,4.0600
US,2022-09-30,10Y,3.8300
US,2022-09-30,30Y,3.7900
US,2022-10-03,2Y,4.1200
US,2022-10-03,5Y,3.9000
US,2022-10-03,10Y,3.6700
US,2022-10-03,30Y,3.7300
US,2022-10-04,2Y,4.1000
US,2022-10-04,5Y,3.8400
US,2022-10-04,10Y,3.6200
US,2022-10-04,30Y,3.7000
US,2022-10-05,2Y,4.1500
US,2022-10-05,5Y,3.9600
US,2022-10-05,10Y,3.7600
US,2022-10-05,30Y,3.7800
US,2022-10-06,2Y,4.2300
US,2022-10-06,5Y,4.0500
US,2022-10-06,10Y,3.8300
US,2022-10-06,30Y,3.8100
US,2022-10-07,2Y,4.3000
US,2022-10-07,5Y,4.1400
US,2022-10-07,10Y,3.8900
US,2022-10-07,30Y,3.8600
US,2022-10-11,2Y,4.3000
US,2022-10-11,5Y,4.1400
US,2022-10-11,10Y,3.9300
US,2022-10-11,30Y,3.9200
US,2022-10-12,2Y,4.2800
US,2022-10-12,5Y,4.1200
US,2022-10-12,10Y,3.9100
US,2022-10-12,30Y,3.9000
US,2022-10-13,2Y,4.4700
US,2022-10-13,5Y,4.2100
US,2022-10-13,10Y,3.9700
US,2022-10-13,30Y,3.9700
US,2022-10-14,2Y,4.4800
US,2022-10-14,5Y,4.2500
US,2022-10-14,10Y,4.0000
US,2022-10-14,30Y,3.9900
US,2022-10-17,2Y,4.4500
US,2022-10-17,5Y,4.2400
US,2022-10-17,10Y,4.0200
US,2022-10-17,30Y,4.0400
US,2022-10-18,2Y,4.4300
US,2022-10-18,5Y,4.2100
US,2022-10-18,10Y,4.0100
US,2022-10-18,30Y,4.0400
US,2022-10-19,2Y,4.5500
US,2022-10-19,5Y,4.3500
US,2022-10-19,10Y,4.1400
US,2022-10-19,30Y,4.1500
US,2022-10-20,2Y,4.6200
US,2022-10-20,5Y,4.4500
US,2022-10-20,10Y,4.2400
US,2022-10-20,30Y,4.2400
US,2022-10-21,2Y,4.4900
US,2022-10-21,5Y,4.3400
US,2022-10-21,10Y,4.2100
US,2022-10-21,30Y,4.3300
US,2022-10-24,2Y,4.5000
US,2022-10-24,5Y,4.3600
US,2022-10-24,10Y,4.2500
US,2022-10-24,30Y,4.4000
US,2022-10-25,2Y,4.4200
US,2022-10-25,5Y,4.2500
US,2022-10-25,10Y,4.1000
US,2022-10-25,30Y,4.2600
US,2022-10-26,2Y,4.3900
US,2022-10-26,5Y,4.2000
US,2022-10-26,10Y,4.0400
US,2022-10-26,30Y,4.1900
US,2022-10-27,2Y,4.3000
US,2022-10-27,5Y,4.0900
US,2022-10-27,10Y,3.9600
US,2022-10-27,30Y,4.1200
US,2022-10-28,2Y,4.4100
US,2022-10-28,5Y,4.1900
US,2022-10-28,10Y,4.0200
US,2022-10-28,30Y,4.1500
US,2022-10-31,2Y,4.5100
US,2022-10-31,5Y,4.2700
US,2022-10-31,10Y,4.1000
US,2022-10-31,30Y,4.2200
US,2022-11-01,2Y,4.5400
US,2022-11-01,5Y,4.2700
US,2022-11-01,10Y,4.0700
US,2022-11-01,30Y,4.1400
US,2022-11-02,2Y,4.6100
US,2022-11-02,5Y,4.3000
US,2022-11-02,10Y,4.1000
US,2022-11-02,30Y,4.1500
US,2022-11-03,2Y,4.7100
US,2022-11-03,5Y,4.3600
US,2022-11-03,10Y,4.1400
US,2022-11-03,30Y,4.1800
US,2022-11-04,2Y,4.6600
US,2022-11-04,5Y,4.3300
US,2022-11-04,10Y,4.1700
US,2022-11-04,30Y,4.2700
US,2022-11-07,2Y,4.7200
US,2022-11-07,5Y,4.3900
US,2022-11-07,10Y,4.2200
US,2022-11-07,30Y,4.3400
US,2022-11-08,2Y,4.6700
US,2022-11-08,5Y,4.3100
US,2022-11-08,10Y,4.1400
US,2022-11-08,30Y,4.2800
US,2022-11-09,2Y,4.6100
US,2022-11-09,5Y,4.2700
US,2022-11-09,10Y,4.1200
US,2022-11-09,30Y,4.3100
US,2022-11-10,2Y,4.3400
US,2022-11-10,5Y,3.9500
US,2022-11-10,10Y,3.8200
US,2022-11-10,30Y,4.0300
US,2022-11-14,2Y,4.4000
US,2022-11-14,5Y,4.0000
US,2022-11-14,10Y,3.8800
US,2022-11-14,30Y,4.0700
US,2022-11-15,2Y,4.3700
US,2022-11-15,5Y,3.9300
US,2022-11-15,10Y,3.8000
US,2022-11-15,30Y,3.9800
US,2022-11-16,2Y,4.3500
US,2022-11-16,5Y,3.8300
US,2022-11-16,10Y,3.6700
US,2022-11-16,30Y,3.8500
US,2022-11-17,2Y,4.4300
US,2022-11-17,5Y,3.9300
US,2022-11-17,10Y,3.7700
US,2022-11-17,30Y,3.8900
US,2022-11-18,2Y,4.5100
US,2022-11-18,5Y,3.9900
US,2022-11-18,10Y,3.8200
US,2022-11-18,30Y,3.9200
US,2022-11-21,2Y,4.4800
US,2022-11-21,5Y,3.9700
US,2022-11-21,10Y,3.8300
US,2022-11-21,30Y,3.9100
US,2022-11-22,2Y,4.4700
US,2022-11-22,5Y,3.9300
US,2022-11-22,10Y,3.7600
US,2022-11-22,30Y,3.8300
US,2022-11-23,2Y,4.4600
US,2022-11-23,5Y,3.8800
US,2022-11-23,10Y,3.7100
US,2022-11-23,30Y,3.7400
US,2022-11-25,2Y,4.4200
US,2022-11-25,5Y,3.8500
US,2022-11-25,10Y,3.6800
US,2022-11-25,30Y,3.7400
US,2022-11-28,2Y,4.4600
US,2022-11-28,5Y,3.8800
US,2022-11-28,10Y,3.6900
US,2022-11-28,30Y,3.7400
US,2022-11-29,2Y,4.4800
US,2022-11-29,5Y,3.9200
US,2022-11-29,10Y,3.7500
US,2022-11-29,30Y,3.8100
US,2022-11-30,2Y,4.3800
US,2022-11-30,5Y,3.8200
US,2022-11-30,10Y,3.6800
US,2022-11-30,30Y,3.8000
US,2022-12-01,2Y,4.2500
US,2022-12-01,5Y,3.6800
US,2022-12-01,10Y,3.5300
US,2022-12-01,30Y,3.6400
US,2022-12-02,2Y,4.2800
US,2022-12-02,5Y,3.6700
US,2022-12-02,10Y,3.5100
US,2022-12-02,30Y,3.5600
US,2022-12-05,2Y,4.4100
US,2022-12-05,5Y,3.8000
US,2022-12-05,10Y,3.6000
US,2022-12-05,30Y,3.6200
US,2022-12-06,2Y,4.3400
US,2022-12-06,5Y,3.7300
US,2022-12-06,10Y,3.5100
US,2022-12-06,30Y,3.5200
US,2022-12-07,2Y,4.2600
US,2022-12-07,5Y,3.6200
US,2022-12-07,10Y,3.4200
US,2022-12-07,30Y,3.4200
US,2022-12-08,2Y,4.3100
US,2022-12-08,5Y,3.7100
US,2022-12-08,10Y,3.4800
US,2022-12-08,30Y,3.4400
US,2022-12-09,2Y,4.3300
US,2022-12-09,5Y,3.7500
US,2022-12-09,10Y,3.5700
US,2022-12-09,30Y,3.5600
US,2022-12-12,2Y,4.3900
US,2022-12-12,5Y,3.8000
US,2022-12-12,10Y,3.6100
US,2022-12-12,30Y,3.5700
US,2022-12-13,2Y,4.2200
US,2022-12-13,5Y,3.6600
US,2022-12-13,10Y,3.5100
US,2022-12-13,30Y,3.5300
US,2022-12-14,2Y,4.2300
US,2022-12-14,5Y,3.6400
US,2022-12-14,10Y,3.4900
US,2022-12-14,30Y,3.5200
US,2022-12-15,2Y,4.2300
US,2022-12-15,5Y,3.6200
US,2022-12-15,10Y,3.4400
US,2022-12-15,30Y,3.4800
US,2022-12-16,2Y,4.1700
US,2022-12-16,5Y,3.6100
US,2022-12-16,10Y,3.4800
US,2022-12-16,30Y,3.5300
US,2022-12-19,2Y,4.2500
US,2022-12-19,5Y,3.7000
US,2022-12-19,10Y,3.5700
US,2022-12-19,30Y,3.6200
US,2022-12-20,2Y,4.2500
US,2022-12-20,5Y,3.7900
US,2022-12-20,10Y,3.6900
US,2022-12-20,30Y,3.7400
US,2022-12-21,2Y,4.2100
US,2022-12-21,5Y,3.7800
US,2022-12-21,10Y,3.6800
US,2022-12-21,30Y,3.7400
US,2022-12-22,2Y,4.2400
US,2022-12-22,5Y,3.7900
US,2022-12-22,10Y,3.6700
US,2022-12-22,30Y,3.7300
US,2022-12-23,2Y,4.3100
US,2022-12-23,5Y,3.8600
US,2022-12-23,10Y,3.7500
US,2022-12-23,30Y,3.8200
US,2022-12-27,2Y,4.3200
US,2022-12-27,5Y,3.9400
US,2022-12-27,10Y,3.8400
US,2022-12-27,30Y,3.9300
US,2022-12-28,2Y,4.3100
US,2022-12-28,5Y,3.9700
US,2022-12-28,10Y,3.8800
US,2022-12-28,30Y,3.9800
US,2022-12-29,2Y,4.3400
US,2022-12-29,5Y,3.9400
US,2022-12-29,10Y,3.8300
US,2022-12-29,30Y,3.9200
US,2022-12-30,2Y,4.4100
US,2022-12-30,5Y,3.9900
US,2022-12-30,10Y,3.8800
US,2022-12-30,30Y,3.9700
US,2023-01-03,2Y,4.4000
US,2023-01-03,5Y,3.9400
US,2023-01-03,10Y,3.7900
US,2023-01-03,30Y,3.8800
US,2023-01-04,2Y,4.3600
US,2023-01-04,5Y,3.8500
US,2023-01-04,10Y,3.6900
US,2023-01-04,30Y,3.8100
US,2023-01-05,2Y,4.4500
US,2023-01-05,5Y,3.9000
US,2023-01-05,10Y,3.7100
US,2023-01-05,30Y,3.7800
US,2023-01-06,2Y,4.2400
US,2023-01-06,5Y,3.6900
US,2023-01-06,10Y,3.5500
US,2023-01-06,30Y,3.6700
US,2023-01-09,2Y,4.1900
US,2023-01-09,5Y,3.6600
US,2023-01-09,10Y,3.5300
US,2023-01-09,30Y,3.6600
US,2023-01-10,2Y,4.2400
US,2023-01-10,5Y,3.7200
US,2023-01-10,10Y,3.6100
US,2023-01-10,30Y,3.7400
US,2023-01-11,2Y,4.2000
US,2023-01-11,5Y,3.6600
US,2023-01-11,10Y,3.5400
US,2023-01-11,30Y,3.6700
US,2023-01-12,2Y,4.1200
US,2023-01-12,5Y,3.5300
US,2023-01-12,10Y,3.4300
US,2023-01-12,30Y,3.5600
US,2023-01-13,2Y,4.2200
US,2023-01-13,5Y,3.6000
US,2023-01-13,10Y,3.4900
US,2023-01-13,30Y,3.6100
US,2023-01-17,2Y,4.1800
US,2023-01-17,5Y,3.6000
US,2023-01-17,10Y,3.5300
US,2023-01-17,30Y,3.6400
US,2023-01-18,2Y,4.0600
US,2023-01-18,5Y,3.4300
US,2023-01-18,10Y,3.3700
US,2023-01-18,30Y,3.5400
US,2023-01-19,2Y,4.0900
US,2023-01-19,5Y,3.4800
US,2023-01-19,10Y,3.3900
US,2023-01-19,30Y,3.5700
US,2023-01-20,2Y,4.1400
US,2023-01-20,5Y,3.5600
US,2023-01-20,10Y,3.4800
US,2023-01-20,30Y,3.6600
US,2023-01-23,2Y,4.2100
US,2023-01-23,5Y,3.6100
US,2023-01-23,10Y,3.5200
US,2023-01-23,30Y,3.6900
US,2023-01-24,2Y,4.1200
US,2023-01-24,5Y,3.5800
US,2023-01-24,10Y,3.4600
US,2023-01-24,30Y,3.6200
US,2023-01-25,2Y,4.1100
US,2023-01-25,5Y,3.5400
US,2023-01-25,10Y,3.4600
US,2023-01-25,30Y,3.6200
US,2023-01-26,2Y,4.1700
US,2023-01-26,5Y,3.5800
US,2023-01-26,10Y,3.4900
US,2023-01-26,30Y,3.6200
US,2023-01-27,2Y,4.1900
US,2023-01-27,5Y,3.6200
US,2023-01-27,10Y,3.5200
US,2023-01-27,30Y,3.6400
US,2023-01-30,2Y,4.2500
US,2023-01-30,5Y,3.6800
US,2023-01-30,10Y,3.5500
US,2023-01-30,30Y,3.6600
US,2023-01-31,2Y,4.2100
US,2023-01-31,5Y,3.6300
US,2023-01-31,10Y,3.5200
US,2023-01-31,30Y,3.6500
US,2023-02-01,2Y,4.0900
US,2023-02-01,5Y,3.4800
US,2023-02-01,10Y,3.3900
US,2023-02-01,30Y,3.5500
US,2023-02-02,2Y,4.0900
US,2023-02-02,5Y,3.4900
US,2023-02-02,10Y,3.4000
US,2023-02-02,30Y,3.5500
US,2023-02-03,2Y,4.3000
US,2023-02-03,5Y,3.6700
US,2023-02-03,10Y,3.5300
US,2023-02-03,30Y,3.6300
US,2023-02-06,2Y,4.4400
US,2023-02-06,5Y,3.8100
US,2023-02-06,10Y,3.6300
US,2023-02-06,30Y,3.6700
US,2023-02-07,2Y,4.4700
US,2023-02-07,5Y,3.8500
US,2023-02-07,10Y,3.6700
US,2023-02-07,30Y,3.7200
US,2023-02-08,2Y,4.4500
US,2023-02-08,5Y,3.8200
US,2023-02-08,10Y,3.6300
US,2023-02-08,30Y,3.7000
US,2023-02-09,2Y,4.4800
US,2023-02-09,5Y,3.8700
US,2023-02-09,10Y,3.6700
US,2023-02-09,30Y,3.7500
US,2023-02-10,2Y,4.5000
US,2023-02-10,5Y,3.9300
US,2023-02-10,10Y,3.7400
US,2023-02-10,30Y,3.8300
US,2023-02-13,2Y,4.5200
US,2023-02-13,5Y,3.9300
US,2023-02-13,10Y,3.7200
US,2023-02-13,30Y,3.7900
US,2023-02-14,2Y,4.6000
US,2023-02-14,5Y,4.0000
US,2023-02-14,10Y,3.7700
US,2023-02-14,30Y,3.8100
US,2023-02-15,2Y,4.6200
US,2023-02-15,5Y,4.0400
US,2023-02-15,10Y,3.8100
US,2023-02-15,30Y,3.8500
US,2023-02-16,2Y,4.6200
US,2023-02-16,5Y,4.0600
US,2023-02-16,10Y,3.8600
US,2023-02-16,30Y,3.9200
US,2023-02-17,2Y,4.6000
US,2023-02-17,5Y,4.0300
US,2023-02-17,10Y,3.8200
US,2023-02-17,30Y,3.8800
US,2023-02-21,2Y,4.6700
US,2023-02-21,5Y,4.1600
US,2023-02-21,10Y,3.9500
US,2023-02-21,30Y,3.9800
US,2023-02-22,2Y,4.6600
US,2023-02-22,5Y,4.1300
US,2023-02-22,10Y,3.9300
US,2023-02-22,30Y,3.9400
US,2023-02-23,2Y,4.6600
US,2023-02-23,5Y,4.0900
US,2023-02-23,10Y,3.8800
US,2023-02-23,30Y,3.8800
US,2023-02-24,2Y,4.7800
US,2023-02-24,5Y,4.1900
US,2023-02-24,10Y,3.9500
US,2023-02-24,30Y,3.9300
US,2023-02-27,2Y,4.7800
US,2023-02-27,5Y,4.1700
US,2023-02-27,10Y,3.9200
US,2023-02-27,30Y,3.9300
US,2023-02-28,2Y,4.8100
US,2023-02-28,5Y,4.1800
US,2023-02-28,10Y,3.9200
US,2023-02-28,30Y,3.9300
US,2023-03-01,2Y,4.8900
US,2023-03-01,5Y,4.2700
US,2023-03-01,10Y,4.0100
US,2023-03-01,30Y,3.9700
US,2023-03-02,2Y,4.8900
US,2023-03-02,5Y,4.3200
US,2023-03-02,10Y,4.0800
US,2023-03-02,30Y,4.0300
US,2023-03-03,2Y,4.8600
US,2023-03-03,5Y,4.2600
US,2023-03-03,10Y,3.9700
US,2023-03-03,30Y,3.9000
US,2023-03-06,2Y,4.8900
US,2023-03-06,5Y,4.2700
US,2023-03-06,10Y,3.9800
US,2023-03-06,30Y,3.9200
US,2023-03-07,2Y,5.0000
US,2023-03-07,5Y,4.3100
US,2023-03-07,10Y,3.9700
US,2023-03-07,30Y,3.8800
US,2023-03-08,2Y,5.0500
US,2023-03-08,5Y,4.3400
US,2023-03-08,10Y,3.9800
US,2023-03-08,30Y,3.8800
US,2023-03-09,2Y,4.9000
US,2023-03-09,5Y,4.2200
US,2023-03-09,10Y,3.9300
US,2023-03-09,30Y,3.8800
US,2023-03-10,2Y,4.6000
US,2023-03-10,5Y,3.9600
US,2023-03-10,10Y,3.7000
US,2023-03-10,30Y,3.7000
US,2023-03-13,2Y,4.0300
US,2023-03-13,5Y,3.6800
US,2023-03-13,10Y,3.5500
US,2023-03-13,30Y,3.7000
US,2023-03-14,2Y,4.2000
US,2023-03-14,5Y,3.7800
US,2023-03-14,10Y,3.6400
US,2023-03-14,30Y,3.7700
US,2023-03-15,2Y,3.9300
US,2023-03-15,5Y,3.5900
US,2023-03-15,10Y,3.5100
US,2023-03-15,30Y,3.7000
US,2023-03-16,2Y,4.1400
US,2023-03-16,5Y,3.7200
US,2023-03-16,10Y,3.5600
US,2023-03-16,30Y,3.7100
US,2023-03-17,2Y,3.8100
US,2023-03-17,5Y,3.4400
US,2023-03-17,10Y,3.3900
US,2023-03-17,30Y,3.6000
US,2023-03-20,2Y,3.9200
US,2023-03-20,5Y,3.5600
US,2023-03-20,10Y,3.4700
US,2023-03-20,30Y,3.6500
US,2023-03-21,2Y,4.1700
US,2023-03-21,5Y,3.7300
US,2023-03-21,10Y,3.5900
US,2023-03-21,30Y,3.7300
US,2023-03-22,2Y,3.9600
US,2023-03-22,5Y,3.5400
US,2023-03-22,10Y,3.4800
US,2023-03-22,30Y,3.6800
US,2023-03-23,2Y,3.7600
US,2023-03-23,5Y,3.3900
US,2023-03-23,10Y,3.3800
US,2023-03-23,30Y,3.6600
US,2023-03-24,2Y,3.7600
US,2023-03-24,5Y,3.4100
US,2023-03-24,10Y,3.3800
US,2023-03-24,30Y,3.6400
US,2023-03-27,2Y,3.9400
US,2023-03-27,5Y,3.5900
US,2023-03-27,10Y,3.5300
US,2023-03-27,30Y,3.7700
US,2023-03-28,2Y,4.0200
US,2023-03-28,5Y,3.6300
US,2023-03-28,10Y,3.5500
US,2023-03-28,30Y,3.7700
US,2023-03-29,2Y,4.0800
US,2023-03-29,5Y,3.6700
US,2023-03-29,10Y,3.5700
US,2023-03-29,30Y,3.7800
US,2023-03-30,2Y,4.1000
US,2023-03-30,5Y,3.6600
US,2023-03-30,10Y,3.5500
US,2023-03-30,30Y,3.7400
US,2023-03-31,2Y,4.0600
US,2023-03-31,5Y,3.6000
US,2023-03-31,10Y,3.4800
US,2023-03-31,30Y,3.6700
US,2023-04-03,2Y,3.9700
US,2023-04-03,5Y,3.5200
US,2023-04-03,10Y,3.4300
US,2023-04-03,30Y,3.6400
US,2023-04-04,2Y,3.8400
US,2023-04-04,5Y,3.3900
US,2023-04-04,10Y,3.3500
US,2023-04-04,30Y,3.6000
US,2023-04-05,2Y,3.7900
US,2023-04-05,5Y,3.3600
US,2023-04-05,10Y,3.3000
US,2023-04-05,30Y,3.5600
US,2023-04-06,2Y,3.8200
US,2023-04-06,5Y,3.3700
US,2023-04-06,10Y,3.3000
US,2023-04-06,30Y,3.5400
US,2023-04-07,2Y,3.9700
US,2023-04-07,5Y,3.4900
US,2023-04-07,10Y,3.3900
US,2023-04-07,30Y,3.6100
US,2023-04-10,2Y,4.0000
US,2023-04-10,5Y,3.5200
US,2023-04-10,10Y,3.4100
US,2023-04-10,30Y,3.6200
US,2023-04-11,2Y,4.0300
US,2023-04-11,5Y,3.5400
US,2023-04-11,10Y,3.4300
US,2023-04-11,30Y,3.6200
US,2023-04-12,2Y,3.9500
US,2023-04-12,5Y,3.4600
US,2023-04-12,10Y,3.4100
US,2023-04-12,30Y,3.6400
US,2023-04-13,2Y,3.9600
US,2023-04-13,5Y,3.5100
US,2023-04-13,10Y,3.4500
US,2023-04-13,30Y,3.6900
US,2023-04-14,2Y,4.0800
US,2023-04-14,5Y,3.6000
US,2023-04-14,10Y,3.5200
US,2023-04-14,30Y,3.7400
US,2023-04-17,2Y,4.1800
US,2023-04-17,5Y,3.6900
US,2023-04-17,10Y,3.6000
US,2023-04-17,30Y,3.8100
US,2023-04-18,2Y,4.1900
US,2023-04-18,5Y,3.6900
US,2023-04-18,10Y,3.5800
US,2023-04-18,30Y,3.7900
US,2023-04-19,2Y,4.2400
US,2023-04-19,5Y,3.7100
US,2023-04-19,10Y,3.6000
US,2023-04-19,30Y,3.7900
US,2023-04-20,2Y,4.1400
US,2023-04-20,5Y,3.6300
US,2023-04-20,10Y,3.5400
US,2023-04-20,30Y,3.7500
US,2023-04-21,2Y,4.1700
US,2023-04-21,5Y,3.6600
US,2023-04-21,10Y,3.5700
US,2023-04-21,30Y,3.7800
US,2023-04-24,2Y,4.1200
US,2023-04-24,5Y,3.6000
US,2023-04-24,10Y,3.5200
US,2023-04-24,30Y,3.7300
US,2023-04-25,2Y,3.8600
US,2023-04-25,5Y,3.4300
US,2023-04-25,10Y,3.4000
US,2023-04-25,30Y,3.6500
US,2023-04-26,2Y,3.9000
US,2023-04-26,5Y,3.4600
US,2023-04-26,10Y,3.4300
US,2023-04-26,30Y,3.7000
US,2023-04-27,2Y,4.0700
US,2023-04-27,5Y,3.6000
US,2023-04-27,10Y,3.5300
US,2023-04-27,30Y,3.7600
US,2023-04-28,2Y,4.0400
US,2023-04-28,5Y,3.5100
US,2023-04-28,10Y,3.4400
US,2023-04-28,30Y,3.6700
US,2023-05-01,2Y,4.1400
US,2023-05-01,5Y,3.6400
US,2023-05-01,10Y,3.5900
US,2023-05-01,30Y,3.8400
US,2023-05-02,2Y,3.9700
US,2023-05-02,5Y,3.4600
US,2023-05-02,10Y,3.4400
US,2023-05-02,30Y,3.7200
US,2023-05-03,2Y,3.8900
US,2023-05-03,5Y,3.3700
US,2023-05-03,10Y,3.3800
US,2023-05-03,30Y,3.7000
US,2023-05-04,2Y,3.7500
US,2023-05-04,5Y,3.2900
US,2023-05-04,10Y,3.3700
US,2023-05-04,30Y,3.7300
US,2023-05-05,2Y,3.9200
US,2023-05-05,5Y,3.4100
US,2023-05-05,10Y,3.4400
US,2023-05-05,30Y,3.7600
US,2023-05-08,2Y,4.0000
US,2023-05-08,5Y,3.4900
US,2023-05-08,10Y,3.5200
US,2023-05-08,30Y,3.8400
US,2023-05-09,2Y,4.0100
US,2023-05-09,5Y,3.5100
US,2023-05-09,10Y,3.5300
US,2023-05-09,30Y,3.8500
US,2023-05-10,2Y,3.9000
US,2023-05-10,5Y,3.3700
US,2023-05-10,10Y,3.4300
US,2023-05-10,30Y,3.8000
US,2023-05-11,2Y,3.8900
US,2023-05-11,5Y,3.3600
US,2023-05-11,10Y,3.3900
US,2023-05-11,30Y,3.7300
US,2023-05-12,2Y,3.9800
US,2023-05-12,5Y,3.4500
US,2023-05-12,10Y,3.4600
US,2023-05-12,30Y,3.7800
US,2023-05-15,2Y,3.9900
US,2023-05-15,5Y,3.4600
US,2023-05-15,10Y,3.5000
US,2023-05-15,30Y,3.8400
US,2023-05-16,2Y,4.0600
US,2023-05-16,5Y,3.5200
US,2023-05-16,10Y,3.5400
US,2023-05-16,30Y,3.8700
US,2023-05-17,2Y,4.1200
US,2023-05-17,5Y,3.5800
US,2023-05-17,10Y,3.5700
US,2023-05-17,30Y,3.8800
US,2023-05-18,2Y,4.2400
US,2023-05-18,5Y,3.6900
US,2023-05-18,10Y,3.6500
US,2023-05-18,30Y,3.9100
US,2023-05-19,2Y,4.2800
US,2023-05-19,5Y,3.7600
US,2023-05-19,10Y,3.7000
US,2023-05-19,30Y,3.9500
US,2023-05-22,2Y,4.2900
US,2023-05-22,5Y,3.7700
US,2023-05-22,10Y,3.7200
US,2023-05-22,30Y,3.9700
US,2023-05-23,2Y,4.2600
US,2023-05-23,5Y,3.7600
US,2023-05-23,10Y,3.7000
US,2023-05-23,30Y,3.9600
US,2023-05-24,2Y,4.3100
US,2023-05-24,5Y,3.7500
US,2023-05-24,10Y,3.7300
US,2023-05-24,30Y,3.9700
US,2023-05-25,2Y,4.5000
US,2023-05-25,5Y,3.9000
US,2023-05-25,10Y,3.8300
US,2023-05-25,30Y,4.0100
US,2023-05-26,2Y,4.5400
US,2023-05-26,5Y,3.9200
US,2023-05-26,10Y,3.8000
US,2023-05-26,30Y,3.9600
US,2023-05-30,2Y,4.4600
US,2023-05-30,5Y,3.8100
US,2023-05-30,10Y,3.6900
US,2023-05-30,30Y,3.9000
US,2023-05-31,2Y,4.4000
US,2023-05-31,5Y,3.7400
US,2023-05-31,10Y,3.6400
US,2023-05-31,30Y,3.8500
US,2023-06-01,2Y,4.3300
US,2023-06-01,5Y,3.7000
US,2023-06-01,10Y,3.6100
US,2023-06-01,30Y,3.8400
US,2023-06-02,2Y,4.5000
US,2023-06-02,5Y,3.8400
US,2023-06-02,10Y,3.6900
US,2023-06-02,30Y,3.8800
US,2023-06-05,2Y,4.4600
US,2023-06-05,5Y,3.8200
US,2023-06-05,10Y,3.6900
US,2023-06-05,30Y,3.8900
US,2023-06-06,2Y,4.5100
US,2023-06-06,5Y,3.8500
US,2023-06-06,10Y,3.7000
US,2023-06-06,30Y,3.8700
US,2023-06-07,2Y,4.5600
US,2023-06-07,5Y,3.9300
US,2023-06-07,10Y,3.7900
US,2023-06-07,30Y,3.9500
US,2023-06-08,2Y,4.5200
US,2023-06-08,5Y,3.8700
US,2023-06-08,10Y,3.7300
US,2023-06-08,30Y,3.8900
US,2023-06-09,2Y,4.5900
US,2023-06-09,5Y,3.9200
US,2023-06-09,10Y,3.7500
US,2023-06-09,30Y,3.8900
US,2023-06-12,2Y,4.5500
US,2023-06-12,5Y,3.8900
US,2023-06-12,10Y,3.7300
US,2023-06-12,30Y,3.8700
US,2023-06-13,2Y,4.6700
US,2023-06-13,5Y,4.0100
US,2023-06-13,10Y,3.8400
US,2023-06-13,30Y,3.9400
US,2023-06-14,2Y,4.7400
US,2023-06-14,5Y,4.0600
US,2023-06-14,10Y,3.8300
US,2023-06-14,30Y,3.9000
US,2023-06-15,2Y,4.6200
US,2023-06-15,5Y,3.9100
US,2023-06-15,10Y,3.7200
US,2023-06-15,30Y,3.8500
US,2023-06-16,2Y,4.7000
US,2023-06-16,5Y,3.9900
US,2023-06-16,10Y,3.7700
US,2023-06-16,30Y,3.8600
US,2023-06-20,2Y,4.6800
US,2023-06-20,5Y,3.9600
US,2023-06-20,10Y,3.7400
US,2023-06-20,30Y,3.8300
US,2023-06-21,2Y,4.6800
US,2023-06-21,5Y,3.9500
US,2023-06-21,10Y,3.7200
US,2023-06-21,30Y,3.8100
US,2023-06-22,2Y,4.7700
US,2023-06-22,5Y,4.0300
US,2023-06-22,10Y,3.8000
US,2023-06-22,30Y,3.8800
US,2023-06-23,2Y,4.7100
US,2023-06-23,5Y,3.9900
US,2023-06-23,10Y,3.7400
US,2023-06-23,30Y,3.8200
US,2023-06-26,2Y,4.6500
US,2023-06-26,5Y,3.9600
US,2023-06-26,10Y,3.7200
US,2023-06-26,30Y,3.8300
US,2023-06-27,2Y,4.7400
US,2023-06-27,5Y,4.0200
US,2023-06-27,10Y,3.7700
US,2023-06-27,30Y,3.8400
US,2023-06-28,2Y,4.7100
US,2023-06-28,5Y,3.9700
US,2023-06-28,10Y,3.7100
US,2023-06-28,30Y,3.8100
US,2023-06-29,2Y,4.8700
US,2023-06-29,5Y,4.1400
US,2023-06-29,10Y,3.8500
US,2023-06-29,30Y,3.9200
US,2023-06-30,2Y,4.8700
US,2023-06-30,5Y,4.1300
US,2023-06-30,10Y,3.8100
US,2023-06-30,30Y,3.8500
US,2023-07-03,2Y,4.9400
US,2023-07-03,5Y,4.1900
US,2023-07-03,10Y,3.8600
US,2023-07-03,30Y,3.8700
US,2023-07-05,2Y,4.9400
US,2023-07-05,5Y,4.2500
US,2023-07-05,10Y,3.9500
US,2023-07-05,30Y,3.9500
US,2023-07-06,2Y,4.9900
US,2023-07-06,5Y,4.3700
US,2023-07-06,10Y,4.0500
US,2023-07-06,30Y,4.0100
US,2023-07-07,2Y,4.9400
US,2023-07-07,5Y,4.3500
US,2023-07-07,10Y,4.0600
US,2023-07-07,30Y,4.0500
US,2023-07-10,2Y,4.8500
US,2023-07-10,5Y,4.2500
US,2023-07-10,10Y,4.0100
US,2023-07-10,30Y,4.0500
US,2023-07-11,2Y,4.8800
US,2023-07-11,5Y,4.2400
US,2023-07-11,10Y,3.9900
US,2023-07-11,30Y,4.0300
US,2023-07-12,2Y,4.7200
US,2023-07-12,5Y,4.0700
US,2023-07-12,10Y,3.8600
US,2023-07-12,30Y,3.9600
US,2023-07-13,2Y,4.5900
US,2023-07-13,5Y,3.9300
US,2023-07-13,10Y,3.7600
US,2023-07-13,30Y,3.9000
US,2023-07-14,2Y,4.7400
US,2023-07-14,5Y,4.0400
US,2023-07-14,10Y,3.8300
US,2023-07-14,30Y,3.9300
US,2023-07-17,2Y,4.7400
US,2023-07-17,5Y,4.0200
US,2023-07-17,10Y,3.8100
US,2023-07-17,30Y,3.9400
US,2023-07-18,2Y,4.7400
US,2023-07-18,5Y,4.0000
US,2023-07-18,10Y,3.8000
US,2023-07-18,30Y,3.9100
US,2023-07-19,2Y,4.7400
US,2023-07-19,5Y,3.9800
US,2023-07-19,10Y,3.7500
US,2023-07-19,30Y,3.8400
US,2023-07-20,2Y,4.8000
US,2023-07-20,5Y,4.0800
US,2023-07-20,10Y,3.8500
US,2023-07-20,30Y,3.9100
US,2023-07-21,2Y,4.8200
US,2023-07-21,5Y,4.0900
US,2023-07-21,10Y,3.8400
US,2023-07-21,30Y,3.9100
US,2023-07-24,2Y,4.8100
US,2023-07-24,5Y,4.1300
US,2023-07-24,10Y,3.8600
US,2023-07-24,30Y,3.9200
US,2023-07-25,2Y,4.8500
US,2023-07-25,5Y,4.1500
US,2023-07-25,10Y,3.9100
US,2023-07-25,30Y,3.9500
US,2023-07-26,2Y,4.8200
US,2023-07-26,5Y,4.0900
US,2023-07-26,10Y,3.8600
US,2023-07-26,30Y,3.9400
US,2023-07-27,2Y,4.9100
US,2023-07-27,5Y,4.2400
US,2023-07-27,10Y,4.0100
US,2023-07-27,30Y,4.0600
US,2023-07-28,2Y,4.8700
US,2023-07-28,5Y,4.1800
US,2023-07-28,10Y,3.9600
US,2023-07-28,30Y,4.0300
US,2023-07-31,2Y,4.8800
US,2023-07-31,5Y,4.1800
US,2023-07-31,10Y,3.9700
US,2023-07-31,30Y,4.0200
US,2023-08-01,2Y,4.9200
US,2023-08-01,5Y,4.2400
US,2023-08-01,10Y,4.0500
US,2023-08-01,30Y,4.1100
US,2023-08-02,2Y,4.8800
US,2023-08-02,5Y,4.2400
US,2023-08-02,10Y,4.0800
US,2023-08-02,30Y,4.1700
US,2023-08-03,2Y,4.9000
US,2023-08-03,5Y,4.3000
US,2023-08-03,10Y,4.2000
US,2023-08-03,30Y,4.3200
US,2023-08-04,2Y,4.7800
US,2023-08-04,5Y,4.1500
US,2023-08-04,10Y,4.0500
US,2023-08-04,30Y,4.2100
US,2023-08-07,2Y,4.7600
US,2023-08-07,5Y,4.1600
US,2023-08-07,10Y,4.0900
US,2023-08-07,30Y,4.2700
US,2023-08-08,2Y,4.7400
US,2023-08-08,5Y,4.1000
US,2023-08-08,10Y,4.0200
US,2023-08-08,30Y,4.2000
US,2023-08-09,2Y,4.7900
US,2023-08-09,5Y,4.1200
US,2023-08-09,10Y,4.0000
US,2023-08-09,30Y,4.1800
US,2023-08-10,2Y,4.8200
US,2023-08-10,5Y,4.2100
US,2023-08-10,10Y,4.0900
US,2023-08-10,30Y,4.2400
US,2023-08-11,2Y,4.8900
US,2023-08-11,5Y,4.3100
US,2023-08-11,10Y,4.1600
US,2023-08-11,30Y,4.2700
US,2023-08-14,2Y,4.9600
US,2023-08-14,5Y,4.3600
US,2023-08-14,10Y,4.1900
US,2023-08-14,30Y,4.2900
US,2023-08-15,2Y,4.9200
US,2023-08-15,5Y,4.3600
US,2023-08-15,10Y,4.2100
US,2023-08-15,30Y,4.3200
US,2023-08-16,2Y,4.9700
US,2023-08-16,5Y,4.4200
US,2023-08-16,10Y,4.2800
US,2023-08-16,30Y,4.3800
US,2023-08-17,2Y,4.9400
US,2023-08-17,5Y,4.4200
US,2023-08-17,10Y,4.3000
US,2023-08-17,30Y,4.4100
US,2023-08-18,2Y,4.9200
US,2023-08-18,5Y,4.3800
US,2023-08-18,10Y,4.2600
US,2023-08-18,30Y,4.3800
US,2023-08-21,2Y,4.9700
US,2023-08-21,5Y,4.4600
US,2023-08-21,10Y,4.3400
US,2023-08-21,30Y,4.4500
US,2023-08-22,2Y,5.0200
US,2023-08-22,5Y,4.4900
US,2023-08-22,10Y,4.3400
US,2023-08-22,30Y,4.4200
US,2023-08-23,2Y,4.9500
US,2023-08-23,5Y,4.3600
US,2023-08-23,10Y,4.1900
US,2023-08-23,30Y,4.2700
US,2023-08-24,2Y,4.9800
US,2023-08-24,5Y,4.3900
US,2023-08-24,10Y,4.2300
US,2023-08-24,30Y,4.3000
US,2023-08-25,2Y,5.0300
US,2023-08-25,5Y,4.4400
US,2023-08-25,10Y,4.2500
US,2023-08-25,30Y,4.3000
US,2023-08-28,2Y,4.9800
US,2023-08-28,5Y,4.3800
US,2023-08-28,10Y,4.2000
US,2023-08-28,30Y,4.2900
US,2023-08-29,2Y,4.8700
US,2023-08-29,5Y,4.2600
US,2023-08-29,10Y,4.1200
US,2023-08-29,30Y,4.2300
US,2023-08-30,2Y,4.9000
US,2023-08-30,5Y,4.2700
US,2023-08-30,10Y,4.1200
US,2023-08-30,30Y,4.2300
US,2023-08-31,2Y,4.8500
US,2023-08-31,5Y,4.2300
US,2023-08-31,10Y,4.0900
US,2023-08-31,30Y,4.2000
US,2023-09-01,2Y,4.8700
US,2023-09-01,5Y,4.2900
US,2023-09-01,10Y,4.1800
US,2023-09-01,30Y,4.2900
US,2023-09-05,2Y,4.9400
US,2023-09-05,5Y,4.3700
US,2023-09-05,10Y,4.2700
US,2023-09-05,30Y,4.3800
US,2023-09-06,2Y,5.0100
US,2023-09-06,5Y,4.4400
US,2023-09-06,10Y,4.3000
US,2023-09-06,30Y,4.3700
US,2023-09-07,2Y,4.9400
US,2023-09-07,5Y,4.3800
US,2023-09-07,10Y,4.2700
US,2023-09-07,30Y,4.3600
US,2023-09-08,2Y,4.9800
US,2023-09-08,5Y,4.3900
US,2023-09-08,10Y,4.2600
US,2023-09-08,30Y,4.3300
US,2023-09-11,2Y,4.9700
US,2023-09-11,5Y,4.4000
US,2023-09-11,10Y,4.2900
US,2023-09-11,30Y,4.3700
US,2023-09-12,2Y,4.9800
US,2023-09-12,5Y,4.4100
US,2023-09-12,10Y,4.2700
US,2023-09-12,30Y,4.3500
US,2023-09-13,2Y,4.9600
US,2023-09-13,5Y,4.3900
US,2023-09-13,10Y,4.2500
US,2023-09-13,30Y,4.3400
US,2023-09-14,2Y,5.0000
US,2023-09-14,5Y,4.4200
US,2023-09-14,10Y,4.2900
US,2023-09-14,30Y,4.3900
US,2023-09-15,2Y,5.0200
US,2023-09-15,5Y,4.4500
US,2023-09-15,10Y,4.3300
US,2023-09-15,30Y,4.4200
US,2023-09-18,2Y,5.0500
US,2023-09-18,5Y,4.4600
US,2023-09-18,10Y,4.3200
US,2023-09-18,30Y,4.4000
US,2023-09-19,2Y,5.0800
US,2023-09-19,5Y,4.5100
US,2023-09-19,10Y,4.3700
US,2023-09-19,30Y,4.4300
US,2023-09-20,2Y,5.1200
US,2023-09-20,5Y,4.5200
US,2023-09-20,10Y,4.3500
US,2023-09-20,30Y,4.4000
US,2023-09-21,2Y,5.1200
US,2023-09-21,5Y,4.6100
US,2023-09-21,10Y,4.4900
US,2023-09-21,30Y,4.5600
US,2023-09-22,2Y,5.1000
US,2023-09-22,5Y,4.5700
US,2023-09-22,10Y,4.4400
US,2023-09-22,30Y,4.5300
US,2023-09-25,2Y,5.0900
US,2023-09-25,5Y,4.6200
US,2023-09-25,10Y,4.5500
US,2023-09-25,30Y,4.6700
US,2023-09-26,2Y,5.0400
US,2023-09-26,5Y,4.6200
US,2023-09-26,10Y,4.5600
US,2023-09-26,30Y,4.7000
US,2023-09-27,2Y,5.1000
US,2023-09-27,5Y,4.6700
US,2023-09-27,10Y,4.6100
US,2023-09-27,30Y,4.7300
US,2023-09-28,2Y,5.0400
US,2023-09-28,5Y,4.6200
US,2023-09-28,10Y,4.5900
US,2023-09-28,30Y,4.7100
US,2023-09-29,2Y,5.0300
US,2023-09-29,5Y,4.6000
US,2023-09-29,10Y,4.5900
US,2023-09-29,30Y,4.7300
US,2023-10-02,2Y,5.1200
US,2023-10-02,5Y,4.7200
US,2023-10-02,10Y,4.6900
US,2023-10-02,30Y,4.8100
US,2023-10-03,2Y,5.1500
US,2023-10-03,5Y,4.8000
US,2023-10-03,10Y,4.8100
US,2023-10-03,30Y,4.9500
US,2023-10-04,2Y,5.0500
US,2023-10-04,5Y,4.7200
US,2023-10-04,10Y,4.7300
US,2023-10-04,30Y,4.8700
US,2023-10-05,2Y,5.0300
US,2023-10-05,5Y,4.6800
US,2023-10-05,10Y,4.7200
US,2023-10-05,30Y,4.8900
US,2023-10-06,2Y,5.0800
US,2023-10-06,5Y,4.7500
US,2023-10-06,10Y,4.7800
US,2023-10-06,30Y,4.9500
US,2023-10-10,2Y,4.9600
US,2023-10-10,5Y,4.6200
US,2023-10-10,10Y,4.6600
US,2023-10-10,30Y,4.8500
US,2023-10-11,2Y,4.9900
US,2023-10-11,5Y,4.5900
US,2023-10-11,10Y,4.5800
US,2023-10-11,30Y,4.7300
US,2023-10-12,2Y,5.0600
US,2023-10-12,5Y,4.6900
US,2023-10-12,10Y,4.7000
US,2023-10-12,30Y,4.8600
US,2023-10-13,2Y,5.0400
US,2023-10-13,5Y,4.6500
US,2023-10-13,10Y,4.6300
US,2023-10-13,30Y,4.7800
US,2023-10-16,2Y,5.0900
US,2023-10-16,5Y,4.7200
US,2023-10-16,10Y,4.7100
US,2023-10-16,30Y,4.8700
US,2023-10-17,2Y,5.1900
US,2023-10-17,5Y,4.8600
US,2023-10-17,10Y,4.8300
US,2023-10-17,30Y,4.9400
US,2023-10-18,2Y,5.1900
US,2023-10-18,5Y,4.9200
US,2023-10-18,10Y,4.9100
US,2023-10-18,30Y,5.0000
US,2023-10-19,2Y,5.1400
US,2023-10-19,5Y,4.9500
US,2023-10-19,10Y,4.9800
US,2023-10-19,30Y,5.1100
US,2023-10-20,2Y,5.0700
US,2023-10-20,5Y,4.8600
US,2023-10-20,10Y,4.9300
US,2023-10-20,30Y,5.0900
US,2023-10-23,2Y,5.0500
US,2023-10-23,5Y,4.8100
US,2023-10-23,10Y,4.8600
US,2023-10-23,30Y,5.0100
US,2023-10-24,2Y,5.0200
US,2023-10-24,5Y,4.8200
US,2023-10-24,10Y,4.8300
US,2023-10-24,30Y,4.9600
US,2023-10-25,2Y,5.0800
US,2023-10-25,5Y,4.8900
US,2023-10-25,10Y,4.9500
US,2023-10-25,30Y,5.0900
US,2023-10-26,2Y,5.0200
US,2023-10-26,5Y,4.7900
US,2023-10-26,10Y,4.8600
US,2023-10-26,30Y,5.0100
US,2023-10-27,2Y,4.9900
US,2023-10-27,5Y,4.7600
US,2023-10-27,10Y,4.8400
US,2023-10-27,30Y,5.0300
US,2023-10-30,2Y,5.0300
US,2023-10-30,5Y,4.8000
US,2023-10-30,10Y,4.8800
US,2023-10-30,30Y,5.0400
US,2023-10-31,2Y,5.0700
US,2023-10-31,5Y,4.8200
US,2023-10-31,10Y,4.8800
US,2023-10-31,30Y,5.0400
US,2023-11-01,2Y,4.9500
US,2023-11-01,5Y,4.6700
US,2023-11-01,10Y,4.7700
US,2023-11-01,30Y,4.9600
US,2023-11-02,2Y,4.9800
US,2023-11-02,5Y,4.6500
US,2023-11-02,10Y,4.6700
US,2023-11-02,30Y,4.8200
US,2023-11-03,2Y,4.8300
US,2023-11-03,5Y,4.4900
US,2023-11-03,10Y,4.5700
US,2023-11-03,30Y,4.7700
US,2023-11-06,2Y,4.9300
US,2023-11-06,5Y,4.6000
US,2023-11-06,10Y,4.6700
US,2023-11-06,30Y,4.8400
US,2023-11-07,2Y,4.9100
US,2023-11-07,5Y,4.5300
US,2023-11-07,10Y,4.5800
US,2023-11-07,30Y,4.7500
US,2023-11-08,2Y,4.9300
US,2023-11-08,5Y,4.5100
US,2023-11-08,10Y,4.4900
US,2023-11-08,30Y,4.6400
US,2023-11-09,2Y,5.0300
US,2023-11-09,5Y,4.6500
US,2023-11-09,10Y,4.6200
US,2023-11-09,30Y,4.7700
US,2023-11-10,2Y,5.0400
US,2023-11-10,5Y,4.6500
US,2023-11-10,10Y,4.6100
US,2023-11-10,30Y,4.7300
US,2023-11-13,2Y,5.0200
US,2023-11-13,5Y,4.6600
US,2023-11-13,10Y,4.6300
US,2023-11-13,30Y,4.7500
US,2023-11-14,2Y,4.8000
US,2023-11-14,5Y,4.4200
US,2023-11-14,10Y,4.4400
US,2023-11-14,30Y,4.6100
US,2023-11-15,2Y,4.9000
US,2023-11-15,5Y,4.5200
US,2023-11-15,10Y,4.5300
US,2023-11-15,30Y,4.6800
US,2023-11-16,2Y,4.8300
US,2023-11-16,5Y,4.4300
US,2023-11-16,10Y,4.4500
US,2023-11-16,30Y,4.6300
US,2023-11-17,2Y,4.8800
US,2023-11-17,5Y,4.4500
US,2023-11-17,10Y,4.4400
US,2023-11-17,30Y,4.5900
US,2023-11-20,2Y,4.8900
US,2023-11-20,5Y,4.4400
US,2023-11-20,10Y,4.4200
US,2023-11-20,30Y,4.5700
US,2023-11-21,2Y,4.8600
US,2023-11-21,5Y,4.4100
US,2023-11-21,10Y,4.4100
US,2023-11-21,30Y,4.5700
US,2023-11-22,2Y,4.8900
US,2023-11-22,5Y,4.4400
US,2023-11-22,10Y,4.4200
US,2023-11-22,30Y,4.5500
US,2023-11-24,2Y,4.9200
US,2023-11-24,5Y,4.4900
US,2023-11-24,10Y,4.4700
US,2023-11-24,30Y,4.6000
US,2023-11-27,2Y,4.8400
US,2023-11-27,5Y,4.3800
US,2023-11-27,10Y,4.3900
US,2023-11-27,30Y,4.5300
US,2023-11-28,2Y,4.7300
US,2023-11-28,5Y,4.2900
US,2023-11-28,10Y,4.3400
US,2023-11-28,30Y,4.5200
US,2023-11-29,2Y,4.6400
US,2023-11-29,5Y,4.2200
US,2023-11-29,10Y,4.2700
US,2023-11-29,30Y,4.4400
US,2023-11-30,2Y,4.7300
US,2023-11-30,5Y,4.3100
US,2023-11-30,10Y,4.3700
US,2023-11-30,30Y,4.5400
US,2023-12-01,2Y,4.5600
US,2023-12-01,5Y,4.1400
US,2023-12-01,10Y,4.2200
US,2023-12-01,30Y,4.4000
US,2023-12-04,2Y,4.6400
US,2023-12-04,5Y,4.2300
US,2023-12-04,10Y,4.2800
US,2023-12-04,30Y,4.4300
US,2023-12-05,2Y,4.5700
US,2023-12-05,5Y,4.1400
US,2023-12-05,10Y,4.1800
US,2023-12-05,30Y,4.3000
US,2023-12-06,2Y,4.6000
US,2023-12-06,5Y,4.1200
US,2023-12-06,10Y,4.1200
US,2023-12-06,30Y,4.2200
US,2023-12-07,2Y,4.5800
US,2023-12-07,5Y,4.1100
US,2023-12-07,10Y,4.1400
US,2023-12-07,30Y,4.2500
US,2023-12-08,2Y,4.7100
US,2023-12-08,5Y,4.2400
US,2023-12-08,10Y,4.2300
US,2023-12-08,30Y,4.3100
US,2023-12-11,2Y,4.7100
US,2023-12-11,5Y,4.2500
US,2023-12-11,10Y,4.2300
US,2023-12-11,30Y,4.3200
US,2023-12-12,2Y,4.7300
US,2023-12-12,5Y,4.2300
US,2023-12-12,10Y,4.2000
US,2023-12-12,30Y,4.3000
US,2023-12-13,2Y,4.4600
US,2023-12-13,5Y,4.0000
US,2023-12-13,10Y,4.0400
US,2023-12-13,30Y,4.1900
US,2023-12-14,2Y,4.3700
US,2023-12-14,5Y,3.9000
US,2023-12-14,10Y,3.9200
US,2023-12-14,30Y,4.0300
US,2023-12-15,2Y,4.4400
US,2023-12-15,5Y,3.9100
US,2023-12-15,10Y,3.9100
US,2023-12-15,30Y,4.0000
US,2023-12-18,2Y,4.4300
US,2023-12-18,5Y,3.9400
US,2023-12-18,10Y,3.9500
US,2023-12-18,30Y,4.0500
US,2023-12-19,2Y,4.4100
US,2023-12-19,5Y,3.9400
US,2023-12-19,10Y,3.9300
US,2023-12-19,30Y,4.0300
US,2023-12-20,2Y,4.3400
US,2023-12-20,5Y,3.8600
US,2023-12-20,10Y,3.8600
US,2023-12-20,30Y,3.9800
US,2023-12-21,2Y,4.3300
US,2023-12-21,5Y,3.8700
US,2023-12-21,10Y,3.8900
US,2023-12-21,30Y,4.0300
US,2023-12-22,2Y,4.3100
US,2023-12-22,5Y,3.8700
US,2023-12-22,10Y,3.9000
US,2023-12-22,30Y,4.0500
US,2023-12-26,2Y,4.2600
US,2023-12-26,5Y,3.8900
US,2023-12-26,10Y,3.8900
US,2023-12-26,30Y,4.0400
US,2023-12-27,2Y,4.2000
US,2023-12-27,5Y,3.7800
US,2023-12-27,10Y,3.7900
US,2023-12-27,30Y,3.9500
US,2023-12-28,2Y,4.2600
US,2023-12-28,5Y,3.8300
US,2023-12-28,10Y,3.8400
US,2023-12-28,30Y,3.9800
US,2023-12-29,2Y,4.2300
US,2023-12-29,5Y,3.8400
US,2023-12-29,10Y,3.8800
US,2023-12-29,30Y,4.0300
US,2024-01-02,2Y,4.3300
US,2024-01-02,5Y,3.9300
US,2024-01-02,10Y,3.9500
US,2024-01-02,30Y,4.0800
US,2024-01-03,2Y,4.3300
US,2024-01-03,5Y,3.9000
US,2024-01-03,10Y,3.9100
US,2024-01-03,30Y,4.0500
US,2024-01-04,2Y,4.3800
US,2024-01-04,5Y,3.9700
US,2024-01-04,10Y,3.9900
US,2024-01-04,30Y,4.1300
US,2024-01-05,2Y,4.4000
US,2024-01-05,5Y,4.0200
US,2024-01-05,10Y,4.0500
US,2024-01-05,30Y,4.2100
US,2024-01-08,2Y,4.3600
US,2024-01-08,5Y,3.9700
US,2024-01-08,10Y,4.0100
US,2024-01-08,30Y,4.1700
US,2024-01-09,2Y,4.3600
US,2024-01-09,5Y,3.9700
US,2024-01-09,10Y,4.0200
US,2024-01-09,30Y,4.1800
US,2024-01-10,2Y,4.3700
US,2024-01-10,5Y,3.9900
US,2024-01-10,10Y,4.0400
US,2024-01-10,30Y,4.2000
US,2024-01-11,2Y,4.2600
US,2024-01-11,5Y,3.9000
US,2024-01-11,10Y,3.9800
US,2024-01-11,30Y,4.1800
US,2024-01-12,2Y,4.1400
US,2024-01-12,5Y,3.8400
US,2024-01-12,10Y,3.9600
US,2024-01-12,30Y,4.2000
US,2024-01-16,2Y,4.2200
US,2024-01-16,5Y,3.9500
US,2024-01-16,10Y,4.0700
US,2024-01-16,30Y,4.3000
US,2024-01-17,2Y,4.3400
US,2024-01-17,5Y,4.0200
US,2024-01-17,10Y,4.1000
US,2024-01-17,30Y,4.3100
US,2024-01-18,2Y,4.3400
US,2024-01-18,5Y,4.0400
US,2024-01-18,10Y,4.1400
US,2024-01-18,30Y,4.3700
US,2024-01-19,2Y,4.3900
US,2024-01-19,5Y,4.0800
US,2024-01-19,10Y,4.1500
US,2024-01-19,30Y,4.3600
US,2024-01-22,2Y,4.3700
US,2024-01-22,5Y,4.0300
US,2024-01-22,10Y,4.1100
US,2024-01-22,30Y,4.3200
US,2024-01-23,2Y,4.3100
US,2024-01-23,5Y,4.0600
US,2024-01-23,10Y,4.1400
US,2024-01-23,30Y,4.3800
US,2024-01-24,2Y,4.3400
US,2024-01-24,5Y,4.0600
US,2024-01-24,10Y,4.1800
US,2024-01-24,30Y,4.4100
US,2024-01-25,2Y,4.2800
US,2024-01-25,5Y,4.0100
US,2024-01-25,10Y,4.1400
US,2024-01-25,30Y,4.3800
US,2024-01-26,2Y,4.3400
US,2024-01-26,5Y,4.0400
US,2024-01-26,10Y,4.1500
US,2024-01-26,30Y,4.3800
US,2024-01-29,2Y,4.2900
US,2024-01-29,5Y,3.9700
US,2024-01-29,10Y,4.0800
US,2024-01-29,30Y,4.3100
US,2024-01-30,2Y,4.3600
US,2024-01-30,5Y,4.0000
US,2024-01-30,10Y,4.0600
US,2024-01-30,30Y,4.2800
US,2024-01-31,2Y,4.2700
US,2024-01-31,5Y,3.9100
US,2024-01-31,10Y,3.9900
US,2024-01-31,30Y,4.2200
US,2024-02-01,2Y,4.2000
US,2024-02-01,5Y,3.8000
US,2024-02-01,10Y,3.8700
US,2024-02-01,30Y,4.1000
US,2024-02-02,2Y,4.3600
US,2024-02-02,5Y,3.9900
US,2024-02-02,10Y,4.0300
US,2024-02-02,30Y,4.2200
US,2024-02-05,2Y,4.4600
US,2024-02-05,5Y,4.1300
US,2024-02-05,10Y,4.1700
US,2024-02-05,30Y,4.3500
US,2024-02-06,2Y,4.3900
US,2024-02-06,5Y,4.0300
US,2024-02-06,10Y,4.0900
US,2024-02-06,30Y,4.2900
US,2024-02-07,2Y,4.4100
US,2024-02-07,5Y,4.0600
US,2024-02-07,10Y,4.0900
US,2024-02-07,30Y,4.3100
US,2024-02-08,2Y,4.4600
US,2024-02-08,5Y,4.1200
US,2024-02-08,10Y,4.1500
US,2024-02-08,30Y,4.3600
US,2024-02-09,2Y,4.4800
US,2024-02-09,5Y,4.1400
US,2024-02-09,10Y,4.1700
US,2024-02-09,30Y,4.3700
US,2024-02-12,2Y,4.4600
US,2024-02-12,5Y,4.1300
US,2024-02-12,10Y,4.1700
US,2024-02-12,30Y,4.3700
US,2024-02-13,2Y,4.6400
US,2024-02-13,5Y,4.3100
US,2024-02-13,10Y,4.3100
US,2024-02-13,30Y,4.4600
US,2024-02-14,2Y,4.5600
US,2024-02-14,5Y,4.2500
US,2024-02-14,10Y,4.2700
US,2024-02-14,30Y,4.4500
US,2024-02-15,2Y,4.5600
US,2024-02-15,5Y,4.2200
US,2024-02-15,10Y,4.2400
US,2024-02-15,30Y,4.4200
US,2024-02-16,2Y,4.6400
US,2024-02-16,5Y,4.2900
US,2024-02-16,10Y,4.3000
US,2024-02-16,30Y,4.4500
US,2024-02-20,2Y,4.5900
US,2024-02-20,5Y,4.2500
US,2024-02-20,10Y,4.2700
US,2024-02-20,30Y,4.4400
US,2024-02-21,2Y,4.6400
US,2024-02-21,5Y,4.3000
US,2024-02-21,10Y,4.3200
US,2024-02-21,30Y,4.4900
US,2024-02-22,2Y,4.6900
US,2024-02-22,5Y,4.3300
US,2024-02-22,10Y,4.3300
US,2024-02-22,30Y,4.4700
US,2024-02-23,2Y,4.6700
US,2024-02-23,5Y,4.2800
US,2024-02-23,10Y,4.2600
US,2024-02-23,30Y,4.3700
US,2024-02-26,2Y,4.6900
US,2024-02-26,5Y,4.2900
US,2024-02-26,10Y,4.2800
US,2024-02-26,30Y,4.4000
US,2024-02-27,2Y,4.7000
US,2024-02-27,5Y,4.3200
US,2024-02-27,10Y,4.3100
US,2024-02-27,30Y,4.4400
US,2024-02-28,2Y,4.6400
US,2024-02-28,5Y,4.2600
US,2024-02-28,10Y,4.2700
US,2024-02-28,30Y,4.4000
US,2024-02-29,2Y,4.6400
US,2024-02-29,5Y,4.2600
US,2024-02-29,10Y,4.2500
US,2024-02-29,30Y,4.3800
US,2024-03-01,2Y,4.5400
US,2024-03-01,5Y,4.1700
US,2024-03-01,10Y,4.1900
US,2024-03-01,30Y,4.3300
US,2024-03-04,2Y,4.6100
US,2024-03-04,5Y,4.2100
US,2024-03-04,10Y,4.2200
US,2024-03-04,30Y,4.3600
US,2024-03-05,2Y,4.5400
US,2024-03-05,5Y,4.1300
US,2024-03-05,10Y,4.1300
US,2024-03-05,30Y,4.2700
US,2024-03-06,2Y,4.5500
US,2024-03-06,5Y,4.1200
US,2024-03-06,10Y,4.1100
US,2024-03-06,30Y,4.2400
US,2024-03-07,2Y,4.5000
US,2024-03-07,5Y,4.0700
US,2024-03-07,10Y,4.0900
US,2024-03-07,30Y,4.2500
US,2024-03-08,2Y,4.4800
US,2024-03-08,5Y,4.0600
US,2024-03-08,10Y,4.0900
US,2024-03-08,30Y,4.2600
US,2024-03-11,2Y,4.5100
US,2024-03-11,5Y,4.0800
US,2024-03-11,10Y,4.1000
US,2024-03-11,30Y,4.2600
US,2024-03-12,2Y,4.5800
US,2024-03-12,5Y,4.1500
US,2024-03-12,10Y,4.1600
US,2024-03-12,30Y,4.3100
US,2024-03-13,2Y,4.6100
US,2024-03-13,5Y,4.1900
US,2024-03-13,10Y,4.1900
US,2024-03-13,30Y,4.3500
US,2024-03-14,2Y,4.6800
US,2024-03-14,5Y,4.2900
US,2024-03-14,10Y,4.2900
US,2024-03-14,30Y,4.4400
US,2024-03-15,2Y,4.7200
US,2024-03-15,5Y,4.3300
US,2024-03-15,10Y,4.3100
US,2024-03-15,30Y,4.4300
US,2024-03-18,2Y,4.7300
US,2024-03-18,5Y,4.3600
US,2024-03-18,10Y,4.3400
US,2024-03-18,30Y,4.4600
US,2024-03-19,2Y,4.6800
US,2024-03-19,5Y,4.3100
US,2024-03-19,10Y,4.3000
US,2024-03-19,30Y,4.4400
US,2024-03-20,2Y,4.5900
US,2024-03-20,5Y,4.2500
US,2024-03-20,10Y,4.2700
US,2024-03-20,30Y,4.4500
US,2024-03-21,2Y,4.6200
US,2024-03-21,5Y,4.2600
US,2024-03-21,10Y,4.2700
US,2024-03-21,30Y,4.4400
US,2024-03-22,2Y,4.5900
US,2024-03-22,5Y,4.2000
US,2024-03-22,10Y,4.2200
US,2024-03-22,30Y,4.3900
US,2024-03-25,2Y,4.5400
US,2024-03-25,5Y,4.2300
US,2024-03-25,10Y,4.2500
US,2024-03-25,30Y,4.4200
US,2024-03-26,2Y,4.5600
US,2024-03-26,5Y,4.2200
US,2024-03-26,10Y,4.2400
US,2024-03-26,30Y,4.4000
US,2024-03-27,2Y,4.5400
US,2024-03-27,5Y,4.1800
US,2024-03-27,10Y,4.2000
US,2024-03-27,30Y,4.3600
US,2024-03-28,2Y,4.5900
US,2024-03-28,5Y,4.2100
US,2024-03-28,10Y,4.2000
US,2024-03-28,30Y,4.3400
US,2024-04-01,2Y,4.7200
US,2024-04-01,5Y,4.3400
US,2024-04-01,10Y,4.3300
US,2024-04-01,30Y,4.4700
US,2024-04-02,2Y,4.7000
US,2024-04-02,5Y,4.3500
US,2024-04-02,10Y,4.3600
US,2024-04-02,30Y,4.5100
US,2024-04-03,2Y,4.6800
US,2024-04-03,5Y,4.3400
US,2024-04-03,10Y,4.3600
US,2024-04-03,30Y,4.5100
US,2024-04-04,2Y,4.6500
US,2024-04-04,5Y,4.3000
US,2024-04-04,10Y,4.3100
US,2024-04-04,30Y,4.4700
US,2024-04-05,2Y,4.7300
US,2024-04-05,5Y,4.3800
US,2024-04-05,10Y,4.3900
US,2024-04-05,30Y,4.5400
US,2024-04-08,2Y,4.7800
US,2024-04-08,5Y,4.4300
US,2024-04-08,10Y,4.4200
US,2024-04-08,30Y,4.5500
US,2024-04-09,2Y,4.7400
US,2024-04-09,5Y,4.3700
US,2024-04-09,10Y,4.3600
US,2024-04-09,30Y,4.5000
US,2024-04-10,2Y,4.9700
US,2024-04-10,5Y,4.6100
US,2024-04-10,10Y,4.5500
US,2024-04-10,30Y,4.6400
US,2024-04-11,2Y,4.9300
US,2024-04-11,5Y,4.6100
US,2024-04-11,10Y,4.5600
US,2024-04-11,30Y,4.6500
US,2024-04-12,2Y,4.8800
US,2024-04-12,5Y,4.5400
US,2024-04-12,10Y,4.5000
US,2024-04-12,30Y,4.6100
US,2024-04-15,2Y,4.9300
US,2024-04-15,5Y,4.6500
US,2024-04-15,10Y,4.6300
US,2024-04-15,30Y,4.7400
US,2024-04-16,2Y,4.9700
US,2024-04-16,5Y,4.6900
US,2024-04-16,10Y,4.6700
US,2024-04-16,30Y,4.7700
US,2024-04-17,2Y,4.9300
US,2024-04-17,5Y,4.6200
US,2024-04-17,10Y,4.5900
US,2024-04-17,30Y,4.7100
US,2024-04-18,2Y,4.9800
US,2024-04-18,5Y,4.6800
US,2024-04-18,10Y,4.6400
US,2024-04-18,30Y,4.7400
US,2024-04-19,2Y,4.9700
US,2024-04-19,5Y,4.6600
US,2024-04-19,10Y,4.6200
US,2024-04-19,30Y,4.7200
US,2024-04-22,2Y,4.9700
US,2024-04-22,5Y,4.6600
US,2024-04-22,10Y,4.6200
US,2024-04-22,30Y,4.7200
US,2024-04-23,2Y,4.8600
US,2024-04-23,5Y,4.6300
US,2024-04-23,10Y,4.6100
US,2024-04-23,30Y,4.7300
US,2024-04-24,2Y,4.8900
US,2024-04-24,5Y,4.6400
US,2024-04-24,10Y,4.6500
US,2024-04-24,30Y,4.7800
US,2024-04-25,2Y,4.9600
US,2024-04-25,5Y,4.7000
US,2024-04-25,10Y,4.7000
US,2024-04-25,30Y,4.8200
US,2024-04-26,2Y,4.9600
US,2024-04-26,5Y,4.6800
US,2024-04-26,10Y,4.6700
US,2024-04-26,30Y,4.7800
US,2024-04-29,2Y,4.9700
US,2024-04-29,5Y,4.6500
US,2024-04-29,10Y,4.6300
US,2024-04-29,30Y,4.7500
US,2024-04-30,2Y,5.0400
US,2024-04-30,5Y,4.7200
US,2024-04-30,10Y,4.6900
US,2024-04-30,30Y,4.7900
US,2024-05-01,2Y,4.9600
US,2024-05-01,5Y,4.6400
US,2024-05-01,10Y,4.6300
US,2024-05-01,30Y,4.7400
US,2024-05-02,2Y,4.8700
US,2024-05-02,5Y,4.5700
US,2024-05-02,10Y,4.5800
US,2024-05-02,30Y,4.7200
US,2024-05-03,2Y,4.8100
US,2024-05-03,5Y,4.4800
US,2024-05-03,10Y,4.5000
US,2024-05-03,30Y,4.6600
US,2024-05-06,2Y,4.8200
US,2024-05-06,5Y,4.4800
US,2024-05-06,10Y,4.4900
US,2024-05-06,30Y,4.6400
US,2024-05-07,2Y,4.8200
US,2024-05-07,5Y,4.4800
US,2024-05-07,10Y,4.4700
US,2024-05-07,30Y,4.6100
US,2024-05-08,2Y,4.8400
US,2024-05-08,5Y,4.5000
US,2024-05-08,10Y,4.4800
US,2024-05-08,30Y,4.6400
US,2024-05-09,2Y,4.8000
US,2024-05-09,5Y,4.4700
US,2024-05-09,10Y,4.4500
US,2024-05-09,30Y,4.6000
US,2024-05-10,2Y,4.8700
US,2024-05-10,5Y,4.5200
US,2024-05-10,10Y,4.5000
US,2024-05-10,30Y,4.6400
US,2024-05-13,2Y,4.8500
US,2024-05-13,5Y,4.5000
US,2024-05-13,10Y,4.4800
US,2024-05-13,30Y,4.6300
US,2024-05-14,2Y,4.8100
US,2024-05-14,5Y,4.4600
US,2024-05-14,10Y,4.4500
US,2024-05-14,30Y,4.5900
US,2024-05-15,2Y,4.7300
US,2024-05-15,5Y,4.3500
US,2024-05-15,10Y,4.3600
US,2024-05-15,30Y,4.5200
US,2024-05-16,2Y,4.7800
US,2024-05-16,5Y,4.4000
US,2024-05-16,10Y,4.3800
US,2024-05-16,30Y,4.5200
US,2024-05-17,2Y,4.8300
US,2024-05-17,5Y,4.4400
US,2024-05-17,10Y,4.4200
US,2024-05-17,30Y,4.5600
US,2024-05-20,2Y,4.8200
US,2024-05-20,5Y,4.4600
US,2024-05-20,10Y,4.4400
US,2024-05-20,30Y,4.5800
US,2024-05-21,2Y,4.8200
US,2024-05-21,5Y,4.4300
US,2024-05-21,10Y,4.4100
US,2024-05-21,30Y,4.5500
US,2024-05-22,2Y,4.8600
US,2024-05-22,5Y,4.4700
US,2024-05-22,10Y,4.4300
US,2024-05-22,30Y,4.5500
US,2024-05-23,2Y,4.9100
US,2024-05-23,5Y,4.5200
US,2024-05-23,10Y,4.4700
US,2024-05-23,30Y,4.5800
US,2024-05-24,2Y,4.9300
US,2024-05-24,5Y,4.5300
US,2024-05-24,10Y,4.4600
US,2024-05-24,30Y,4.5700
US,2024-05-28,2Y,4.9400
US,2024-05-28,5Y,4.5600
US,2024-05-28,10Y,4.5400
US,2024-05-28,30Y,4.6600
US,2024-05-29,2Y,4.9600
US,2024-05-29,5Y,4.6300
US,2024-05-29,10Y,4.6100
US,2024-05-29,30Y,4.7400
US,2024-05-30,2Y,4.9200
US,2024-05-30,5Y,4.5700
US,2024-05-30,10Y,4.5500
US,2024-05-30,30Y,4.6900
US,2024-05-31,2Y,4.8900
US,2024-05-31,5Y,4.5200
US,2024-05-31,10Y,4.5100
US,2024-05-31,30Y,4.6500
US,2024-06-03,2Y,4.8200
US,2024-06-03,5Y,4.4200
US,2024-06-03,10Y,4.4100
US,2024-06-03,30Y,4.5500
US,2024-06-04,2Y,4.7700
US,2024-06-04,5Y,4.3500
US,2024-06-04,10Y,4.3300
US,2024-06-04,30Y,4.4800
US,2024-06-05,2Y,4.7200
US,2024-06-05,5Y,4.3100
US,2024-06-05,10Y,4.2900
US,2024-06-05,30Y,4.4400
US,2024-06-06,2Y,4.7200
US,2024-06-06,5Y,4.2900
US,2024-06-06,10Y,4.2800
US,2024-06-06,30Y,4.4300
US,2024-06-07,2Y,4.8700
US,2024-06-07,5Y,4.4600
US,2024-06-07,10Y,4.4300
US,2024-06-07,30Y,4.5500
US,2024-06-10,2Y,4.8700
US,2024-06-10,5Y,4.4800
US,2024-06-10,10Y,4.4700
US,2024-06-10,30Y,4.5900
US,2024-06-11,2Y,4.8100
US,2024-06-11,5Y,4.4100
US,2024-06-11,10Y,4.3900
US,2024-06-11,30Y,4.5300
US,2024-06-12,2Y,4.7500
US,2024-06-12,5Y,4.3200
US,2024-06-12,10Y,4.3100
US,2024-06-12,30Y,4.4700
US,2024-06-13,2Y,4.6800
US,2024-06-13,5Y,4.2400
US,2024-06-13,10Y,4.2400
US,2024-06-13,30Y,4.4000
US,2024-06-14,2Y,4.6700
US,2024-06-14,5Y,4.2200
US,2024-06-14,10Y,4.2000
US,2024-06-14,30Y,4.3400
US,2024-06-17,2Y,4.7500
US,2024-06-17,5Y,4.3000
US,2024-06-17,10Y,4.2800
US,2024-06-17,30Y,4.4000
US,2024-06-18,2Y,4.6900
US,2024-06-18,5Y,4.2400
US,2024-06-18,10Y,4.2200
US,2024-06-18,30Y,4.3600
US,2024-06-20,2Y,4.7000
US,2024-06-20,5Y,4.2600
US,2024-06-20,10Y,4.2500
US,2024-06-20,30Y,4.3900
US,2024-06-21,2Y,4.7000
US,2024-06-21,5Y,4.2600
US,2024-06-21,10Y,4.2500
US,2024-06-21,30Y,4.3900
US,2024-06-24,2Y,4.7100
US,2024-06-24,5Y,4.2700
US,2024-06-24,10Y,4.2500
US,2024-06-24,30Y,4.3800
US,2024-06-25,2Y,4.6500
US,2024-06-25,5Y,4.2500
US,2024-06-25,10Y,4.2300
US,2024-06-25,30Y,4.3600
US,2024-06-26,2Y,4.7100
US,2024-06-26,5Y,4.3200
US,2024-06-26,10Y,4.3200
US,2024-06-26,30Y,4.4500
US,2024-06-27,2Y,4.7000
US,2024-06-27,5Y,4.2900
US,2024-06-27,10Y,4.2900
US,2024-06-27,30Y,4.4300
US,2024-06-28,2Y,4.7100
US,2024-06-28,5Y,4.3300
US,2024-06-28,10Y,4.3600
US,2024-06-28,30Y,4.5100
US,2024-07-01,2Y,4.7700
US,2024-07-01,5Y,4.4400
US,2024-07-01,10Y,4.4800
US,2024-07-01,30Y,4.6400
US,2024-07-02,2Y,4.7400
US,2024-07-02,5Y,4.3900
US,2024-07-02,10Y,4.4300
US,2024-07-02,30Y,4.6000
US,2024-07-03,2Y,4.7100
US,2024-07-03,5Y,4.3300
US,2024-07-03,10Y,4.3600
US,2024-07-03,30Y,4.5300
US,2024-07-05,2Y,4.6000
US,2024-07-05,5Y,4.2200
US,2024-07-05,10Y,4.2800
US,2024-07-05,30Y,4.4700
US,2024-07-08,2Y,4.6200
US,2024-07-08,5Y,4.2300
US,2024-07-08,10Y,4.2800
US,2024-07-08,30Y,4.4600
US,2024-07-09,2Y,4.6200
US,2024-07-09,5Y,4.2400
US,2024-07-09,10Y,4.3000
US,2024-07-09,30Y,4.4900
US,2024-07-10,2Y,4.6200
US,2024-07-10,5Y,4.2400
US,2024-07-10,10Y,4.2800
US,2024-07-10,30Y,4.4700
US,2024-07-11,2Y,4.5000
US,2024-07-11,5Y,4.1300
US,2024-07-11,10Y,4.2000
US,2024-07-11,30Y,4.4100
US,2024-07-12,2Y,4.4500
US,2024-07-12,5Y,4.1000
US,2024-07-12,10Y,4.1800
US,2024-07-12,30Y,4.3900
US,2024-07-15,2Y,4.4400
US,2024-07-15,5Y,4.1300
US,2024-07-15,10Y,4.2300
US,2024-07-15,30Y,4.4600
US,2024-07-16,2Y,4.4300
US,2024-07-16,5Y,4.0900
US,2024-07-16,10Y,4.1700
US,2024-07-16,30Y,4.3800
US,2024-07-17,2Y,4.4200
US,2024-07-17,5Y,4.0700
US,2024-07-17,10Y,4.1600
US,2024-07-17,30Y,4.3700
US,2024-07-18,2Y,4.4600
US,2024-07-18,5Y,4.1100
US,2024-07-18,10Y,4.2000
US,2024-07-18,30Y,4.4100
US,2024-07-19,2Y,4.4900
US,2024-07-19,5Y,4.1600
US,2024-07-19,10Y,4.2500
US,2024-07-19,30Y,4.4500
US,2024-07-22,2Y,4.5000
US,2024-07-22,5Y,4.1700
US,2024-07-22,10Y,4.2600
US,2024-07-22,30Y,4.4800
US,2024-07-23,2Y,4.4000
US,2024-07-23,5Y,4.1500
US,2024-07-23,10Y,4.2500
US,2024-07-23,30Y,4.4800
US,2024-07-24,2Y,4.3700
US,2024-07-24,5Y,4.1200
US,2024-07-24,10Y,4.2800
US,2024-07-24,30Y,4.5400
US,2024-07-25,2Y,4.4100
US,2024-07-25,5Y,4.1300
US,2024-07-25,10Y,4.2700
US,2024-07-25,30Y,4.5000
US,2024-07-26,2Y,4.3600
US,2024-07-26,5Y,4.0600
US,2024-07-26,10Y,4.2000
US,2024-07-26,30Y,4.4500
US,2024-07-29,2Y,4.3600
US,2024-07-29,5Y,4.0500
US,2024-07-29,10Y,4.1700
US,2024-07-29,30Y,4.4200
US,2024-07-30,2Y,4.3500
US,2024-07-30,5Y,4.0300
US,2024-07-30,10Y,4.1500
US,2024-07-30,30Y,4.4000
US,2024-07-31,2Y,4.2900
US,2024-07-31,5Y,3.9700
US,2024-07-31,10Y,4.0900
US,2024-07-31,30Y,4.3500
US,2024-08-01,2Y,4.1600
US,2024-08-01,5Y,3.8400
US,2024-08-01,10Y,3.9900
US,2024-08-01,30Y,4.2700
US,2024-08-02,2Y,3.8800
US,2024-08-02,5Y,3.6200
US,2024-08-02,10Y,3.8000
US,2024-08-02,30Y,4.1100
US,2024-08-05,2Y,3.8900
US,2024-08-05,5Y,3.6200
US,2024-08-05,10Y,3.7800
US,2024-08-05,30Y,4.0600
US,2024-08-06,2Y,3.9900
US,2024-08-06,5Y,3.7300
US,2024-08-06,10Y,3.9000
US,2024-08-06,30Y,4.1800
US,2024-08-07,2Y,4.0000
US,2024-08-07,5Y,3.7900
US,2024-08-07,10Y,3.9600
US,2024-08-07,30Y,4.2600
US,2024-08-08,2Y,4.0400
US,2024-08-08,5Y,3.8300
US,2024-08-08,10Y,3.9900
US,2024-08-08,30Y,4.2800
US,2024-08-09,2Y,4.0500
US,2024-08-09,5Y,3.8000
US,2024-08-09,10Y,3.9400
US,2024-08-09,30Y,4.2300
US,2024-08-12,2Y,4.0100
US,2024-08-12,5Y,3.7500
US,2024-08-12,10Y,3.9000
US,2024-08-12,30Y,4.1900
US,2024-08-13,2Y,3.9300
US,2024-08-13,5Y,3.6800
US,2024-08-13,10Y,3.8500
US,2024-08-13,30Y,4.1600
US,2024-08-14,2Y,3.9400
US,2024-08-14,5Y,3.6700
US,2024-08-14,10Y,3.8300
US,2024-08-14,30Y,4.1200
US,2024-08-15,2Y,4.0800
US,2024-08-15,5Y,3.7900
US,2024-08-15,10Y,3.9200
US,2024-08-15,30Y,4.1800
US,2024-08-16,2Y,4.0600
US,2024-08-16,5Y,3.7700
US,2024-08-16,10Y,3.8900
US,2024-08-16,30Y,4.1500
US,2024-08-19,2Y,4.0600
US,2024-08-19,5Y,3.7500
US,2024-08-19,10Y,3.8600
US,2024-08-19,30Y,4.1100
US,2024-08-20,2Y,3.9900
US,2024-08-20,5Y,3.7000
US,2024-08-20,10Y,3.8200
US,2024-08-20,30Y,4.0700
US,2024-08-21,2Y,3.9200
US,2024-08-21,5Y,3.6400
US,2024-08-21,10Y,3.7900
US,2024-08-21,30Y,4.0600
US,2024-08-22,2Y,3.9900
US,2024-08-22,5Y,3.7200
US,2024-08-22,10Y,3.8600
US,2024-08-22,30Y,4.1300
US,2024-08-23,2Y,3.9000
US,2024-08-23,5Y,3.6500
US,2024-08-23,10Y,3.8100
US,2024-08-23,30Y,4.1000
US,2024-08-26,2Y,3.9100
US,2024-08-26,5Y,3.6600
US,2024-08-26,10Y,3.8200
US,2024-08-26,30Y,4.1100
US,2024-08-27,2Y,3.8300
US,2024-08-27,5Y,3.6600
US,2024-08-27,10Y,3.8300
US,2024-08-27,30Y,4.1300
US,2024-08-28,2Y,3.8300
US,2024-08-28,5Y,3.6300
US,2024-08-28,10Y,3.8400
US,2024-08-28,30Y,4.1300
US,2024-08-29,2Y,3.8700
US,2024-08-29,5Y,3.6600
US,2024-08-29,10Y,3.8700
US,2024-08-29,30Y,4.1500
US,2024-08-30,2Y,3.9100
US,2024-08-30,5Y,3.7100
US,2024-08-30,10Y,3.9100
US,2024-08-30,30Y,4.2000
US,2024-09-03,2Y,3.8800
US,2024-09-03,5Y,3.6500
US,2024-09-03,10Y,3.8400
US,2024-09-03,30Y,4.1300
US,2024-09-04,2Y,3.7600
US,2024-09-04,5Y,3.5600
US,2024-09-04,10Y,3.7700
US,2024-09-04,30Y,4.0600
US,2024-09-05,2Y,3.7500
US,2024-09-05,5Y,3.5400
US,2024-09-05,10Y,3.7300
US,2024-09-05,30Y,4.0200
US,2024-09-06,2Y,3.6600
US,2024-09-06,5Y,3.5000
US,2024-09-06,10Y,3.7200
US,2024-09-06,30Y,4.0300
US,2024-09-09,2Y,3.6800
US,2024-09-09,5Y,3.4900
US,2024-09-09,10Y,3.7000
US,2024-09-09,30Y,4.0000
US,2024-09-10,2Y,3.5900
US,2024-09-10,5Y,3.4300
US,2024-09-10,10Y,3.6500
US,2024-09-10,30Y,3.9700
US,2024-09-11,2Y,3.6200
US,2024-09-11,5Y,3.4500
US,2024-09-11,10Y,3.6500
US,2024-09-11,30Y,3.9600
US,2024-09-12,2Y,3.6400
US,2024-09-12,5Y,3.4700
US,2024-09-12,10Y,3.6800
US,2024-09-12,30Y,4.0000
US,2024-09-13,2Y,3.5700
US,2024-09-13,5Y,3.4300
US,2024-09-13,10Y,3.6600
US,2024-09-13,30Y,3.9800
US,2024-09-16,2Y,3.5600
US,2024-09-16,5Y,3.4100
US,2024-09-16,10Y,3.6300
US,2024-09-16,30Y,3.9400
US,2024-09-17,2Y,3.5900
US,2024-09-17,5Y,3.4400
US,2024-09-17,10Y,3.6500
US,2024-09-17,30Y,3.9600
US,2024-09-18,2Y,3.6100
US,2024-09-18,5Y,3.4700
US,2024-09-18,10Y,3.7000
US,2024-09-18,30Y,4.0300
US,2024-09-19,2Y,3.5900
US,2024-09-19,5Y,3.4900
US,2024-09-19,10Y,3.7300
US,2024-09-19,30Y,4.0600
US,2024-09-20,2Y,3.5500
US,2024-09-20,5Y,3.4800
US,2024-09-20,10Y,3.7300
US,2024-09-20,30Y,4.0700
US,2024-09-23,2Y,3.5700
US,2024-09-23,5Y,3.5100
US,2024-09-23,10Y,3.7500
US,2024-09-23,30Y,4.0900
US,2024-09-24,2Y,3.4900
US,2024-09-24,5Y,3.4700
US,2024-09-24,10Y,3.7400
US,2024-09-24,30Y,4.0900
US,2024-09-25,2Y,3.5300
US,2024-09-25,5Y,3.5200
US,2024-09-25,10Y,3.7900
US,2024-09-25,30Y,4.1400
US,2024-09-26,2Y,3.6000
US,2024-09-26,5Y,3.5500
US,2024-09-26,10Y,3.7900
US,2024-09-26,30Y,4.1200
US,2024-09-27,2Y,3.5500
US,2024-09-27,5Y,3.5000
US,2024-09-27,10Y,3.7500
US,2024-09-27,30Y,4.1000
US,2024-09-30,2Y,3.6600
US,2024-09-30,5Y,3.5800
US,2024-09-30,10Y,3.8100
US,2024-09-30,30Y,4.1400
US,2024-10-01,2Y,3.6100
US,2024-10-01,5Y,3.5100
US,2024-10-01,10Y,3.7400
US,2024-10-01,30Y,4.0800
US,2024-10-02,2Y,3.6300
US,2024-10-02,5Y,3.5500
US,2024-10-02,10Y,3.7900
US,2024-10-02,30Y,4.1400
US,2024-10-03,2Y,3.7000
US,2024-10-03,5Y,3.6200
US,2024-10-03,10Y,3.8500
US,2024-10-03,30Y,4.1800
US,2024-10-04,2Y,3.9300
US,2024-10-04,5Y,3.8100
US,2024-10-04,10Y,3.9800
US,2024-10-04,30Y,4.2600
US,2024-10-07,2Y,3.9900
US,2024-10-07,5Y,3.8600
US,2024-10-07,10Y,4.0300
US,2024-10-07,30Y,4.3000
US,2024-10-08,2Y,3.9800
US,2024-10-08,5Y,3.8600
US,2024-10-08,10Y,4.0400
US,2024-10-08,30Y,4.3200
US,2024-10-09,2Y,3.9900
US,2024-10-09,5Y,3.9100
US,2024-10-09,10Y,4.0600
US,2024-10-09,30Y,4.3400
US,2024-10-10,2Y,3.9800
US,2024-10-10,5Y,3.9100
US,2024-10-10,10Y,4.0900
US,2024-10-10,30Y,4.3800
US,2024-10-11,2Y,3.9500
US,2024-10-11,5Y,3.8800
US,2024-10-11,10Y,4.0800
US,2024-10-11,30Y,4.3900
US,2024-10-15,2Y,3.9500
US,2024-10-15,5Y,3.8600
US,2024-10-15,10Y,4.0300
US,2024-10-15,30Y,4.3200
US,2024-10-16,2Y,3.9300
US,2024-10-16,5Y,3.8400
US,2024-10-16,10Y,4.0200
US,2024-10-16,30Y,4.3000
US,2024-10-17,2Y,3.9600
US,2024-10-17,5Y,3.9000
US,2024-10-17,10Y,4.0900
US,2024-10-17,30Y,4.3900
US,2024-10-18,2Y,3.9500
US,2024-10-18,5Y,3.8800
US,2024-10-18,10Y,4.0800
US,2024-10-18,30Y,4.3800
US,2024-10-21,2Y,4.0200
US,2024-10-21,5Y,3.9800
US,2024-10-21,10Y,4.1900
US,2024-10-21,30Y,4.4900
US,2024-10-22,2Y,4.0300
US,2024-10-22,5Y,4.0000
US,2024-10-22,10Y,4.2000
US,2024-10-22,30Y,4.4900
US,2024-10-23,2Y,4.0700
US,2024-10-23,5Y,4.0500
US,2024-10-23,10Y,4.2400
US,2024-10-23,30Y,4.5100
US,2024-10-24,2Y,4.0700
US,2024-10-24,5Y,4.0300
US,2024-10-24,10Y,4.2100
US,2024-10-24,30Y,4.4700
US,2024-10-25,2Y,4.1100
US,2024-10-25,5Y,4.0700
US,2024-10-25,10Y,4.2500
US,2024-10-25,30Y,4.5100
US,2024-10-28,2Y,4.1200
US,2024-10-28,5Y,4.1100
US,2024-10-28,10Y,4.2800
US,2024-10-28,30Y,4.5300
US,2024-10-29,2Y,4.1100
US,2024-10-29,5Y,4.1100
US,2024-10-29,10Y,4.2800
US,2024-10-29,30Y,4.5200
US,2024-10-30,2Y,4.1500
US,2024-10-30,5Y,4.1400
US,2024-10-30,10Y,4.2900
US,2024-10-30,30Y,4.4900
US,2024-10-31,2Y,4.1600
US,2024-10-31,5Y,4.1500
US,2024-10-31,10Y,4.2800
US,2024-10-31,30Y,4.4700
US,2024-11-01,2Y,4.2100
US,2024-11-01,5Y,4.2200
US,2024-11-01,10Y,4.3700
US,2024-11-01,30Y,4.5700
US,2024-11-04,2Y,4.1700
US,2024-11-04,5Y,4.1700
US,2024-11-04,10Y,4.3100
US,2024-11-04,30Y,4.5000
US,2024-11-05,2Y,4.1900
US,2024-11-05,5Y,4.1600
US,2024-11-05,10Y,4.2600
US,2024-11-05,30Y,4.4400
US,2024-11-06,2Y,4.2700
US,2024-11-06,5Y,4.2700
US,2024-11-06,10Y,4.4200
US,2024-11-06,30Y,4.6000
US,2024-11-07,2Y,4.2100
US,2024-11-07,5Y,4.1700
US,2024-11-07,10Y,4.3100
US,2024-11-07,30Y,4.5200
US,2024-11-08,2Y,4.2600
US,2024-11-08,5Y,4.2000
US,2024-11-08,10Y,4.3000
US,2024-11-08,30Y,4.4700
US,2024-11-12,2Y,4.3400
US,2024-11-12,5Y,4.3200
US,2024-11-12,10Y,4.4300
US,2024-11-12,30Y,4.5800
US,2024-11-13,2Y,4.2700
US,2024-11-13,5Y,4.3000
US,2024-11-13,10Y,4.4400
US,2024-11-13,30Y,4.6300
US,2024-11-14,2Y,4.3400
US,2024-11-14,5Y,4.3200
US,2024-11-14,10Y,4.4300
US,2024-11-14,30Y,4.5800
US,2024-11-15,2Y,4.3100
US,2024-11-15,5Y,4.3000
US,2024-11-15,10Y,4.4300
US,2024-11-15,30Y,4.6000
US,2024-11-18,2Y,4.2900
US,2024-11-18,5Y,4.2800
US,2024-11-18,10Y,4.4200
US,2024-11-18,30Y,4.6100
US,2024-11-19,2Y,4.2700
US,2024-11-19,5Y,4.2500
US,2024-11-19,10Y,4.3900
US,2024-11-19,30Y,4.5700
US,2024-11-20,2Y,4.3100
US,2024-11-20,5Y,4.2800
US,2024-11-20,10Y,4.4100
US,2024-11-20,30Y,4.5900
US,2024-11-21,2Y,4.3400
US,2024-11-21,5Y,4.3000
US,2024-11-21,10Y,4.4300
US,2024-11-21,30Y,4.6100
US,2024-11-22,2Y,4.3700
US,2024-11-22,5Y,4.3000
US,2024-11-22,10Y,4.4100
US,2024-11-22,30Y,4.6000
US,2024-11-25,2Y,4.2100
US,2024-11-25,5Y,4.1700
US,2024-11-25,10Y,4.2700
US,2024-11-25,30Y,4.4500
US,2024-11-26,2Y,4.2100
US,2024-11-26,5Y,4.1700
US,2024-11-26,10Y,4.3000
US,2024-11-26,30Y,4.4800
US,2024-11-27,2Y,4.1900
US,2024-11-27,5Y,4.1100
US,2024-11-27,10Y,4.2500
US,2024-11-27,30Y,4.4400
US,2024-11-29,2Y,4.1300
US,2024-11-29,5Y,4.0500
US,2024-11-29,10Y,4.1800
US,2024-11-29,30Y,4.3600
US,2024-12-02,2Y,4.1700
US,2024-12-02,5Y,4.0800
US,2024-12-02,10Y,4.1900
US,2024-12-02,30Y,4.3600
US,2024-12-03,2Y,4.1700
US,2024-12-03,5Y,4.1100
US,2024-12-03,10Y,4.2300
US,2024-12-03,30Y,4.4000
US,2024-12-04,2Y,4.1300
US,2024-12-04,5Y,4.0700
US,2024-12-04,10Y,4.1900
US,2024-12-04,30Y,4.3500
US,2024-12-05,2Y,4.1500
US,2024-12-05,5Y,4.0700
US,2024-12-05,10Y,4.1700
US,2024-12-05,30Y,4.3300
US,2024-12-06,2Y,4.1000
US,2024-12-06,5Y,4.0300
US,2024-12-06,10Y,4.1500
US,2024-12-06,30Y,4.3400
US,2024-12-09,2Y,4.1300
US,2024-12-09,5Y,4.0700
US,2024-12-09,10Y,4.2000
US,2024-12-09,30Y,4.3900
US,2024-12-10,2Y,4.1500
US,2024-12-10,5Y,4.0900
US,2024-12-10,10Y,4.2200
US,2024-12-10,30Y,4.4100
US,2024-12-11,2Y,4.1500
US,2024-12-11,5Y,4.1300
US,2024-12-11,10Y,4.2600
US,2024-12-11,30Y,4.4800
US,2024-12-12,2Y,4.1800
US,2024-12-12,5Y,4.1800
US,2024-12-12,10Y,4.3200
US,2024-12-12,30Y,4.5500
US,2024-12-13,2Y,4.2500
US,2024-12-13,5Y,4.2500
US,2024-12-13,10Y,4.4000
US,2024-12-13,30Y,4.6100
US,2024-12-16,2Y,4.2500
US,2024-12-16,5Y,4.2500
US,2024-12-16,10Y,4.3900
US,2024-12-16,30Y,4.6000
US,2024-12-17,2Y,4.2500
US,2024-12-17,5Y,4.2600
US,2024-12-17,10Y,4.4000
US,2024-12-17,30Y,4.5900
US,2024-12-18,2Y,4.3500
US,2024-12-18,5Y,4.4000
US,2024-12-18,10Y,4.5000
US,2024-12-18,30Y,4.6500
US,2024-12-19,2Y,4.3200
US,2024-12-19,5Y,4.4300
US,2024-12-19,10Y,4.5700
US,2024-12-19,30Y,4.7400
US,2024-12-20,2Y,4.3000
US,2024-12-20,5Y,4.3700
US,2024-12-20,10Y,4.5200
US,2024-12-20,30Y,4.7200
US,2024-12-23,2Y,4.3000
US,2024-12-23,5Y,4.4400
US,2024-12-23,10Y,4.5900
US,2024-12-23,30Y,4.7800
US,2024-12-24,2Y,4.2900
US,2024-12-24,5Y,4.4300
US,2024-12-24,10Y,4.5900
US,2024-12-24,30Y,4.7600
US,2024-12-26,2Y,4.3000
US,2024-12-26,5Y,4.4200
US,2024-12-26,10Y,4.5800
US,2024-12-26,30Y,4.7600
US,2024-12-27,2Y,4.3100
US,2024-12-27,5Y,4.4500
US,2024-12-27,10Y,4.6200
US,2024-12-27,30Y,4.8200
US,2024-12-30,2Y,4.2400
US,2024-12-30,5Y,4.3700
US,2024-12-30,10Y,4.5500
US,2024-12-30,30Y,4.7700
US,2024-12-31,2Y,4.2500
US,2024-12-31,5Y,4.3800
US,2024-12-31,10Y,4.5800
US,2024-12-31,30Y,4.7800
US,2025-01-02,2Y,4.2500
US,2025-01-02,5Y,4.3800
US,2025-01-02,10Y,4.5700
US,2025-01-02,30Y,4.7900
US,2025-01-03,2Y,4.2800
US,2025-01-03,5Y,4.4100
US,2025-01-03,10Y,4.6000
US,2025-01-03,30Y,4.8200
US,2025-01-06,2Y,4.2800
US,2025-01-06,5Y,4.4200
US,2025-01-06,10Y,4.6200
US,2025-01-06,30Y,4.8500
US,2025-01-07,2Y,4.3000
US,2025-01-07,5Y,4.4600
US,2025-01-07,10Y,4.6700
US,2025-01-07,30Y,4.9100
US,2025-01-08,2Y,4.2800
US,2025-01-08,5Y,4.4500
US,2025-01-08,10Y,4.6700
US,2025-01-08,30Y,4.9100
US,2025-01-09,2Y,4.2700
US,2025-01-09,5Y,4.4600
US,2025-01-09,10Y,4.6800
US,2025-01-09,30Y,4.9200
US,2025-01-10,2Y,4.4000
US,2025-01-10,5Y,4.5900
US,2025-01-10,10Y,4.7700
US,2025-01-10,30Y,4.9600
US,2025-01-13,2Y,4.4000
US,2025-01-13,5Y,4.6100
US,2025-01-13,10Y,4.7900
US,2025-01-13,30Y,4.9700
US,2025-01-14,2Y,4.3700
US,2025-01-14,5Y,4.5900
US,2025-01-14,10Y,4.7800
US,2025-01-14,30Y,4.9800
US,2025-01-15,2Y,4.2700
US,2025-01-15,5Y,4.4500
US,2025-01-15,10Y,4.6600
US,2025-01-15,30Y,4.8800
US,2025-01-16,2Y,4.2300
US,2025-01-16,5Y,4.3900
US,2025-01-16,10Y,4.6100
US,2025-01-16,30Y,4.8400
US,2025-01-17,2Y,4.2700
US,2025-01-17,5Y,4.4200
US,2025-01-17,10Y,4.6100
US,2025-01-17,30Y,4.8400
US,2025-01-21,2Y,4.2900
US,2025-01-21,5Y,4.4000
US,2025-01-21,10Y,4.5700
US,2025-01-21,30Y,4.8000
US,2025-01-22,2Y,4.2900
US,2025-01-22,5Y,4.4300
US,2025-01-22,10Y,4.6000
US,2025-01-22,30Y,4.8200
US,2025-01-23,2Y,4.2900
US,2025-01-23,5Y,4.4500
US,2025-01-23,10Y,4.6500
US,2025-01-23,30Y,4.8700
US,2025-01-24,2Y,4.2700
US,2025-01-24,5Y,4.4300
US,2025-01-24,10Y,4.6300
US,2025-01-24,30Y,4.8500
US,2025-01-27,2Y,4.1700
US,2025-01-27,5Y,4.3200
US,2025-01-27,10Y,4.5300
US,2025-01-27,30Y,4.7600
US,2025-01-28,2Y,4.1900
US,2025-01-28,5Y,4.3300
US,2025-01-28,10Y,4.5500
US,2025-01-28,30Y,4.7800
US,2025-01-29,2Y,4.2100
US,2025-01-29,5Y,4.3500
US,2025-01-29,10Y,4.5500
US,2025-01-29,30Y,4.7900
US,2025-01-30,2Y,4.1800
US,2025-01-30,5Y,4.3100
US,2025-01-30,10Y,4.5200
US,2025-01-30,30Y,4.7600
US,2025-01-31,2Y,4.2200
US,2025-01-31,5Y,4.3600
US,2025-01-31,10Y,4.5800
US,2025-01-31,30Y,4.8300
US,2025-02-03,2Y,4.2600
US,2025-02-03,5Y,4.3500
US,2025-02-03,10Y,4.5400
US,2025-02-03,30Y,4.7700
US,2025-02-04,2Y,4.2100
US,2025-02-04,5Y,4.3100
US,2025-02-04,10Y,4.5200
US,2025-02-04,30Y,4.7500
US,2025-02-05,2Y,4.1700
US,2025-02-05,5Y,4.2400
US,2025-02-05,10Y,4.4300
US,2025-02-05,30Y,4.6400
US,2025-02-06,2Y,4.2100
US,2025-02-06,5Y,4.2800
US,2025-02-06,10Y,4.4500
US,2025-02-06,30Y,4.6500
US,2025-02-07,2Y,4.2900
US,2025-02-07,5Y,4.3400
US,2025-02-07,10Y,4.4900
US,2025-02-07,30Y,4.6900
US,2025-02-10,2Y,4.2800
US,2025-02-10,5Y,4.3400
US,2025-02-10,10Y,4.5100
US,2025-02-10,30Y,4.7100
US,2025-02-11,2Y,4.2900
US,2025-02-11,5Y,4.3700
US,2025-02-11,10Y,4.5400
US,2025-02-11,30Y,4.7500
US,2025-02-12,2Y,4.3600
US,2025-02-12,5Y,4.4800
US,2025-02-12,10Y,4.6200
US,2025-02-12,30Y,4.8300
US,2025-02-13,2Y,4.3100
US,2025-02-13,5Y,4.3900
US,2025-02-13,10Y,4.5200
US,2025-02-13,30Y,4.7200
US,2025-02-14,2Y,4.2600
US,2025-02-14,5Y,4.3300
US,2025-02-14,10Y,4.4700
US,2025-02-14,30Y,4.6900
US,2025-02-18,2Y,4.2900
US,2025-02-18,5Y,4.4000
US,2025-02-18,10Y,4.5500
US,2025-02-18,30Y,4.7700
US,2025-02-19,2Y,4.2800
US,2025-02-19,5Y,4.3700
US,2025-02-19,10Y,4.5300
US,2025-02-19,30Y,4.7600
US,2025-02-20,2Y,4.2800
US,2025-02-20,5Y,4.3400
US,2025-02-20,10Y,4.5000
US,2025-02-20,30Y,4.7400
US,2025-02-21,2Y,4.1900
US,2025-02-21,5Y,4.2600
US,2025-02-21,10Y,4.4200
US,2025-02-21,30Y,4.6700
US,2025-02-24,2Y,4.1300
US,2025-02-24,5Y,4.2300
US,2025-02-24,10Y,4.4000
US,2025-02-24,30Y,4.6600
US,2025-02-25,2Y,4.0700
US,2025-02-25,5Y,4.1200
US,2025-02-25,10Y,4.3000
US,2025-02-25,30Y,4.5500
US,2025-02-26,2Y,4.0500
US,2025-02-26,5Y,4.0600
US,2025-02-26,10Y,4.2500
US,2025-02-26,30Y,4.5100
US,2025-02-27,2Y,4.0700
US,2025-02-27,5Y,4.0900
US,2025-02-27,10Y,4.2900
US,2025-02-27,30Y,4.5600
US,2025-02-28,2Y,3.9900
US,2025-02-28,5Y,4.0300
US,2025-02-28,10Y,4.2400
US,2025-02-28,30Y,4.5100
US,2025-03-03,2Y,3.9600
US,2025-03-03,5Y,3.9700
US,2025-03-03,10Y,4.1600
US,2025-03-03,30Y,4.4500
US,2025-03-04,2Y,3.9600
US,2025-03-04,5Y,4.0100
US,2025-03-04,10Y,4.2200
US,2025-03-04,30Y,4.5300
US,2025-03-05,2Y,3.9900
US,2025-03-05,5Y,4.0800
US,2025-03-05,10Y,4.2800
US,2025-03-05,30Y,4.5700
US,2025-03-06,2Y,3.9600
US,2025-03-06,5Y,4.0600
US,2025-03-06,10Y,4.2900
US,2025-03-06,30Y,4.5800
US,2025-03-07,2Y,3.9900
US,2025-03-07,5Y,4.0900
US,2025-03-07,10Y,4.3200
US,2025-03-07,30Y,4.6200
US,2025-03-10,2Y,3.8900
US,2025-03-10,5Y,3.9800
US,2025-03-10,10Y,4.2200
US,2025-03-10,30Y,4.5400
US,2025-03-11,2Y,3.9400
US,2025-03-11,5Y,4.0300
US,2025-03-11,10Y,4.2800
US,2025-03-11,30Y,4.5900
US,2025-03-12,2Y,4.0100
US,2025-03-12,5Y,4.0900
US,2025-03-12,10Y,4.3200
US,2025-03-12,30Y,4.6300
US,2025-03-13,2Y,3.9400
US,2025-03-13,5Y,4.0200
US,2025-03-13,10Y,4.2700
US,2025-03-13,30Y,4.5900
US,2025-03-14,2Y,4.0200
US,2025-03-14,5Y,4.0900
US,2025-03-14,10Y,4.3100
US,2025-03-14,30Y,4.6200
US,2025-03-17,2Y,4.0600
US,2025-03-17,5Y,4.1100
US,2025-03-17,10Y,4.3100
US,2025-03-17,30Y,4.6000
US,2025-03-18,2Y,4.0400
US,2025-03-18,5Y,4.0700
US,2025-03-18,10Y,4.2900
US,2025-03-18,30Y,4.5800
US,2025-03-19,2Y,3.9900
US,2025-03-19,5Y,4.0300
US,2025-03-19,10Y,4.2500
US,2025-03-19,30Y,4.5600
US,2025-03-20,2Y,3.9500
US,2025-03-20,5Y,4.0100
US,2025-03-20,10Y,4.2400
US,2025-03-20,30Y,4.5500
US,2025-03-21,2Y,3.9400
US,2025-03-21,5Y,4.0000
US,2025-03-21,10Y,4.2500
US,2025-03-21,30Y,4.5900
US,2025-03-24,2Y,4.0400
US,2025-03-24,5Y,4.0900
US,2025-03-24,10Y,4.3400
US,2025-03-24,30Y,4.6600
US,2025-03-25,2Y,3.9600
US,2025-03-25,5Y,4.0700
US,2025-03-25,10Y,4.3100
US,2025-03-25,30Y,4.6500
US,2025-03-26,2Y,3.9800
US,2025-03-26,5Y,4.0800
US,2025-03-26,10Y,4.3500
US,2025-03-26,30Y,4.6900
US,2025-03-27,2Y,3.9700
US,2025-03-27,5Y,4.0900
US,2025-03-27,10Y,4.3800
US,2025-03-27,30Y,4.7300
US,2025-03-28,2Y,3.8900
US,2025-03-28,5Y,3.9800
US,2025-03-28,10Y,4.2700
US,2025-03-28,30Y,4.6400
US,2025-03-31,2Y,3.8900
US,2025-03-31,5Y,3.9600
US,2025-03-31,10Y,4.2300
US,2025-03-31,30Y,4.5900
US,2025-04-01,2Y,3.8700
US,2025-04-01,5Y,3.9100
US,2025-04-01,10Y,4.1700
US,2025-04-01,30Y,4.5200
US,2025-04-02,2Y,3.9100
US,2025-04-02,5Y,3.9500
US,2025-04-02,10Y,4.2000
US,2025-04-02,30Y,4.5400
US,2025-04-03,2Y,3.7100
US,2025-04-03,5Y,3.7500
US,2025-04-03,10Y,4.0600
US,2025-04-03,30Y,4.4900
US,2025-04-04,2Y,3.6800
US,2025-04-04,5Y,3.7200
US,2025-04-04,10Y,4.0100
US,2025-04-04,30Y,4.4100
US,2025-04-07,2Y,3.7300
US,2025-04-07,5Y,3.8200
US,2025-04-07,10Y,4.1500
US,2025-04-07,30Y,4.5800
US,2025-04-08,2Y,3.7100
US,2025-04-08,5Y,3.8800
US,2025-04-08,10Y,4.2600
US,2025-04-08,30Y,4.7100
US,2025-04-09,2Y,3.9100
US,2025-04-09,5Y,4.0600
US,2025-04-09,10Y,4.3400
US,2025-04-09,30Y,4.7200
US,2025-04-10,2Y,3.8400
US,2025-04-10,5Y,4.0400
US,2025-04-10,10Y,4.4000
US,2025-04-10,30Y,4.8600
US,2025-04-11,2Y,3.9600
US,2025-04-11,5Y,4.1500
US,2025-04-11,10Y,4.4800
US,2025-04-11,30Y,4.8500
US,2025-04-14,2Y,3.8400
US,2025-04-14,5Y,4.0200
US,2025-04-14,10Y,4.3800
US,2025-04-14,30Y,4.8000
US,2025-04-15,2Y,3.8400
US,2025-04-15,5Y,3.9800
US,2025-04-15,10Y,4.3500
US,2025-04-15,30Y,4.7900
US,2025-04-16,2Y,3.7700
US,2025-04-16,5Y,3.9100
US,2025-04-16,10Y,4.2900
US,2025-04-16,30Y,4.7400
US,2025-04-17,2Y,3.8100
US,2025-04-17,5Y,3.9500
US,2025-04-17,10Y,4.3400
US,2025-04-17,30Y,4.8000
US,2025-04-21,2Y,3.7500
US,2025-04-21,5Y,3.9700
US,2025-04-21,10Y,4.4200
US,2025-04-21,30Y,4.9100
US,2025-04-22,2Y,3.7600
US,2025-04-22,5Y,3.9800
US,2025-04-22,10Y,4.4100
US,2025-04-22,30Y,4.8800
US,2025-04-23,2Y,3.8100
US,2025-04-23,5Y,4.0000
US,2025-04-23,10Y,4.4000
US,2025-04-23,30Y,4.8300
US,2025-04-24,2Y,3.7700
US,2025-04-24,5Y,3.9100
US,2025-04-24,10Y,4.3200
US,2025-04-24,30Y,4.7700
US,2025-04-25,2Y,3.7400
US,2025-04-25,5Y,3.8800
US,2025-04-25,10Y,4.2900
US,2025-04-25,30Y,4.7400
US,2025-04-28,2Y,3.6700
US,2025-04-28,5Y,3.8100
US,2025-04-28,10Y,4.2300
US,2025-04-28,30Y,4.6900
US,2025-04-29,2Y,3.6500
US,2025-04-29,5Y,3.7700
US,2025-04-29,10Y,4.1900
US,2025-04-29,30Y,4.6400
US,2025-04-30,2Y,3.6000
US,2025-04-30,5Y,3.7200
US,2025-04-30,10Y,4.1700
US,2025-04-30,30Y,4.6600
US,2025-05-01,2Y,3.7000
US,2025-05-01,5Y,3.8100
US,2025-05-01,10Y,4.2500
US,2025-05-01,30Y,4.7400
US,2025-05-02,2Y,3.8300
US,2025-05-02,5Y,3.9200
US,2025-05-02,10Y,4.3300
US,2025-05-02,30Y,4.7900
US,2025-05-05,2Y,3.8300
US,2025-05-05,5Y,3.9500
US,2025-05-05,10Y,4.3600
US,2025-05-05,30Y,4.8300
US,2025-05-06,2Y,3.7800
US,2025-05-06,5Y,3.9000
US,2025-05-06,10Y,4.3000
US,2025-05-06,30Y,4.8100
US,2025-05-07,2Y,3.7800
US,2025-05-07,5Y,3.8700
US,2025-05-07,10Y,4.2600
US,2025-05-07,30Y,4.7700
US,2025-05-08,2Y,3.9000
US,2025-05-08,5Y,4.0000
US,2025-05-08,10Y,4.3700
US,2025-05-08,30Y,4.8300
US,2025-05-09,2Y,3.8800
US,2025-05-09,5Y,4.0000
US,2025-05-09,10Y,4.3700
US,2025-05-09,30Y,4.8300
US,2025-05-12,2Y,3.9800
US,2025-05-12,5Y,4.0900
US,2025-05-12,10Y,4.4500
US,2025-05-12,30Y,4.8900
US,2025-05-13,2Y,4.0200
US,2025-05-13,5Y,4.1200
US,2025-05-13,10Y,4.4900
US,2025-05-13,30Y,4.9400
US,2025-05-14,2Y,4.0500
US,2025-05-14,5Y,4.1700
US,2025-05-14,10Y,4.5300
US,2025-05-14,30Y,4.9700
US,2025-05-15,2Y,3.9600
US,2025-05-15,5Y,4.0700
US,2025-05-15,10Y,4.4500
US,2025-05-15,30Y,4.9100
US,2025-05-16,2Y,3.9800
US,2025-05-16,5Y,4.0600
US,2025-05-16,10Y,4.4300
US,2025-05-16,30Y,4.8900
US,2025-05-19,2Y,3.9700
US,2025-05-19,5Y,4.0700
US,2025-05-19,10Y,4.4600
US,2025-05-19,30Y,4.9200
US,2025-05-20,2Y,3.9700
US,2025-05-20,5Y,4.0700
US,2025-05-20,10Y,4.4800
US,2025-05-20,30Y,4.9600
US,2025-05-21,2Y,4.0000
US,2025-05-21,5Y,4.1500
US,2025-05-21,10Y,4.5800
US,2025-05-21,30Y,5.0800
US,2025-05-22,2Y,4.0000
US,2025-05-22,5Y,4.1100
US,2025-05-22,10Y,4.5400
US,2025-05-22,30Y,5.0500
US,2025-05-23,2Y,4.0000
US,2025-05-23,5Y,4.0800
US,2025-05-23,10Y,4.5100
US,2025-05-23,30Y,5.0400
US,2025-05-27,2Y,3.9200
US,2025-05-27,5Y,4.0400
US,2025-05-27,10Y,4.4300
US,2025-05-27,30Y,4.9400
US,2025-05-28,2Y,3.9600
US,2025-05-28,5Y,4.0500
US,2025-05-28,10Y,4.4700
US,2025-05-28,30Y,4.9700
US,2025-05-29,2Y,3.9200
US,2025-05-29,5Y,4.0000
US,2025-05-29,10Y,4.4300
US,2025-05-29,30Y,4.9200
US,2025-05-30,2Y,3.8900
US,2025-05-30,5Y,3.9600
US,2025-05-30,10Y,4.4100
US,2025-05-30,30Y,4.9200
US,2025-06-02,2Y,3.9400
US,2025-06-02,5Y,4.0100
US,2025-06-02,10Y,4.4600
US,2025-06-02,30Y,4.9900
US,2025-06-03,2Y,3.9600
US,2025-06-03,5Y,4.0400
US,2025-06-03,10Y,4.4600
US,2025-06-03,30Y,4.9800
US,2025-06-04,2Y,3.8700
US,2025-06-04,5Y,3.9300
US,2025-06-04,10Y,4.3700
US,2025-06-04,30Y,4.8900
US,2025-06-05,2Y,3.9200
US,2025-06-05,5Y,3.9900
US,2025-06-05,10Y,4.4000
US,2025-06-05,30Y,4.8800
US,2025-06-06,2Y,4.0400
US,2025-06-06,5Y,4.1300
US,2025-06-06,10Y,4.5100
US,2025-06-06,30Y,4.9700
US,2025-06-09,2Y,4.0100
US,2025-06-09,5Y,4.0900
US,2025-06-09,10Y,4.4900
US,2025-06-09,30Y,4.9500
US,2025-06-10,2Y,4.0100
US,2025-06-10,5Y,4.0800
US,2025-06-10,10Y,4.4700
US,2025-06-10,30Y,4.9300
US,2025-06-11,2Y,3.9400
US,2025-06-11,5Y,4.0200
US,2025-06-11,10Y,4.4100
US,2025-06-11,30Y,4.9100
US,2025-06-12,2Y,3.9000
US,2025-06-12,5Y,3.9700
US,2025-06-12,10Y,4.3600
US,2025-06-12,30Y,4.8400
US,2025-06-13,2Y,3.9600
US,2025-06-13,5Y,4.0200
US,2025-06-13,10Y,4.4100
US,2025-06-13,30Y,4.9000
US,2025-06-16,2Y,3.9700
US,2025-06-16,5Y,4.0400
US,2025-06-16,10Y,4.4600
US,2025-06-16,30Y,4.9600
US,2025-06-17,2Y,3.9400
US,2025-06-17,5Y,3.9900
US,2025-06-17,10Y,4.3900
US,2025-06-17,30Y,4.8800
US,2025-06-18,2Y,3.9400
US,2025-06-18,5Y,3.9800
US,2025-06-18,10Y,4.3800
US,2025-06-18,30Y,4.8800
US,2025-06-20,2Y,3.9000
US,2025-06-20,5Y,3.9600
US,2025-06-20,10Y,4.3800
US,2025-06-20,30Y,4.8900
US,2025-06-23,2Y,3.8400
US,2025-06-23,5Y,3.9100
US,2025-06-23,10Y,4.3400
US,2025-06-23,30Y,4.8700
US,2025-06-24,2Y,3.7500
US,2025-06-24,5Y,3.8600
US,2025-06-24,10Y,4.3000
US,2025-06-24,30Y,4.8300
US,2025-06-25,2Y,3.7400
US,2025-06-25,5Y,3.8300
US,2025-06-25,10Y,4.2900
US,2025-06-25,30Y,4.8300
US,2025-06-26,2Y,3.7000
US,2025-06-26,5Y,3.7900
US,2025-06-26,10Y,4.2600
US,2025-06-26,30Y,4.8100
US,2025-06-27,2Y,3.7300
US,2025-06-27,5Y,3.8300
US,2025-06-27,10Y,4.2900
US,2025-06-27,30Y,4.8500
US,2025-06-30,2Y,3.7200
US,2025-06-30,5Y,3.7900
US,2025-06-30,10Y,4.2400
US,2025-06-30,30Y,4.7800
US,2025-07-01,2Y,3.7800
US,2025-07-01,5Y,3.8400
US,2025-07-01,10Y,4.2600
US,2025-07-01,30Y,4.7800
US,2025-07-02,2Y,3.7800
US,2025-07-02,5Y,3.8700
US,2025-07-02,10Y,4.3000
US,2025-07-02,30Y,4.8200
US,2025-07-03,2Y,3.8800
US,2025-07-03,5Y,3.9400
US,2025-07-03,10Y,4.3500
US,2025-07-03,30Y,4.8600
US,2025-07-07,2Y,3.9000
US,2025-07-07,5Y,3.9600
US,2025-07-07,10Y,4.4000
US,2025-07-07,30Y,4.9200
US,2025-07-08,2Y,3.9000
US,2025-07-08,5Y,3.9900
US,2025-07-08,10Y,4.4200
US,2025-07-08,30Y,4.9400
US,2025-07-09,2Y,3.8600
US,2025-07-09,5Y,3.9200
US,2025-07-09,10Y,4.3400
US,2025-07-09,30Y,4.8700
US,2025-07-10,2Y,3.8600
US,2025-07-10,5Y,3.9300
US,2025-07-10,10Y,4.3500
US,2025-07-10,30Y,4.8600
US,2025-07-11,2Y,3.9000
US,2025-07-11,5Y,3.9900
US,2025-07-11,10Y,4.4300
US,2025-07-11,30Y,4.9600
US,2025-07-14,2Y,3.9000
US,2025-07-14,5Y,3.9800
US,2025-07-14,10Y,4.4300
US,2025-07-14,30Y,4.9700
US,2025-07-15,2Y,3.9500
US,2025-07-15,5Y,4.0500
US,2025-07-15,10Y,4.5000
US,2025-07-15,30Y,5.0100
US,2025-07-16,2Y,3.8800
US,2025-07-16,5Y,3.9900
US,2025-07-16,10Y,4.4600
US,2025-07-16,30Y,5.0100
US,2025-07-17,2Y,3.9100
US,2025-07-17,5Y,4.0100
US,2025-07-17,10Y,4.4700
US,2025-07-17,30Y,5.0100
US,2025-07-18,2Y,3.8800
US,2025-07-18,5Y,3.9600
US,2025-07-18,10Y,4.4400
US,2025-07-18,30Y,5.0000
US,2025-07-21,2Y,3.8500
US,2025-07-21,5Y,3.9100
US,2025-07-21,10Y,4.3800
US,2025-07-21,30Y,4.9400
US,2025-07-22,2Y,3.8300
US,2025-07-22,5Y,3.8800
US,2025-07-22,10Y,4.3500
US,2025-07-22,30Y,4.9000
US,2025-07-23,2Y,3.8800
US,2025-07-23,5Y,3.9400
US,2025-07-23,10Y,4.4000
US,2025-07-23,30Y,4.9500
US,2025-07-24,2Y,3.9100
US,2025-07-24,5Y,3.9800
US,2025-07-24,10Y,4.4300
US,2025-07-24,30Y,4.9600
US,2025-07-25,2Y,3.9100
US,2025-07-25,5Y,3.9500
US,2025-07-25,10Y,4.4000
US,2025-07-25,30Y,4.9200
US,2025-07-28,2Y,3.9100
US,2025-07-28,5Y,3.9600
US,2025-07-28,10Y,4.4200
US,2025-07-28,30Y,4.9600
US,2025-07-29,2Y,3.8600
US,2025-07-29,5Y,3.9000
US,2025-07-29,10Y,4.3400
US,2025-07-29,30Y,4.8600
US,2025-07-30,2Y,3.9400
US,2025-07-30,5Y,3.9600
US,2025-07-30,10Y,4.3800
US,2025-07-30,30Y,4.8900
US,2025-07-31,2Y,3.9400
US,2025-07-31,5Y,3.9600
US,2025-07-31,10Y,4.3700
US,2025-07-31,30Y,4.8900
US,2025-08-01,2Y,3.6900
US,2025-08-01,5Y,3.7700
US,2025-08-01,10Y,4.2300
US,2025-08-01,30Y,4.8100
US,2025-08-04,2Y,3.6900
US,2025-08-04,5Y,3.7500
US,2025-08-04,10Y,4.2200
US,2025-08-04,30Y,4.8000
US,2025-08-05,2Y,3.7200
US,2025-08-05,5Y,3.7700
US,2025-08-05,10Y,4.2200
US,2025-08-05,30Y,4.7800
US,2025-08-06,2Y,3.6900
US,2025-08-06,5Y,3.7700
US,2025-08-06,10Y,4.2200
US,2025-08-06,30Y,4.8100
US,2025-08-07,2Y,3.7200
US,2025-08-07,5Y,3.7900
US,2025-08-07,10Y,4.2300
US,2025-08-07,30Y,4.8100
US,2025-08-08,2Y,3.7600
US,2025-08-08,5Y,3.8400
US,2025-08-08,10Y,4.2700
US,2025-08-08,30Y,4.8500
US,2025-08-11,2Y,3.7600
US,2025-08-11,5Y,3.8300
US,2025-08-11,10Y,4.2700
US,2025-08-11,30Y,4.8400
US,2025-08-12,2Y,3.7200
US,2025-08-12,5Y,3.8300
US,2025-08-12,10Y,4.2900
US,2025-08-12,30Y,4.8800
US,2025-08-13,2Y,3.6700
US,2025-08-13,5Y,3.7700
US,2025-08-13,10Y,4.2400
US,2025-08-13,30Y,4.8300
US,2025-08-14,2Y,3.7400
US,2025-08-14,5Y,3.8200
US,2025-08-14,10Y,4.2900
US,2025-08-14,30Y,4.8800
US,2025-08-15,2Y,3.7500
US,2025-08-15,5Y,3.8500
US,2025-08-15,10Y,4.3300
US,2025-08-15,30Y,4.9200
US,2025-08-18,2Y,3.7700
US,2025-08-18,5Y,3.8600
US,2025-08-18,10Y,4.3400
US,2025-08-18,30Y,4.9400
US,2025-08-19,2Y,3.7500
US,2025-08-19,5Y,3.8200
US,2025-08-19,10Y,4.3000
US,2025-08-19,30Y,4.9000
US,2025-08-20,2Y,3.7400
US,2025-08-20,5Y,3.8100
US,2025-08-20,10Y,4.2900
US,2025-08-20,30Y,4.8900
US,2025-08-21,2Y,3.7900
US,2025-08-21,5Y,3.8600
US,2025-08-21,10Y,4.3300
US,2025-08-21,30Y,4.9200
US,2025-08-22,2Y,3.6800
US,2025-08-22,5Y,3.7600
US,2025-08-22,10Y,4.2600
US,2025-08-22,30Y,4.8800
US,2025-08-25,2Y,3.7300
US,2025-08-25,5Y,3.8000
US,2025-08-25,10Y,4.2800
US,2025-08-25,30Y,4.8900
US,2025-08-26,2Y,3.6100
US,2025-08-26,5Y,3.7500
US,2025-08-26,10Y,4.2600
US,2025-08-26,30Y,4.9000
US,2025-08-27,2Y,3.5900
US,2025-08-27,5Y,3.6900
US,2025-08-27,10Y,4.2400
US,2025-08-27,30Y,4.9100
US,2025-08-28,2Y,3.6200
US,2025-08-28,5Y,3.6900
US,2025-08-28,10Y,4.2200
US,2025-08-28,30Y,4.8800
US,2025-08-29,2Y,3.5900
US,2025-08-29,5Y,3.6800
US,2025-08-29,10Y,4.2300
US,2025-08-29,30Y,4.9200
US,2025-09-02,2Y,3.6600
US,2025-09-02,5Y,3.7400
US,2025-09-02,10Y,4.2800
US,2025-09-02,30Y,4.9700
US,2025-09-03,2Y,3.6100
US,2025-09-03,5Y,3.6900
US,2025-09-03,10Y,4.2200
US,2025-09-03,30Y,4.9000
US,2025-09-04,2Y,3.5900
US,2025-09-04,5Y,3.6500
US,2025-09-04,10Y,4.1700
US,2025-09-04,30Y,4.8600
US,2025-09-05,2Y,3.5100
US,2025-09-05,5Y,3.5900
US,2025-09-05,10Y,4.1000
US,2025-09-05,30Y,4.7800
US,2025-09-08,2Y,3.4900
US,2025-09-08,5Y,3.5700
US,2025-09-08,10Y,4.0500
US,2025-09-08,30Y,4.6900
US,2025-09-09,2Y,3.5400
US,2025-09-09,5Y,3.6100
US,2025-09-09,10Y,4.0800
US,2025-09-09,30Y,4.7200
US,2025-09-10,2Y,3.5400
US,2025-09-10,5Y,3.5900
US,2025-09-10,10Y,4.0400
US,2025-09-10,30Y,4.6900
US,2025-09-11,2Y,3.5200
US,2025-09-11,5Y,3.5900
US,2025-09-11,10Y,4.0100
US,2025-09-11,30Y,4.6500
US,2025-09-12,2Y,3.5600
US,2025-09-12,5Y,3.6300
US,2025-09-12,10Y,4.0600
US,2025-09-12,30Y,4.6800
US,2025-09-15,2Y,3.5400
US,2025-09-15,5Y,3.6100
US,2025-09-15,10Y,4.0500
US,2025-09-15,30Y,4.6600
US,2025-09-16,2Y,3.5100
US,2025-09-16,5Y,3.5900
US,2025-09-16,10Y,4.0400
US,2025-09-16,30Y,4.6500
US,2025-09-17,2Y,3.5200
US,2025-09-17,5Y,3.6200
US,2025-09-17,10Y,4.0600
US,2025-09-17,30Y,4.6600
US,2025-09-18,2Y,3.5700
US,2025-09-18,5Y,3.6700
US,2025-09-18,10Y,4.1100
US,2025-09-18,30Y,4.7200
US,2025-09-19,2Y,3.5700
US,2025-09-19,5Y,3.6800
US,2025-09-19,10Y,4.1400
US,2025-09-19,30Y,4.7500
US,2025-09-22,2Y,3.6100
US,2025-09-22,5Y,3.7100
US,2025-09-22,10Y,4.1500
US,2025-09-22,30Y,4.7700
US,2025-09-23,2Y,3.5300
US,2025-09-23,5Y,3.6800
US,2025-09-23,10Y,4.1200
US,2025-09-23,30Y,4.7300
US,2025-09-24,2Y,3.5700
US,2025-09-24,5Y,3.7000
US,2025-09-24,10Y,4.1600
US,2025-09-24,30Y,4.7600
US,2025-09-25,2Y,3.6400
US,2025-09-25,5Y,3.7500
US,2025-09-25,10Y,4.1800
US,2025-09-25,30Y,4.7500
US,2025-09-26,2Y,3.6300
US,2025-09-26,5Y,3.7600
US,2025-09-26,10Y,4.2000
US,2025-09-26,30Y,4.7700
US,2025-09-29,2Y,3.6300
US,2025-09-29,5Y,3.7400
US,2025-09-29,10Y,4.1500
US,2025-09-29,30Y,4.7100
US,2025-09-30,2Y,3.6000
US,2025-09-30,5Y,3.7400
US,2025-09-30,10Y,4.1600
US,2025-09-30,30Y,4.7300
US,2025-10-01,2Y,3.5500
US,2025-10-01,5Y,3.6800
US,2025-10-01,10Y,4.1200
US,2025-10-01,30Y,4.7200
US,2025-10-02,2Y,3.5500
US,2025-10-02,5Y,3.6700
US,2025-10-02,10Y,4.1000
US,2025-10-02,30Y,4.6900
US,2025-10-03,2Y,3.5800
US,2025-10-03,5Y,3.7200
US,2025-10-03,10Y,4.1300
US,2025-10-03,30Y,4.7100
US,2025-10-06,2Y,3.6000
US,2025-10-06,5Y,3.7500
US,2025-10-06,10Y,4.1800
US,2025-10-06,30Y,4.7600
US,2025-10-07,2Y,3.5700
US,2025-10-07,5Y,3.7100
US,2025-10-07,10Y,4.1400
US,2025-10-07,30Y,4.7300
US,2025-10-08,2Y,3.5800
US,2025-10-08,5Y,3.7200
US,2025-10-08,10Y,4.1300
US,2025-10-08,30Y,4.7200
US,2025-10-09,2Y,3.6000
US,2025-10-09,5Y,3.7400
US,2025-10-09,10Y,4.1400
US,2025-10-09,30Y,4.7200
US,2025-10-10,2Y,3.5200
US,2025-10-10,5Y,3.6500
US,2025-10-10,10Y,4.0500
US,2025-10-10,30Y,4.6300
US,2025-10-14,2Y,3.4800
US,2025-10-14,5Y,3.6000
US,2025-10-14,10Y,4.0300
US,2025-10-14,30Y,4.6200
US,2025-10-15,2Y,3.5000
US,2025-10-15,5Y,3.6300
US,2025-10-15,10Y,4.0500
US,2025-10-15,30Y,4.6400
US,2025-10-16,2Y,3.4100
US,2025-10-16,5Y,3.5500
US,2025-10-16,10Y,3.9900
US,2025-10-16,30Y,4.5800
US,2025-10-17,2Y,3.4600
US,2025-10-17,5Y,3.5900
US,2025-10-17,10Y,4.0200
US,2025-10-17,30Y,4.6000
US,2025-10-20,2Y,3.4600
US,2025-10-20,5Y,3.5800
US,2025-10-20,10Y,4.0000
US,2025-10-20,30Y,4.5800
US,2025-10-21,2Y,3.4500
US,2025-10-21,5Y,3.5600
US,2025-10-21,10Y,3.9800
US,2025-10-21,30Y,4.5500
US,2025-10-22,2Y,3.4500
US,2025-10-22,5Y,3.5600
US,2025-10-22,10Y,3.9700
US,2025-10-22,30Y,4.5400
US,2025-10-23,2Y,3.4800
US,2025-10-23,5Y,3.6100
US,2025-10-23,10Y,4.0100
US,2025-10-23,30Y,4.5800
US,2025-10-24,2Y,3.4800
US,2025-10-24,5Y,3.6100
US,2025-10-24,10Y,4.0200
US,2025-10-24,30Y,4.5900
US,2025-10-27,2Y,3.4800
US,2025-10-27,5Y,3.6100
US,2025-10-27,10Y,4.0100
US,2025-10-27,30Y,4.5700
US,2025-10-28,2Y,3.4700
US,2025-10-28,5Y,3.6000
US,2025-10-28,10Y,3.9900
US,2025-10-28,30Y,4.5500
US,2025-10-29,2Y,3.5900
US,2025-10-29,5Y,3.7000
US,2025-10-29,10Y,4.0800
US,2025-10-29,30Y,4.6100
US,2025-10-30,2Y,3.6100
US,2025-10-30,5Y,3.7200
US,2025-10-30,10Y,4.1100
US,2025-10-30,30Y,4.6500
US,2025-10-31,2Y,3.6000
US,2025-10-31,5Y,3.7100
US,2025-10-31,10Y,4.1100
US,2025-10-31,30Y,4.6700
US,2025-11-03,2Y,3.6000
US,2025-11-03,5Y,3.7200
US,2025-11-03,10Y,4.1300
US,2025-11-03,30Y,4.6900
US,2025-11-04,2Y,3.5800
US,2025-11-04,5Y,3.6900
US,2025-11-04,10Y,4.1000
US,2025-11-04,30Y,4.6700
US,2025-11-05,2Y,3.6300
US,2025-11-05,5Y,3.7600
US,2025-11-05,10Y,4.1700
US,2025-11-05,30Y,4.7400
US,2025-11-06,2Y,3.5700
US,2025-11-06,5Y,3.6900
US,2025-11-06,10Y,4.1100
US,2025-11-06,30Y,4.6900
US,2025-11-07,2Y,3.5500
US,2025-11-07,5Y,3.6700
US,2025-11-07,10Y,4.1100
US,2025-11-07,30Y,4.7000
US,2025-11-10,2Y,3.5800
US,2025-11-10,5Y,3.7200
US,2025-11-10,10Y,4.1300
US,2025-11-10,30Y,4.7100
US,2025-11-12,2Y,3.5600
US,2025-11-12,5Y,3.6800
US,2025-11-12,10Y,4.0800
US,2025-11-12,30Y,4.6700
US,2025-11-13,2Y,3.5800
US,2025-11-13,5Y,3.7100
US,2025-11-13,10Y,4.1100
US,2025-11-13,30Y,4.7000
US,2025-11-14,2Y,3.6200
US,2025-11-14,5Y,3.7400
US,2025-11-14,10Y,4.1400
US,2025-11-14,30Y,4.7400
US,2025-11-17,2Y,3.6000
US,2025-11-17,5Y,3.7200
US,2025-11-17,10Y,4.1300
US,2025-11-17,30Y,4.7300
US,2025-11-18,2Y,3.5800
US,2025-11-18,5Y,3.7000
US,2025-11-18,10Y,4.1200
US,2025-11-18,30Y,4.7400
US,2025-11-19,2Y,3.5800
US,2025-11-19,5Y,3.7100
US,2025-11-19,10Y,4.1300
US,2025-11-19,30Y,4.7500
US,2025-11-20,2Y,3.5500
US,2025-11-20,5Y,3.6800
US,2025-11-20,10Y,4.1000
US,2025-11-20,30Y,4.7300
US,2025-11-21,2Y,3.5100
US,2025-11-21,5Y,3.6200
US,2025-11-21,10Y,4.0600
US,2025-11-21,30Y,4.7100
US,2025-11-24,2Y,3.4600
US,2025-11-24,5Y,3.6100
US,2025-11-24,10Y,4.0400
US,2025-11-24,30Y,4.6800
US,2025-11-25,2Y,3.4300
US,2025-11-25,5Y,3.5500
US,2025-11-25,10Y,4.0100
US,2025-11-25,30Y,4.6700
US,2025-11-26,2Y,3.4500
US,2025-11-26,5Y,3.5600
US,2025-11-26,10Y,4.0000
US,2025-11-26,30Y,4.6400
US,2025-11-28,2Y,3.4700
US,2025-11-28,5Y,3.5900
US,2025-11-28,10Y,4.0200
US,2025-11-28,30Y,4.6700
US,2025-12-01,2Y,3.5400
US,2025-12-01,5Y,3.6700
US,2025-12-01,10Y,4.0900
US,2025-12-01,30Y,4.7400
US,2025-12-02,2Y,3.5100
US,2025-12-02,5Y,3.6600
US,2025-12-02,10Y,4.0900
US,2025-12-02,30Y,4.7400
US,2025-12-03,2Y,3.4900
US,2025-12-03,5Y,3.6200
US,2025-12-03,10Y,4.0600
US,2025-12-03,30Y,4.7300
US,2025-12-04,2Y,3.5200
US,2025-12-04,5Y,3.6800
US,2025-12-04,10Y,4.1100
US,2025-12-04,30Y,4.7600
US,2025-12-05,2Y,3.5600
US,2025-12-05,5Y,3.7200
US,2025-12-05,10Y,4.1400
US,2025-12-05,30Y,4.7900
US,2025-12-08,2Y,3.5700
US,2025-12-08,5Y,3.7500
US,2025-12-08,10Y,4.1700
US,2025-12-08,30Y,4.8100
US,2025-12-09,2Y,3.6100
US,2025-12-09,5Y,3.7800
US,2025-12-09,10Y,4.1800
US,2025-12-09,30Y,4.8000
US,2025-12-10,2Y,3.5400
US,2025-12-10,5Y,3.7200
US,2025-12-10,10Y,4.1300
US,2025-12-10,30Y,4.7800
US,2025-12-11,2Y,3.5200
US,2025-12-11,5Y,3.7200
US,2025-12-11,10Y,4.1400
US,2025-12-11,30Y,4.7900
US,2025-12-12,2Y,3.5200
US,2025-12-12,5Y,3.7500
US,2025-12-12,10Y,4.1900
US,2025-12-12,30Y,4.8500
US,2025-12-15,2Y,3.5100
US,2025-12-15,5Y,3.7300
US,2025-12-15,10Y,4.1800
US,2025-12-15,30Y,4.8400
US,2025-12-16,2Y,3.4800
US,2025-12-16,5Y,3.6900
US,2025-12-16,10Y,4.1500
US,2025-12-16,30Y,4.8200
US,2025-12-17,2Y,3.4900
US,2025-12-17,5Y,3.7000
US,2025-12-17,10Y,4.1600
US,2025-12-17,30Y,4.8300
US,2025-12-18,2Y,3.4600
US,2025-12-18,5Y,3.6600
US,2025-12-18,10Y,4.1200
US,2025-12-18,30Y,4.8000
US,2025-12-19,2Y,3.4800
US,2025-12-19,5Y,3.7000
US,2025-12-19,10Y,4.1600
US,2025-12-19,30Y,4.8200
US,2025-12-22,2Y,3.4400
US,2025-12-22,5Y,3.7100
US,2025-12-22,10Y,4.1700
US,2025-12-22,30Y,4.8400
US,2025-12-23,2Y,3.4800
US,2025-12-23,5Y,3.7200
US,2025-12-23,10Y,4.1800
US,2025-12-23,30Y,4.8300
US,2025-12-24,2Y,3.4700
US,2025-12-24,5Y,3.7000
US,2025-12-24,10Y,4.1500
US,2025-12-24,30Y,4.7900
US,2025-12-26,2Y,3.4600
US,2025-12-26,5Y,3.6800
US,2025-12-26,10Y,4.1400
US,2025-12-26,30Y,4.8100
US,2025-12-29,2Y,3.4500
US,2025-12-29,5Y,3.6700
US,2025-12-29,10Y,4.1200
US,2025-12-29,30Y,4.8000
US,2025-12-30,2Y,3.4500
US,2025-12-30,5Y,3.6800
US,2025-12-30,10Y,4.1400
US,2025-12-30,30Y,4.8100
US,2025-12-31,2Y,3.4700
US,2025-12-31,5Y,3.7300
US,2025-12-31,10Y,4.1800
US,2025-12-31,30Y,4.8400
US,2026-01-02,2Y,3.4700
US,2026-01-02,5Y,3.7400
US,2026-01-02,10Y,4.1900
US,2026-01-02,30Y,4.8600
US,2026-01-05,2Y,3.4600
US,2026-01-05,5Y,3.7100
US,2026-01-05,10Y,4.1700
US,2026-01-05,30Y,4.8500
US,2026-01-06,2Y,3.4700
US,2026-01-06,5Y,3.7200
US,2026-01-06,10Y,4.1800
US,2026-01-06,30Y,4.8600
US,2026-01-07,2Y,3.4700
US,2026-01-07,5Y,3.7000
US,2026-01-07,10Y,4.1500
US,2026-01-07,30Y,4.8200
US,2026-01-08,2Y,3.4900
US,2026-01-08,5Y,3.7400
US,2026-01-08,10Y,4.1900
US,2026-01-08,30Y,4.8500
US,2026-01-09,2Y,3.5400
US,2026-01-09,5Y,3.7500
US,2026-01-09,10Y,4.1800
US,2026-01-09,30Y,4.8200
US,2026-01-12,2Y,3.5400
US,2026-01-12,5Y,3.7700
US,2026-01-12,10Y,4.1900
US,2026-01-12,30Y,4.8300
US,2026-01-13,2Y,3.5300
US,2026-01-13,5Y,3.7500
US,2026-01-13,10Y,4.1800
US,2026-01-13,30Y,4.8300
US,2026-01-14,2Y,3.5100
US,2026-01-14,5Y,3.7200
US,2026-01-14,10Y,4.1500
US,2026-01-14,30Y,4.7900
US,2026-01-15,2Y,3.5600
US,2026-01-15,5Y,3.7700
US,2026-01-15,10Y,4.1700
US,2026-01-15,30Y,4.7900
US,2026-01-16,2Y,3.5900
US,2026-01-16,5Y,3.8200
US,2026-01-16,10Y,4.2400
US,2026-01-16,30Y,4.8300
US,2026-01-20,2Y,3.6000
US,2026-01-20,5Y,3.8600
US,2026-01-20,10Y,4.3000
US,2026-01-20,30Y,4.9100
US,2026-01-21,2Y,3.6000
US,2026-01-21,5Y,3.8300
US,2026-01-21,10Y,4.2600
US,2026-01-21,30Y,4.8700
US,2026-01-22,2Y,3.6100
US,2026-01-22,5Y,3.8500
US,2026-01-22,10Y,4.2600
US,2026-01-22,30Y,4.8400
US,2026-01-23,2Y,3.6000
US,2026-01-23,5Y,3.8400
US,2026-01-23,10Y,4.2400
US,2026-01-23,30Y,4.8200
US,2026-01-26,2Y,3.5600
US,2026-01-26,5Y,3.8200
US,2026-01-26,10Y,4.2200
US,2026-01-26,30Y,4.8000
US,2026-01-27,2Y,3.5300
US,2026-01-27,5Y,3.8100
US,2026-01-27,10Y,4.2400
US,2026-01-27,30Y,4.8300
US,2026-01-28,2Y,3.5600
US,2026-01-28,5Y,3.8300
US,2026-01-28,10Y,4.2600
US,2026-01-28,30Y,4.8500
US,2026-01-29,2Y,3.5300
US,2026-01-29,5Y,3.8000
US,2026-01-29,10Y,4.2400
US,2026-01-29,30Y,4.8500
US,2026-01-30,2Y,3.5200
US,2026-01-30,5Y,3.7900
US,2026-01-30,10Y,4.2600
US,2026-01-30,30Y,4.8700
US,2026-02-02,2Y,3.5700
US,2026-02-02,5Y,3.8300
US,2026-02-02,10Y,4.2900
US,2026-02-02,30Y,4.9000
US,2026-02-03,2Y,3.5700
US,2026-02-03,5Y,3.8300
US,2026-02-03,10Y,4.2800
US,2026-02-03,30Y,4.9000
US,2026-02-04,2Y,3.5700
US,2026-02-04,5Y,3.8300
US,2026-02-04,10Y,4.2900
US,2026-02-04,30Y,4.9100
US,2026-02-05,2Y,3.4700
US,2026-02-05,5Y,3.7400
US,2026-02-05,10Y,4.2100
US,2026-02-05,30Y,4.8500
US,2026-02-06,2Y,3.5000
US,2026-02-06,5Y,3.7600
US,2026-02-06,10Y,4.2200
US,2026-02-06,30Y,4.8500
US,2026-02-09,2Y,3.4800
US,2026-02-09,5Y,3.7500
US,2026-02-09,10Y,4.2200
US,2026-02-09,30Y,4.8500
US,2026-02-10,2Y,3.4500
US,2026-02-10,5Y,3.7000
US,2026-02-10,10Y,4.1600
US,2026-02-10,30Y,4.7800
US,2026-02-11,2Y,3.5200
US,2026-02-11,5Y,3.7500
US,2026-02-11,10Y,4.1800
US,2026-02-11,30Y,4.8200
US,2026-02-12,2Y,3.4700
US,2026-02-12,5Y,3.6700
US,2026-02-12,10Y,4.0900
US,2026-02-12,30Y,4.7200
US,2026-02-13,2Y,3.4000
US,2026-02-13,5Y,3.6100
US,2026-02-13,10Y,4.0400
US,2026-02-13,30Y,4.6900
US,2026-02-17,2Y,3.4300
US,2026-02-17,5Y,3.6300
US,2026-02-17,10Y,4.0500
US,2026-02-17,30Y,4.6800
US,2026-02-18,2Y,3.4700
US,2026-02-18,5Y,3.6600
US,2026-02-18,10Y,4.0900
US,2026-02-18,30Y,4.7100
US,2026-02-19,2Y,3.4700
US,2026-02-19,5Y,3.6500
US,2026-02-19,10Y,4.0800
US,2026-02-19,30Y,4.7000
US,2026-02-20,2Y,3.4800
US,2026-02-20,5Y,3.6500
US,2026-02-20,10Y,4.0800
US,2026-02-20,30Y,4.7200
US,2026-02-23,2Y,3.4300
US,2026-02-23,5Y,3.5900
US,2026-02-23,10Y,4.0300
US,2026-02-23,30Y,4.7000
US,2026-02-24,2Y,3.4300
US,2026-02-24,5Y,3.6100
US,2026-02-24,10Y,4.0400
US,2026-02-24,30Y,4.7000
US,2026-02-25,2Y,3.4500
US,2026-02-25,5Y,3.6100
US,2026-02-25,10Y,4.0500
US,2026-02-25,30Y,4.7000
US,2026-02-26,2Y,3.4200
US,2026-02-26,5Y,3.5700
US,2026-02-26,10Y,4.0200
US,2026-02-26,30Y,4.6700
US,2026-02-27,2Y,3.3800
US,2026-02-27,5Y,3.5100
US,2026-02-27,10Y,3.9700
US,2026-02-27,30Y,4.6400
US,2026-03-02,2Y,3.4700
US,2026-03-02,5Y,3.6200
US,2026-03-02,10Y,4.0500
US,2026-03-02,30Y,4.7000
US,2026-03-03,2Y,3.5100
US,2026-03-03,5Y,3.6300
US,2026-03-03,10Y,4.0600
US,2026-03-03,30Y,4.7000
US,2026-03-04,2Y,3.5400
US,2026-03-04,5Y,3.6700
US,2026-03-04,10Y,4.0900
US,2026-03-04,30Y,4.7200
US,2026-03-05,2Y,3.5700
US,2026-03-05,5Y,3.7200
US,2026-03-05,10Y,4.1300
US,2026-03-05,30Y,4.7400
US,2026-03-06,2Y,3.5600
US,2026-03-06,5Y,3.7200
US,2026-03-06,10Y,4.1500
US,2026-03-06,30Y,4.7700
US,2026-03-09,2Y,3.5600
US,2026-03-09,5Y,3.7100
US,2026-03-09,10Y,4.1200
US,2026-03-09,30Y,4.7200
US,2026-03-10,2Y,3.5700
US,2026-03-10,5Y,3.7300
US,2026-03-10,10Y,4.1500
US,2026-03-10,30Y,4.7800
US,2026-03-11,2Y,3.6400
US,2026-03-11,5Y,3.7900
US,2026-03-11,10Y,4.2100
US,2026-03-11,30Y,4.8600
US,2026-03-12,2Y,3.7600
US,2026-03-12,5Y,3.8800
US,2026-03-12,10Y,4.2700
US,2026-03-12,30Y,4.8800
US,2026-03-13,2Y,3.7300
US,2026-03-13,5Y,3.8700
US,2026-03-13,10Y,4.2800
US,2026-03-13,30Y,4.9000
US,2026-03-16,2Y,3.6800
US,2026-03-16,5Y,3.8000
US,2026-03-16,10Y,4.2300
US,2026-03-16,30Y,4.8600
US,2026-03-17,2Y,3.6800
US,2026-03-17,5Y,3.7900
US,2026-03-17,10Y,4.2000
US,2026-03-17,30Y,4.8500
US,2026-03-18,2Y,3.7600
US,2026-03-18,5Y,3.8700
US,2026-03-18,10Y,4.2600
US,2026-03-18,30Y,4.8800
US,2026-03-19,2Y,3.7900
US,2026-03-19,5Y,3.8800
US,2026-03-19,10Y,4.2500
US,2026-03-19,30Y,4.8300
US,2026-03-20,2Y,3.8800
US,2026-03-20,5Y,4.0100
US,2026-03-20,10Y,4.3900
US,2026-03-20,30Y,4.9600
US,2026-03-23,2Y,3.8300
US,2026-03-23,5Y,3.9500
US,2026-03-23,10Y,4.3400
US,2026-03-23,30Y,4.9100
US,2026-03-24,2Y,3.9000
US,2026-03-24,5Y,4.0300
US,2026-03-24,10Y,4.3900
US,2026-03-24,30Y,4.9400
US,2026-03-25,2Y,3.8400
US,2026-03-25,5Y,3.9600
US,2026-03-25,10Y,4.3300
US,2026-03-25,30Y,4.8900
US,2026-03-26,2Y,3.9600
US,2026-03-26,5Y,4.0800
US,2026-03-26,10Y,4.4200
US,2026-03-26,30Y,4.9300
US,2026-03-27,2Y,3.8800
US,2026-03-27,5Y,4.0600
US,2026-03-27,10Y,4.4400
US,2026-03-27,30Y,4.9800
US,2026-03-30,2Y,3.8200
US,2026-03-30,5Y,3.9700
US,2026-03-30,10Y,4.3500
US,2026-03-30,30Y,4.9100
US,2026-03-31,2Y,3.7900
US,2026-03-31,5Y,3.9200
US,2026-03-31,10Y,4.3000
US,2026-03-31,30Y,4.8800
US,2026-04-01,2Y,3.8100
US,2026-04-01,5Y,3.9700
US,2026-04-01,10Y,4.3300
US,2026-04-01,30Y,4.9100
US,2026-04-02,2Y,3.7900
US,2026-04-02,5Y,3.9400
US,2026-04-02,10Y,4.3100
US,2026-04-02,30Y,4.8800
US,2026-04-03,2Y,3.8400
US,2026-04-03,5Y,3.9900
US,2026-04-03,10Y,4.3500
US,2026-04-03,30Y,4.9100
US,2026-04-06,2Y,3.8400
US,2026-04-06,5Y,3.9800
US,2026-04-06,10Y,4.3400
US,2026-04-06,30Y,4.8900
US,2026-04-07,2Y,3.8100
US,2026-04-07,5Y,3.9500
US,2026-04-07,10Y,4.3300
US,2026-04-07,30Y,4.9000
US,2026-04-08,2Y,3.7900
US,2026-04-08,5Y,3.9200
US,2026-04-08,10Y,4.2900
US,2026-04-08,30Y,4.8900
US,2026-04-09,2Y,3.7800
US,2026-04-09,5Y,3.9100
US,2026-04-09,10Y,4.2900
US,2026-04-09,30Y,4.9000
US,2026-04-10,2Y,3.8100
US,2026-04-10,5Y,3.9400
US,2026-04-10,10Y,4.3100
US,2026-04-10,30Y,4.9100
US,2026-04-13,2Y,3.7800
US,2026-04-13,5Y,3.9200
US,2026-04-13,10Y,4.3000
US,2026-04-13,30Y,4.9000
US,2026-04-14,2Y,3.7600
US,2026-04-14,5Y,3.8700
US,2026-04-14,10Y,4.2600
US,2026-04-14,30Y,4.8700
US,2026-04-15,2Y,3.7600
US,2026-04-15,5Y,3.9000
US,2026-04-15,10Y,4.2900
US,2026-04-15,30Y,4.8900
US,2026-04-16,2Y,3.7800
US,2026-04-16,5Y,3.9100
US,2026-04-16,10Y,4.3200
US,2026-04-16,30Y,4.9300
US,2026-04-17,2Y,3.7100
US,2026-04-17,5Y,3.8400
US,2026-04-17,10Y,4.2600
US,2026-04-17,30Y,4.8800
US,2026-04-20,2Y,3.7200
US,2026-04-20,5Y,3.8600
US,2026-04-20,10Y,4.2600
US,2026-04-20,30Y,4.8800
US,2026-04-21,2Y,3.7800
US,2026-04-21,5Y,3.9100
US,2026-04-21,10Y,4.3000
US,2026-04-21,30Y,4.8900
US,2026-04-22,2Y,3.7900
US,2026-04-22,5Y,3.9100
US,2026-04-22,10Y,4.3000
US,2026-04-22,30Y,4.9000
US,2026-04-23,2Y,3.8300
US,2026-04-23,5Y,3.9600
US,2026-04-23,10Y,4.3400
US,2026-04-23,30Y,4.9200
US,2026-04-24,2Y,3.7800
US,2026-04-24,5Y,3.9200
US,2026-04-24,10Y,4.3100
US,2026-04-24,30Y,4.9100
US,2026-04-27,2Y,3.7800
US,2026-04-27,5Y,3.9400
US,2026-04-27,10Y,4.3500
US,2026-04-27,30Y,4.9400
US,2026-04-28,2Y,3.8400
US,2026-04-28,5Y,3.9700
US,2026-04-28,10Y,4.3600
US,2026-04-28,30Y,4.9400
US,2026-04-29,2Y,3.9200
US,2026-04-29,5Y,4.0500
US,2026-04-29,10Y,4.4200
US,2026-04-29,30Y,4.9800
US,2026-04-30,2Y,3.8800
US,2026-04-30,5Y,4.0200
US,2026-04-30,10Y,4.4000
US,2026-04-30,30Y,4.9800
US,2026-05-01,2Y,3.8800
US,2026-05-01,5Y,4.0200
US,2026-05-01,10Y,4.3900
US,2026-05-01,30Y,4.9700
US,2026-05-04,2Y,3.9500
US,2026-05-04,5Y,4.0800
US,2026-05-04,10Y,4.4500
US,2026-05-04,30Y,5.0200
US,2026-05-05,2Y,3.9300
US,2026-05-05,5Y,4.0800
US,2026-05-05,10Y,4.4300
US,2026-05-05,30Y,4.9800
US,2026-05-06,2Y,3.8700
US,2026-05-06,5Y,3.9900
US,2026-05-06,10Y,4.3600
US,2026-05-06,30Y,4.9400
US,2026-05-07,2Y,3.9200
US,2026-05-07,5Y,4.0400
US,2026-05-07,10Y,4.4100
US,2026-05-07,30Y,4.9700
US,2026-05-08,2Y,3.9000
US,2026-05-08,5Y,4.0200
US,2026-05-08,10Y,4.3800
US,2026-05-08,30Y,4.9500
US,2026-05-11,2Y,3.9500
US,2026-05-11,5Y,4.0700
US,2026-05-11,10Y,4.4200
US,2026-05-11,30Y,4.9800
US,2026-05-12,2Y,4.0000
US,2026-05-12,5Y,4.1200
US,2026-05-12,10Y,4.4600
US,2026-05-12,30Y,5.0300
US,2026-05-13,2Y,3.9800
US,2026-05-13,5Y,4.1200
US,2026-05-13,10Y,4.4600
US,2026-05-13,30Y,5.0300
US,2026-05-14,2Y,4.0000
US,2026-05-14,5Y,4.1300
US,2026-05-14,10Y,4.4700
US,2026-05-14,30Y,5.0200
US,2026-05-15,2Y,4.0900
US,2026-05-15,5Y,4.2600
US,2026-05-15,10Y,4.5900
US,2026-05-15,30Y,5.1200
US,2026-05-18,2Y,4.0700
US,2026-05-18,5Y,4.2700
US,2026-05-18,10Y,4.6100
US,2026-05-18,30Y,5.1400
US,2026-05-19,2Y,4.1300
US,2026-05-19,5Y,4.3200
US,2026-05-19,10Y,4.6700
US,2026-05-19,30Y,5.1800
US,2026-05-20,2Y,4.0400
US,2026-05-20,5Y,4.2200
US,2026-05-20,10Y,4.5700
US,2026-05-20,30Y,5.1100
US,2026-05-21,2Y,4.0800
US,2026-05-21,5Y,4.2500
US,2026-05-21,10Y,4.5700
US,2026-05-21,30Y,5.1000
US,2026-05-22,2Y,4.1300
US,2026-05-22,5Y,4.2700
US,2026-05-22,10Y,4.5600
US,2026-05-22,30Y,5.0700
US,2026-05-26,2Y,4.0100
US,2026-05-26,5Y,4.1900
US,2026-05-26,10Y,4.5000
US,2026-05-26,30Y,5.0300
US,2026-05-27,2Y,4.0000
US,2026-05-27,5Y,4.1700
US,2026-05-27,10Y,4.4800
US,2026-05-27,30Y,5.0100
US,2026-05-28,2Y,3.9900
US,2026-05-28,5Y,4.1500
US,2026-05-28,10Y,4.4500
US,2026-05-28,30Y,4.9800
US,2026-05-29,2Y,3.9800
US,2026-05-29,5Y,4.1300
US,2026-05-29,10Y,4.4500
US,2026-05-29,30Y,4.9900
US,2026-06-01,2Y,4.0500
US,2026-06-01,5Y,4.1800
US,2026-06-01,10Y,4.4700
US,2026-06-01,30Y,4.9900
US,2026-06-02,2Y,4.0500
US,2026-06-02,5Y,4.1700
US,2026-06-02,10Y,4.4600
US,2026-06-02,30Y,4.9700
US,2026-06-03,2Y,4.0800
US,2026-06-03,5Y,4.2100
US,2026-06-03,10Y,4.4900
US,2026-06-03,30Y,4.9900
US,2026-06-04,2Y,4.0500
US,2026-06-04,5Y,4.1800
US,2026-06-04,10Y,4.4700
US,2026-06-04,30Y,4.9700
US,2026-06-05,2Y,4.1700
US,2026-06-05,5Y,4.2900
US,2026-06-05,10Y,4.5500
US,2026-06-05,30Y,5.0100
US,2026-06-08,2Y,4.1500
US,2026-06-08,5Y,4.2900
US,2026-06-08,10Y,4.5600
US,2026-06-08,30Y,5.0300
US,2026-06-09,2Y,4.1300
US,2026-06-09,5Y,4.2600
US,2026-06-09,10Y,4.5300
US,2026-06-09,30Y,5.0100
US,2026-06-10,2Y,4.1300
US,2026-06-10,5Y,4.2700
US,2026-06-10,10Y,4.5500
US,2026-06-10,30Y,5.0300
US,2026-06-11,2Y,4.0500
US,2026-06-11,5Y,4.1800
US,2026-06-11,10Y,4.4500
US,2026-06-11,30Y,4.9500
US,2026-06-12,2Y,4.0900
US,2026-06-12,5Y,4.2100
US,2026-06-12,10Y,4.4800
US,2026-06-12,30Y,4.9700
US,2026-06-15,2Y,4.0700
US,2026-06-15,5Y,4.1800
US,2026-06-15,10Y,4.4700
US,2026-06-15,30Y,4.9700
US,2026-06-16,2Y,4.0500
US,2026-06-16,5Y,4.1600
US,2026-06-16,10Y,4.4300
US,2026-06-16,30Y,4.9300
US,2026-06-17,2Y,4.2000
US,2026-06-17,5Y,4.2700
US,2026-06-17,10Y,4.4900
US,2026-06-17,30Y,4.9300
US,2026-06-18,2Y,4.1900
US,2026-06-18,5Y,4.2300
US,2026-06-18,10Y,4.4600
US,2026-06-18,30Y,4.9000
US,2026-06-22,2Y,4.2400
US,2026-06-22,5Y,4.2900
US,2026-06-22,10Y,4.5100
US,2026-06-22,30Y,4.9500
US,2026-06-23,2Y,4.1600
US,2026-06-23,5Y,4.2700
US,2026-06-23,10Y,4.5000
US,2026-06-23,30Y,4.9400
US,2026-06-24,2Y,4.1100
US,2026-06-24,5Y,4.1700
US,2026-06-24,10Y,4.4100
US,2026-06-24,30Y,4.8600
US,2026-06-25,2Y,4.0900
US,2026-06-25,5Y,4.1500
US,2026-06-25,10Y,4.4000
US,2026-06-25,30Y,4.8600
US,2026-06-26,2Y,4.0700
US,2026-06-26,5Y,4.1200
US,2026-06-26,10Y,4.3800
US,2026-06-26,30Y,4.8700
US,2026-06-29,2Y,4.1000
US,2026-06-29,5Y,4.1400
US,2026-06-29,10Y,4.3800
US,2026-06-29,30Y,4.8600
US,2026-06-30,2Y,4.1400
US,2026-06-30,5Y,4.1900
US,2026-06-30,10Y,4.4400
US,2026-06-30,30Y,4.9100
US,2026-07-01,2Y,4.1700
US,2026-07-01,5Y,4.2400
US,2026-07-01,10Y,4.4800
US,2026-07-01,30Y,4.9700
US,2026-07-02,2Y,4.1400
US,2026-07-02,5Y,4.2300
US,2026-07-02,10Y,4.4900
US,2026-07-02,30Y,4.9800
US,2026-07-06,2Y,4.1300
US,2026-07-06,5Y,4.2100
US,2026-07-06,10Y,4.4800
US,2026-07-06,30Y,4.9900
US,2026-07-07,2Y,4.1900
US,2026-07-07,5Y,4.2700
US,2026-07-07,10Y,4.5500
US,2026-07-07,30Y,5.0500
US,2026-07-08,2Y,4.2100
US,2026-07-08,5Y,4.3100
US,2026-07-08,10Y,4.5600
US,2026-07-08,30Y,5.0600
US,2026-07-09,2Y,4.1600
US,2026-07-09,5Y,4.2700
US,2026-07-09,10Y,4.5400
US,2026-07-09,30Y,5.0500
US,2026-07-10,2Y,4.2100
US,2026-07-10,5Y,4.3000
US,2026-07-10,10Y,4.5600
US,2026-07-10,30Y,5.0600
US,2026-07-13,2Y,4.2600
US,2026-07-13,5Y,4.3700
US,2026-07-13,10Y,4.6200
US,2026-07-13,30Y,5.1000
US,2026-07-14,2Y,4.1800
US,2026-07-14,5Y,4.3100
US,2026-07-14,10Y,4.5800
US,2026-07-14,30Y,5.0800
US,2026-07-15,2Y,4.1300
US,2026-07-15,5Y,4.2600
US,2026-07-15,10Y,4.5500
US,2026-07-15,30Y,5.0800
US,2026-07-16,2Y,4.1600
US,2026-07-16,5Y,4.2800
US,2026-07-16,10Y,4.5700
US,2026-07-16,30Y,5.0900
US,2026-07-17,2Y,4.1800
US,2026-07-17,5Y,4.2800
US,2026-07-17,10Y,4.5500
US,2026-07-17,30Y,5.0600
US,2026-07-20,2Y,4.2100
US,2026-07-20,5Y,4.3300
US,2026-07-20,10Y,4.6000
US,2026-07-20,30Y,5.1100
US,2026-07-21,2Y,4.2600
US,2026-07-21,5Y,4.3700
US,2026-07-21,10Y,4.6300
US,2026-07-21,30Y,5.1300
US,2026-07-22,2Y,4.3100
US,2026-07-22,5Y,4.4100
US,2026-07-22,10Y,4.6700
US,2026-07-22,30Y,5.1500
US,2026-07-23,2Y,4.3700
US,2026-07-23,5Y,4.4600
US,2026-07-23,10Y,4.7100
US,2026-07-23,30Y,5.1700
US,2026-07-24,2Y,4.3300
US,2026-07-24,5Y,4.4300
US,2026-07-24,10Y,4.6900
US,2026-07-24,30Y,5.1600
US,2026-07-27,2Y,4.3100
US,2026-07-27,5Y,4.4000
US,2026-07-27,10Y,4.6500
US,2026-07-27,30Y,5.1200
US,2026-07-28,2Y,4.2600
US,2026-07-28,5Y,4.3500
US,2026-07-28,10Y,4.6100
US,2026-07-28,30Y,5.0900
US,2026-07-29,2Y,4.2200
US,2026-07-29,5Y,4.3700
US,2026-07-29,10Y,4.6700
US,2026-07-29,30Y,5.2000
US,2026-07-30,2Y,4.2300
US,2026-07-30,5Y,4.3800
US,2026-07-30,10Y,4.6800
US,2026-07-30,30Y,5.2100
US,2026-07-31,2Y,4.2800
US,2026-07-31,5Y,4.4500
US,2026-07-31,10Y,4.7500
US,2026-07-31,30Y,5.2700
US,2026-08-03,2Y,4.2500
US,2026-08-03,5Y,4.4000
US,2026-08-03,10Y,4.7000
US,2026-08-03,30Y,5.2300
US,2026-08-04,2Y,4.2000
US,2026-08-04,5Y,4.3300
US,2026-08-04,10Y,4.6300
US,2026-08-04,30Y,5.1800
US,2026-08-05,2Y,4.1800
US,2026-08-05,5Y,4.3300
US,2026-08-05,10Y,4.6300
US,2026-08-05,30Y,5.1700
US,2026-08-06,2Y,4.2500
US,2026-08-06,5Y,4.4000
US,2026-08-06,10Y,4.6900
US,2026-08-06,30Y,5.2200
US,2026-08-07,2Y,4.1900
US,2026-08-07,5Y,4.3500
US,2026-08-07,10Y,4.6500
US,2026-08-07,30Y,5.1900
US,2026-08-10,2Y,4.2500
US,2026-08-10,5Y,4.4100
US,2026-08-10,10Y,4.7200
US,2026-08-10,30Y,5.2500
US,2026-08-11,2Y,4.2200
US,2026-08-11,5Y,4.3900
US,2026-08-11,10Y,4.7000
US,2026-08-11,30Y,5.2400
US,2026-08-12,2Y,4.2000
US,2026-08-12,5Y,4.3800
US,2026-08-12,10Y,4.6800
US,2026-08-12,30Y,5.2400
US,2026-08-13,2Y,4.1500
US,2026-08-13,5Y,4.3200
US,2026-08-13,10Y,4.6300
US,2026-08-13,30Y,5.2100
US,2026-08-14,2Y,4.1700
US,2026-08-14,5Y,4.3600
US,2026-08-14,10Y,4.6800
US,2026-08-14,30Y,5.2500
US,2026-08-17,2Y,4.1900
US,2026-08-17,5Y,4.3800
US,2026-08-17,10Y,4.7200
US,2026-08-17,30Y,5.3100
US,2026-08-18,2Y,4.1900
US,2026-08-18,5Y,4.3700
US,2026-08-18,10Y,4.7100
US,2026-08-18,30Y,5.2800
US,2026-08-19,2Y,4.1900
US,2026-08-19,5Y,4.3500
US,2026-08-19,10Y,4.6500
US,2026-08-19,30Y,5.1900
US,2026-08-20,2Y,4.1900
US,2026-08-20,5Y,4.3900
US,2026-08-20,10Y,4.6900
US,2026-08-20,30Y,5.2300
US,2026-08-21,2Y,4.2400
US,2026-08-21,5Y,4.4300
US,2026-08-21,10Y,4.7400
US,2026-08-21,30Y,5.2700
US,2026-08-24,2Y,4.2400
US,2026-08-24,5Y,4.4100
US,2026-08-24,10Y,4.7000
US,2026-08-24,30Y,5.2300
US,2026-08-25,2Y,4.1700
US,2026-08-25,5Y,4.3500
US,2026-08-25,10Y,4.6400
US,2026-08-25,30Y,5.1700
US,2026-08-26,2Y,4.1900
US,2026-08-26,5Y,4.3700
US,2026-08-26,10Y,4.6600
US,2026-08-26,30Y,5.1800
US,2026-08-27,2Y,4.2000
US,2026-08-27,5Y,4.3800
US,2026-08-27,10Y,4.6700
US,2026-08-27,30Y,5.1900
US,2026-08-28,2Y,4.3400
US,2026-08-28,5Y,4.4800
US,2026-08-28,10Y,4.7300
US,2026-08-28,30Y,5.2200
US,2026-08-31,2Y,4.3400
US,2026-08-31,5Y,4.4900
US,2026-08-31,10Y,4.7500
US,2026-08-31,30Y,5.2500
US,2026-09-01,2Y,4.3900
US,2026-09-01,5Y,4.5500
US,2026-09-01,10Y,4.7900
US,2026-09-01,30Y,5.2700
JP,2016-09-05,2Y,-0.1930
JP,2016-09-05,5Y,-0.1600
JP,2016-09-05,10Y,-0.0270
JP,2016-09-05,30Y,0.5080
JP,2016-09-06,2Y,-0.1890
JP,2016-09-06,5Y,-0.1570
JP,2016-09-06,10Y,-0.0270
JP,2016-09-06,30Y,0.4900
JP,2016-09-07,2Y,-0.1990
JP,2016-09-07,5Y,-0.1770
JP,2016-09-07,10Y,-0.0610
JP,2016-09-07,30Y,0.4200
JP,2016-09-08,2Y,-0.1990
JP,2016-09-08,5Y,-0.1640
JP,2016-09-08,10Y,-0.0410
JP,2016-09-08,30Y,0.4480
JP,2016-09-09,2Y,-0.2040
JP,2016-09-09,5Y,-0.1600
JP,2016-09-09,10Y,-0.0200
JP,2016-09-09,30Y,0.5090
JP,2016-09-12,2Y,-0.2490
JP,2016-09-12,5Y,-0.1740
JP,2016-09-12,10Y,-0.0200
JP,2016-09-12,30Y,0.5320
JP,2016-09-13,2Y,-0.2440
JP,2016-09-13,5Y,-0.1740
JP,2016-09-13,10Y,-0.0210
JP,2016-09-13,30Y,0.5090
JP,2016-09-14,2Y,-0.2740
JP,2016-09-14,5Y,-0.2050
JP,2016-09-14,10Y,-0.0210
JP,2016-09-14,30Y,0.5690
JP,2016-09-15,2Y,-0.2740
JP,2016-09-15,5Y,-0.2100
JP,2016-09-15,10Y,-0.0450
JP,2016-09-15,30Y,0.5420
JP,2016-09-16,2Y,-0.2690
JP,2016-09-16,5Y,-0.2060
JP,2016-09-16,10Y,-0.0400
JP,2016-09-16,30Y,0.5510
JP,2016-09-20,2Y,-0.2660
JP,2016-09-20,5Y,-0.2100
JP,2016-09-20,10Y,-0.0600
JP,2016-09-20,30Y,0.5040
JP,2016-09-21,2Y,-0.2260
JP,2016-09-21,5Y,-0.1750
JP,2016-09-21,10Y,-0.0300
JP,2016-09-21,30Y,0.5100
JP,2016-09-23,2Y,-0.2220
JP,2016-09-23,5Y,-0.1890
JP,2016-09-23,10Y,-0.0540
JP,2016-09-23,30Y,0.4670
JP,2016-09-26,2Y,-0.2290
JP,2016-09-26,5Y,-0.1990
JP,2016-09-26,10Y,-0.0630
JP,2016-09-26,30Y,0.4860
JP,2016-09-27,2Y,-0.2680
JP,2016-09-27,5Y,-0.2390
JP,2016-09-27,10Y,-0.0790
JP,2016-09-27,30Y,0.5000
JP,2016-09-28,2Y,-0.2930
JP,2016-09-28,5Y,-0.2450
JP,2016-09-28,10Y,-0.0940
JP,2016-09-28,30Y,0.4580
JP,2016-09-29,2Y,-0.2750
JP,2016-09-29,5Y,-0.2390
JP,2016-09-29,10Y,-0.0890
JP,2016-09-29,30Y,0.4390
JP,2016-09-30,2Y,-0.2890
JP,2016-09-30,5Y,-0.2490
JP,2016-09-30,10Y,-0.0840
JP,2016-09-30,30Y,0.4570
JP,2016-10-03,2Y,-0.2810
JP,2016-10-03,5Y,-0.2360
JP,2016-10-03,10Y,-0.0730
JP,2016-10-03,30Y,0.4540
JP,2016-10-04,2Y,-0.2810
JP,2016-10-04,5Y,-0.2300
JP,2016-10-04,10Y,-0.0730
JP,2016-10-04,30Y,0.4590
JP,2016-10-05,2Y,-0.2850
JP,2016-10-05,5Y,-0.2300
JP,2016-10-05,10Y,-0.0630
JP,2016-10-05,30Y,0.4960
JP,2016-10-06,2Y,-0.2800
JP,2016-10-06,5Y,-0.2200
JP,2016-10-06,10Y,-0.0630
JP,2016-10-06,30Y,0.4960
JP,2016-10-07,2Y,-0.2800
JP,2016-10-07,5Y,-0.2210
JP,2016-10-07,10Y,-0.0680
JP,2016-10-07,30Y,0.5050
JP,2016-10-11,2Y,-0.2640
JP,2016-10-11,5Y,-0.1990
JP,2016-10-11,10Y,-0.0510
JP,2016-10-11,30Y,0.5250
JP,2016-10-12,2Y,-0.2630
JP,2016-10-12,5Y,-0.1990
JP,2016-10-12,10Y,-0.0620
JP,2016-10-12,30Y,0.5010
JP,2016-10-13,2Y,-0.2630
JP,2016-10-13,5Y,-0.1990
JP,2016-10-13,10Y,-0.0620
JP,2016-10-13,30Y,0.4820
JP,2016-10-14,2Y,-0.2730
JP,2016-10-14,5Y,-0.2100
JP,2016-10-14,10Y,-0.0560
JP,2016-10-14,30Y,0.4960
JP,2016-10-17,2Y,-0.2750
JP,2016-10-17,5Y,-0.2100
JP,2016-10-17,10Y,-0.0550
JP,2016-10-17,30Y,0.5010
JP,2016-10-18,2Y,-0.2750
JP,2016-10-18,5Y,-0.2100
JP,2016-10-18,10Y,-0.0500
JP,2016-10-18,30Y,0.4960
JP,2016-10-19,2Y,-0.2700
JP,2016-10-19,5Y,-0.2150
JP,2016-10-19,10Y,-0.0550
JP,2016-10-19,30Y,0.5010
JP,2016-10-20,2Y,-0.2660
JP,2016-10-20,5Y,-0.2150
JP,2016-10-20,10Y,-0.0640
JP,2016-10-20,30Y,0.5010
JP,2016-10-21,2Y,-0.2560
JP,2016-10-21,5Y,-0.2050
JP,2016-10-21,10Y,-0.0560
JP,2016-10-21,30Y,0.4960
JP,2016-10-24,2Y,-0.2480
JP,2016-10-24,5Y,-0.1950
JP,2016-10-24,10Y,-0.0550
JP,2016-10-24,30Y,0.4910
JP,2016-10-25,2Y,-0.2540
JP,2016-10-25,5Y,-0.2050
JP,2016-10-25,10Y,-0.0640
JP,2016-10-25,30Y,0.4870
JP,2016-10-26,2Y,-0.2540
JP,2016-10-26,5Y,-0.2060
JP,2016-10-26,10Y,-0.0640
JP,2016-10-26,30Y,0.4780
JP,2016-10-27,2Y,-0.2540
JP,2016-10-27,5Y,-0.1990
JP,2016-10-27,10Y,-0.0540
JP,2016-10-27,30Y,0.4970
JP,2016-10-28,2Y,-0.2480
JP,2016-10-28,5Y,-0.1890
JP,2016-10-28,10Y,-0.0450
JP,2016-10-28,30Y,0.5160
JP,2016-10-31,2Y,-0.2470
JP,2016-10-31,5Y,-0.1930
JP,2016-10-31,10Y,-0.0490
JP,2016-10-31,30Y,0.5050
JP,2016-11-01,2Y,-0.2490
JP,2016-11-01,5Y,-0.1980
JP,2016-11-01,10Y,-0.0480
JP,2016-11-01,30Y,0.5050
JP,2016-11-02,2Y,-0.2590
JP,2016-11-02,5Y,-0.2040
JP,2016-11-02,10Y,-0.0580
JP,2016-11-02,30Y,0.4870
JP,2016-11-04,2Y,-0.2640
JP,2016-11-04,5Y,-0.2090
JP,2016-11-04,10Y,-0.0590
JP,2016-11-04,30Y,0.4870
JP,2016-11-07,2Y,-0.2590
JP,2016-11-07,5Y,-0.2010
JP,2016-11-07,10Y,-0.0480
JP,2016-11-07,30Y,0.4970
JP,2016-11-08,2Y,-0.2630
JP,2016-11-08,5Y,-0.2030
JP,2016-11-08,10Y,-0.0630
JP,2016-11-08,30Y,0.4970
JP,2016-11-09,2Y,-0.2780
JP,2016-11-09,5Y,-0.2130
JP,2016-11-09,10Y,-0.0730
JP,2016-11-09,30Y,0.4790
JP,2016-11-10,2Y,-0.2630
JP,2016-11-10,5Y,-0.1830
JP,2016-11-10,10Y,-0.0430
JP,2016-11-10,30Y,0.5110
JP,2016-11-11,2Y,-0.2480
JP,2016-11-11,5Y,-0.1740
JP,2016-11-11,10Y,-0.0270
JP,2016-11-11,30Y,0.5260
JP,2016-11-14,2Y,-0.2190
JP,2016-11-14,5Y,-0.1530
JP,2016-11-14,10Y,-0.0130
JP,2016-11-14,30Y,0.5440
JP,2016-11-15,2Y,-0.1840
JP,2016-11-15,5Y,-0.1180
JP,2016-11-15,10Y,0.0070
JP,2016-11-15,30Y,0.5670
JP,2016-11-16,2Y,-0.1100
JP,2016-11-16,5Y,-0.0570
JP,2016-11-16,10Y,0.0230
JP,2016-11-16,30Y,0.5720
JP,2016-11-17,2Y,-0.1550
JP,2016-11-17,5Y,-0.1010
JP,2016-11-17,10Y,0.0130
JP,2016-11-17,30Y,0.5570
JP,2016-11-18,2Y,-0.1660
JP,2016-11-18,5Y,-0.0900
JP,2016-11-18,10Y,0.0440
JP,2016-11-18,30Y,0.5940
JP,2016-11-21,2Y,-0.1710
JP,2016-11-21,5Y,-0.0960
JP,2016-11-21,10Y,0.0330
JP,2016-11-21,30Y,0.6040
JP,2016-11-22,2Y,-0.1620
JP,2016-11-22,5Y,-0.0910
JP,2016-11-22,10Y,0.0320
JP,2016-11-22,30Y,0.6190
JP,2016-11-24,2Y,-0.1620
JP,2016-11-24,5Y,-0.0910
JP,2016-11-24,10Y,0.0370
JP,2016-11-24,30Y,0.6320
JP,2016-11-25,2Y,-0.1420
JP,2016-11-25,5Y,-0.0810
JP,2016-11-25,10Y,0.0390
JP,2016-11-25,30Y,0.5990
JP,2016-11-28,2Y,-0.1530
JP,2016-11-28,5Y,-0.0960
JP,2016-11-28,10Y,0.0160
JP,2016-11-28,30Y,0.5620
JP,2016-11-29,2Y,-0.1640
JP,2016-11-29,5Y,-0.1000
JP,2016-11-29,10Y,0.0160
JP,2016-11-29,30Y,0.5590
JP,2016-11-30,2Y,-0.1670
JP,2016-11-30,5Y,-0.1000
JP,2016-11-30,10Y,0.0210
JP,2016-11-30,30Y,0.5670
JP,2016-12-01,2Y,-0.1740
JP,2016-12-01,5Y,-0.0990
JP,2016-12-01,10Y,0.0290
JP,2016-12-01,30Y,0.5860
JP,2016-12-02,2Y,-0.1790
JP,2016-12-02,5Y,-0.1000
JP,2016-12-02,10Y,0.0340
JP,2016-12-02,30Y,0.5890
JP,2016-12-05,2Y,-0.1890
JP,2016-12-05,5Y,-0.1070
JP,2016-12-05,10Y,0.0240
JP,2016-12-05,30Y,0.5800
JP,2016-12-06,2Y,-0.1890
JP,2016-12-06,5Y,-0.0960
JP,2016-12-06,10Y,0.0440
JP,2016-12-06,30Y,0.6160
JP,2016-12-07,2Y,-0.1940
JP,2016-12-07,5Y,-0.1010
JP,2016-12-07,10Y,0.0290
JP,2016-12-07,30Y,0.6210
JP,2016-12-08,2Y,-0.1890
JP,2016-12-08,5Y,-0.0900
JP,2016-12-08,10Y,0.0390
JP,2016-12-08,30Y,0.6460
JP,2016-12-09,2Y,-0.1890
JP,2016-12-09,5Y,-0.0860
JP,2016-12-09,10Y,0.0500
JP,2016-12-09,30Y,0.6910
JP,2016-12-12,2Y,-0.1890
JP,2016-12-12,5Y,-0.0790
JP,2016-12-12,10Y,0.0700
JP,2016-12-12,30Y,0.7810
JP,2016-12-13,2Y,-0.1840
JP,2016-12-13,5Y,-0.0640
JP,2016-12-13,10Y,0.0800
JP,2016-12-13,30Y,0.7850
JP,2016-12-14,2Y,-0.1990
JP,2016-12-14,5Y,-0.0890
JP,2016-12-14,10Y,0.0550
JP,2016-12-14,30Y,0.7180
JP,2016-12-15,2Y,-0.1990
JP,2016-12-15,5Y,-0.0790
JP,2016-12-15,10Y,0.0750
JP,2016-12-15,30Y,0.7050
JP,2016-12-16,2Y,-0.1800
JP,2016-12-16,5Y,-0.0630
JP,2016-12-16,10Y,0.0760
JP,2016-12-16,30Y,0.6600
JP,2016-12-19,2Y,-0.1810
JP,2016-12-19,5Y,-0.0740
JP,2016-12-19,10Y,0.0760
JP,2016-12-19,30Y,0.6870
JP,2016-12-20,2Y,-0.1860
JP,2016-12-20,5Y,-0.0800
JP,2016-12-20,10Y,0.0660
JP,2016-12-20,30Y,0.6600
JP,2016-12-21,2Y,-0.1810
JP,2016-12-21,5Y,-0.0840
JP,2016-12-21,10Y,0.0560
JP,2016-12-21,30Y,0.6510
JP,2016-12-22,2Y,-0.1810
JP,2016-12-22,5Y,-0.0900
JP,2016-12-22,10Y,0.0510
JP,2016-12-22,30Y,0.6640
JP,2016-12-26,2Y,-0.1780
JP,2016-12-26,5Y,-0.0840
JP,2016-12-26,10Y,0.0560
JP,2016-12-26,30Y,0.6780
JP,2016-12-27,2Y,-0.1690
JP,2016-12-27,5Y,-0.0840
JP,2016-12-27,10Y,0.0610
JP,2016-12-27,30Y,0.6740
JP,2016-12-28,2Y,-0.1740
JP,2016-12-28,5Y,-0.0900
JP,2016-12-28,10Y,0.0570
JP,2016-12-28,30Y,0.7050
JP,2016-12-29,2Y,-0.1820
JP,2016-12-29,5Y,-0.1040
JP,2016-12-29,10Y,0.0420
JP,2016-12-29,30Y,0.6960
JP,2016-12-30,2Y,-0.1870
JP,2016-12-30,5Y,-0.1140
JP,2016-12-30,10Y,0.0430
JP,2016-12-30,30Y,0.7010
JP,2017-01-04,2Y,-0.1930
JP,2017-01-04,5Y,-0.1090
JP,2017-01-04,10Y,0.0640
JP,2017-01-04,30Y,0.7290
JP,2017-01-05,2Y,-0.2030
JP,2017-01-05,5Y,-0.1180
JP,2017-01-05,10Y,0.0580
JP,2017-01-05,30Y,0.7470
JP,2017-01-06,2Y,-0.2130
JP,2017-01-06,5Y,-0.1250
JP,2017-01-06,10Y,0.0530
JP,2017-01-06,30Y,0.7240
JP,2017-01-10,2Y,-0.2430
JP,2017-01-10,5Y,-0.1290
JP,2017-01-10,10Y,0.0580
JP,2017-01-10,30Y,0.7330
JP,2017-01-11,2Y,-0.2480
JP,2017-01-11,5Y,-0.1330
JP,2017-01-11,10Y,0.0590
JP,2017-01-11,30Y,0.7470
JP,2017-01-12,2Y,-0.2230
JP,2017-01-12,5Y,-0.1290
JP,2017-01-12,10Y,0.0430
JP,2017-01-12,30Y,0.7240
JP,2017-01-13,2Y,-0.2240
JP,2017-01-13,5Y,-0.1320
JP,2017-01-13,10Y,0.0490
JP,2017-01-13,30Y,0.7190
JP,2017-01-16,2Y,-0.2240
JP,2017-01-16,5Y,-0.1290
JP,2017-01-16,10Y,0.0540
JP,2017-01-16,30Y,0.7240
JP,2017-01-17,2Y,-0.2300
JP,2017-01-17,5Y,-0.1270
JP,2017-01-17,10Y,0.0490
JP,2017-01-17,30Y,0.7240
JP,2017-01-18,2Y,-0.2350
JP,2017-01-18,5Y,-0.1230
JP,2017-01-18,10Y,0.0540
JP,2017-01-18,30Y,0.7190
JP,2017-01-19,2Y,-0.2300
JP,2017-01-19,5Y,-0.1060
JP,2017-01-19,10Y,0.0740
JP,2017-01-19,30Y,0.7510
JP,2017-01-20,2Y,-0.2350
JP,2017-01-20,5Y,-0.1260
JP,2017-01-20,10Y,0.0650
JP,2017-01-20,30Y,0.7780
JP,2017-01-23,2Y,-0.2410
JP,2017-01-23,5Y,-0.1320
JP,2017-01-23,10Y,0.0550
JP,2017-01-23,30Y,0.7690
JP,2017-01-24,2Y,-0.2460
JP,2017-01-24,5Y,-0.1430
JP,2017-01-24,10Y,0.0450
JP,2017-01-24,30Y,0.7740
JP,2017-01-25,2Y,-0.2160
JP,2017-01-25,5Y,-0.1060
JP,2017-01-25,10Y,0.0710
JP,2017-01-25,30Y,0.7870
JP,2017-01-26,2Y,-0.2010
JP,2017-01-26,5Y,-0.0900
JP,2017-01-26,10Y,0.0900
JP,2017-01-26,30Y,0.8180
JP,2017-01-27,2Y,-0.2000
JP,2017-01-27,5Y,-0.1010
JP,2017-01-27,10Y,0.0800
JP,2017-01-27,30Y,0.8140
JP,2017-01-30,2Y,-0.2090
JP,2017-01-30,5Y,-0.1000
JP,2017-01-30,10Y,0.0860
JP,2017-01-30,30Y,0.8140
JP,2017-01-31,2Y,-0.2090
JP,2017-01-31,5Y,-0.0940
JP,2017-01-31,10Y,0.0870
JP,2017-01-31,30Y,0.8050
JP,2017-02-01,2Y,-0.2270
JP,2017-02-01,5Y,-0.1000
JP,2017-02-01,10Y,0.0960
JP,2017-02-01,30Y,0.8130
JP,2017-02-02,2Y,-0.2260
JP,2017-02-02,5Y,-0.0960
JP,2017-02-02,10Y,0.1100
JP,2017-02-02,30Y,0.8400
JP,2017-02-03,2Y,-0.2310
JP,2017-02-03,5Y,-0.0960
JP,2017-02-03,10Y,0.1020
JP,2017-02-03,30Y,0.8400
JP,2017-02-06,2Y,-0.2210
JP,2017-02-06,5Y,-0.0790
JP,2017-02-06,10Y,0.1060
JP,2017-02-06,30Y,0.8720
JP,2017-02-07,2Y,-0.2210
JP,2017-02-07,5Y,-0.0840
JP,2017-02-07,10Y,0.1020
JP,2017-02-07,30Y,0.8720
JP,2017-02-08,2Y,-0.2100
JP,2017-02-08,5Y,-0.0850
JP,2017-02-08,10Y,0.0970
JP,2017-02-08,30Y,0.8760
JP,2017-02-09,2Y,-0.2090
JP,2017-02-09,5Y,-0.0940
JP,2017-02-09,10Y,0.0860
JP,2017-02-09,30Y,0.8450
JP,2017-02-10,2Y,-0.2140
JP,2017-02-10,5Y,-0.0880
JP,2017-02-10,10Y,0.0860
JP,2017-02-10,30Y,0.8270
JP,2017-02-13,2Y,-0.2140
JP,2017-02-13,5Y,-0.0800
JP,2017-02-13,10Y,0.0920
JP,2017-02-13,30Y,0.8370
JP,2017-02-14,2Y,-0.2240
JP,2017-02-14,5Y,-0.0880
JP,2017-02-14,10Y,0.0980
JP,2017-02-14,30Y,0.8630
JP,2017-02-15,2Y,-0.2340
JP,2017-02-15,5Y,-0.0970
JP,2017-02-15,10Y,0.0920
JP,2017-02-15,30Y,0.8630
JP,2017-02-16,2Y,-0.2390
JP,2017-02-16,5Y,-0.0930
JP,2017-02-16,10Y,0.0970
JP,2017-02-16,30Y,0.8770
JP,2017-02-17,2Y,-0.2440
JP,2017-02-17,5Y,-0.0970
JP,2017-02-17,10Y,0.0930
JP,2017-02-17,30Y,0.8860
JP,2017-02-20,2Y,-0.2390
JP,2017-02-20,5Y,-0.0930
JP,2017-02-20,10Y,0.0990
JP,2017-02-20,30Y,0.8860
JP,2017-02-21,2Y,-0.2400
JP,2017-02-21,5Y,-0.0940
JP,2017-02-21,10Y,0.0990
JP,2017-02-21,30Y,0.8860
JP,2017-02-22,2Y,-0.2600
JP,2017-02-22,5Y,-0.1120
JP,2017-02-22,10Y,0.0890
JP,2017-02-22,30Y,0.8670
JP,2017-02-23,2Y,-0.2600
JP,2017-02-23,5Y,-0.1130
JP,2017-02-23,10Y,0.0810
JP,2017-02-23,30Y,0.8280
JP,2017-02-24,2Y,-0.2650
JP,2017-02-24,5Y,-0.1310
JP,2017-02-24,10Y,0.0670
JP,2017-02-24,30Y,0.8230
JP,2017-02-27,2Y,-0.2640
JP,2017-02-27,5Y,-0.1380
JP,2017-02-27,10Y,0.0540
JP,2017-02-27,30Y,0.7860
JP,2017-02-28,2Y,-0.2620
JP,2017-02-28,5Y,-0.1370
JP,2017-02-28,10Y,0.0590
JP,2017-02-28,30Y,0.7830
JP,2017-03-01,2Y,-0.2590
JP,2017-03-01,5Y,-0.1280
JP,2017-03-01,10Y,0.0690
JP,2017-03-01,30Y,0.8150
JP,2017-03-02,2Y,-0.2760
JP,2017-03-02,5Y,-0.1390
JP,2017-03-02,10Y,0.0780
JP,2017-03-02,30Y,0.8410
JP,2017-03-03,2Y,-0.2910
JP,2017-03-03,5Y,-0.1490
JP,2017-03-03,10Y,0.0680
JP,2017-03-03,30Y,0.8280
JP,2017-03-06,2Y,-0.2950
JP,2017-03-06,5Y,-0.1500
JP,2017-03-06,10Y,0.0690
JP,2017-03-06,30Y,0.8140
JP,2017-03-07,2Y,-0.2950
JP,2017-03-07,5Y,-0.1510
JP,2017-03-07,10Y,0.0640
JP,2017-03-07,30Y,0.8350
JP,2017-03-08,2Y,-0.2900
JP,2017-03-08,5Y,-0.1440
JP,2017-03-08,10Y,0.0690
JP,2017-03-08,30Y,0.8490
JP,2017-03-09,2Y,-0.2690
JP,2017-03-09,5Y,-0.1140
JP,2017-03-09,10Y,0.0840
JP,2017-03-09,30Y,0.8450
JP,2017-03-10,2Y,-0.2640
JP,2017-03-10,5Y,-0.1190
JP,2017-03-10,10Y,0.0850
JP,2017-03-10,30Y,0.8580
JP,2017-03-13,2Y,-0.2590
JP,2017-03-13,5Y,-0.1150
JP,2017-03-13,10Y,0.0850
JP,2017-03-13,30Y,0.8630
JP,2017-03-14,2Y,-0.2590
JP,2017-03-14,5Y,-0.1190
JP,2017-03-14,10Y,0.0850
JP,2017-03-14,30Y,0.8630
JP,2017-03-15,2Y,-0.2540
JP,2017-03-15,5Y,-0.1150
JP,2017-03-15,10Y,0.0900
JP,2017-03-15,30Y,0.8540
JP,2017-03-16,2Y,-0.2640
JP,2017-03-16,5Y,-0.1350
JP,2017-03-16,10Y,0.0700
JP,2017-03-16,30Y,0.8280
JP,2017-03-17,2Y,-0.2650
JP,2017-03-17,5Y,-0.1350
JP,2017-03-17,10Y,0.0710
JP,2017-03-17,30Y,0.8320
JP,2017-03-21,2Y,-0.2630
JP,2017-03-21,5Y,-0.1450
JP,2017-03-21,10Y,0.0610
JP,2017-03-21,30Y,0.8320
JP,2017-03-22,2Y,-0.2680
JP,2017-03-22,5Y,-0.1550
JP,2017-03-22,10Y,0.0560
JP,2017-03-22,30Y,0.8230
JP,2017-03-23,2Y,-0.2730
JP,2017-03-23,5Y,-0.1650
JP,2017-03-23,10Y,0.0510
JP,2017-03-23,30Y,0.8280
JP,2017-03-24,2Y,-0.2640
JP,2017-03-24,5Y,-0.1550
JP,2017-03-24,10Y,0.0610
JP,2017-03-24,30Y,0.8320
JP,2017-03-27,2Y,-0.2650
JP,2017-03-27,5Y,-0.1590
JP,2017-03-27,10Y,0.0570
JP,2017-03-27,30Y,0.8310
JP,2017-03-28,2Y,-0.2600
JP,2017-03-28,5Y,-0.1530
JP,2017-03-28,10Y,0.0570
JP,2017-03-28,30Y,0.8230
JP,2017-03-29,2Y,-0.2500
JP,2017-03-29,5Y,-0.1440
JP,2017-03-29,10Y,0.0520
JP,2017-03-29,30Y,0.8190
JP,2017-03-30,2Y,-0.2150
JP,2017-03-30,5Y,-0.1340
JP,2017-03-30,10Y,0.0620
JP,2017-03-30,30Y,0.8280
JP,2017-03-31,2Y,-0.2040
JP,2017-03-31,5Y,-0.1240
JP,2017-03-31,10Y,0.0670
JP,2017-03-31,30Y,0.8410
JP,2017-04-03,2Y,-0.1750
JP,2017-04-03,5Y,-0.1080
JP,2017-04-03,10Y,0.0720
JP,2017-04-03,30Y,0.8420
JP,2017-04-04,2Y,-0.1880
JP,2017-04-04,5Y,-0.1240
JP,2017-04-04,10Y,0.0620
JP,2017-04-04,30Y,0.8510
JP,2017-04-05,2Y,-0.2010
JP,2017-04-05,5Y,-0.1380
JP,2017-04-05,10Y,0.0620
JP,2017-04-05,30Y,0.8600
JP,2017-04-06,2Y,-0.2110
JP,2017-04-06,5Y,-0.1390
JP,2017-04-06,10Y,0.0580
JP,2017-04-06,30Y,0.8370
JP,2017-04-07,2Y,-0.2190
JP,2017-04-07,5Y,-0.1520
JP,2017-04-07,10Y,0.0480
JP,2017-04-07,30Y,0.8280
JP,2017-04-10,2Y,-0.2190
JP,2017-04-10,5Y,-0.1520
JP,2017-04-10,10Y,0.0480
JP,2017-04-10,30Y,0.8410
JP,2017-04-11,2Y,-0.2240
JP,2017-04-11,5Y,-0.1570
JP,2017-04-11,10Y,0.0380
JP,2017-04-11,30Y,0.8330
JP,2017-04-12,2Y,-0.2290
JP,2017-04-12,5Y,-0.1630
JP,2017-04-12,10Y,0.0180
JP,2017-04-12,30Y,0.8100
JP,2017-04-13,2Y,-0.2240
JP,2017-04-13,5Y,-0.1630
JP,2017-04-13,10Y,0.0230
JP,2017-04-13,30Y,0.7920
JP,2017-04-14,2Y,-0.2240
JP,2017-04-14,5Y,-0.1650
JP,2017-04-14,10Y,0.0130
JP,2017-04-14,30Y,0.7650
JP,2017-04-17,2Y,-0.2200
JP,2017-04-17,5Y,-0.1690
JP,2017-04-17,10Y,0.0030
JP,2017-04-17,30Y,0.7410
JP,2017-04-18,2Y,-0.2150
JP,2017-04-18,5Y,-0.1630
JP,2017-04-18,10Y,0.0130
JP,2017-04-18,30Y,0.7700
JP,2017-04-19,2Y,-0.2210
JP,2017-04-19,5Y,-0.1770
JP,2017-04-19,10Y,0.0040
JP,2017-04-19,30Y,0.7610
JP,2017-04-20,2Y,-0.2210
JP,2017-04-20,5Y,-0.1770
JP,2017-04-20,10Y,0.0140
JP,2017-04-20,30Y,0.7510
JP,2017-04-21,2Y,-0.2220
JP,2017-04-21,5Y,-0.1730
JP,2017-04-21,10Y,0.0140
JP,2017-04-21,30Y,0.7610
JP,2017-04-24,2Y,-0.2120
JP,2017-04-24,5Y,-0.1570
JP,2017-04-24,10Y,0.0240
JP,2017-04-24,30Y,0.7750
JP,2017-04-25,2Y,-0.2080
JP,2017-04-25,5Y,-0.1580
JP,2017-04-25,10Y,0.0190
JP,2017-04-25,30Y,0.7800
JP,2017-04-26,2Y,-0.2030
JP,2017-04-26,5Y,-0.1560
JP,2017-04-26,10Y,0.0210
JP,2017-04-26,30Y,0.7930
JP,2017-04-27,2Y,-0.1930
JP,2017-04-27,5Y,-0.1480
JP,2017-04-27,10Y,0.0210
JP,2017-04-27,30Y,0.7970
JP,2017-04-28,2Y,-0.2070
JP,2017-04-28,5Y,-0.1620
JP,2017-04-28,10Y,0.0160
JP,2017-04-28,30Y,0.7800
JP,2017-05-01,2Y,-0.2070
JP,2017-05-01,5Y,-0.1630
JP,2017-05-01,10Y,0.0160
JP,2017-05-01,30Y,0.7890
JP,2017-05-02,2Y,-0.2020
JP,2017-05-02,5Y,-0.1560
JP,2017-05-02,10Y,0.0220
JP,2017-05-02,30Y,0.7940
JP,2017-05-08,2Y,-0.1980
JP,2017-05-08,5Y,-0.1460
JP,2017-05-08,10Y,0.0320
JP,2017-05-08,30Y,0.8080
JP,2017-05-09,2Y,-0.1880
JP,2017-05-09,5Y,-0.1370
JP,2017-05-09,10Y,0.0380
JP,2017-05-09,30Y,0.8220
JP,2017-05-10,2Y,-0.1830
JP,2017-05-10,5Y,-0.1260
JP,2017-05-10,10Y,0.0420
JP,2017-05-10,30Y,0.8220
JP,2017-05-11,2Y,-0.1820
JP,2017-05-11,5Y,-0.1200
JP,2017-05-11,10Y,0.0530
JP,2017-05-11,30Y,0.8360
JP,2017-05-12,2Y,-0.1780
JP,2017-05-12,5Y,-0.1200
JP,2017-05-12,10Y,0.0460
JP,2017-05-12,30Y,0.8360
JP,2017-05-15,2Y,-0.1740
JP,2017-05-15,5Y,-0.1210
JP,2017-05-15,10Y,0.0410
JP,2017-05-15,30Y,0.8270
JP,2017-05-16,2Y,-0.1700
JP,2017-05-16,5Y,-0.1170
JP,2017-05-16,10Y,0.0470
JP,2017-05-16,30Y,0.8360
JP,2017-05-17,2Y,-0.1600
JP,2017-05-17,5Y,-0.1110
JP,2017-05-17,10Y,0.0470
JP,2017-05-17,30Y,0.8320
JP,2017-05-18,2Y,-0.1510
JP,2017-05-18,5Y,-0.1070
JP,2017-05-18,10Y,0.0480
JP,2017-05-18,30Y,0.8080
JP,2017-05-19,2Y,-0.1610
JP,2017-05-19,5Y,-0.1210
JP,2017-05-19,10Y,0.0430
JP,2017-05-19,30Y,0.7940
JP,2017-05-22,2Y,-0.1680
JP,2017-05-22,5Y,-0.1190
JP,2017-05-22,10Y,0.0540
JP,2017-05-22,30Y,0.8090
JP,2017-05-23,2Y,-0.1670
JP,2017-05-23,5Y,-0.1220
JP,2017-05-23,10Y,0.0490
JP,2017-05-23,30Y,0.7990
JP,2017-05-24,2Y,-0.1630
JP,2017-05-24,5Y,-0.1150
JP,2017-05-24,10Y,0.0540
JP,2017-05-24,30Y,0.8040
JP,2017-05-25,2Y,-0.1680
JP,2017-05-25,5Y,-0.1150
JP,2017-05-25,10Y,0.0540
JP,2017-05-25,30Y,0.8140
JP,2017-05-26,2Y,-0.1680
JP,2017-05-26,5Y,-0.1230
JP,2017-05-26,10Y,0.0440
JP,2017-05-26,30Y,0.7950
JP,2017-05-29,2Y,-0.1710
JP,2017-05-29,5Y,-0.1170
JP,2017-05-29,10Y,0.0450
JP,2017-05-29,30Y,0.8040
JP,2017-05-30,2Y,-0.1650
JP,2017-05-30,5Y,-0.1200
JP,2017-05-30,10Y,0.0450
JP,2017-05-30,30Y,0.8000
JP,2017-05-31,2Y,-0.1620
JP,2017-05-31,5Y,-0.1160
JP,2017-05-31,10Y,0.0500
JP,2017-05-31,30Y,0.8000
JP,2017-06-01,2Y,-0.1600
JP,2017-06-01,5Y,-0.1160
JP,2017-06-01,10Y,0.0490
JP,2017-06-01,30Y,0.8140
JP,2017-06-02,2Y,-0.1550
JP,2017-06-02,5Y,-0.1080
JP,2017-06-02,10Y,0.0470
JP,2017-06-02,30Y,0.8090
JP,2017-06-05,2Y,-0.1460
JP,2017-06-05,5Y,-0.1050
JP,2017-06-05,10Y,0.0440
JP,2017-06-05,30Y,0.8030
JP,2017-06-06,2Y,-0.1420
JP,2017-06-06,5Y,-0.1050
JP,2017-06-06,10Y,0.0390
JP,2017-06-06,30Y,0.8030
JP,2017-06-07,2Y,-0.1170
JP,2017-06-07,5Y,-0.0890
JP,2017-06-07,10Y,0.0400
JP,2017-06-07,30Y,0.7940
JP,2017-06-08,2Y,-0.1030
JP,2017-06-08,5Y,-0.0740
JP,2017-06-08,10Y,0.0650
JP,2017-06-08,30Y,0.8350
JP,2017-06-09,2Y,-0.1080
JP,2017-06-09,5Y,-0.0800
JP,2017-06-09,10Y,0.0500
JP,2017-06-09,30Y,0.8180
JP,2017-06-12,2Y,-0.1140
JP,2017-06-12,5Y,-0.0800
JP,2017-06-12,10Y,0.0550
JP,2017-06-12,30Y,0.8230
JP,2017-06-13,2Y,-0.1090
JP,2017-06-13,5Y,-0.0740
JP,2017-06-13,10Y,0.0600
JP,2017-06-13,30Y,0.8140
JP,2017-06-14,2Y,-0.1140
JP,2017-06-14,5Y,-0.0740
JP,2017-06-14,10Y,0.0600
JP,2017-06-14,30Y,0.8050
JP,2017-06-15,2Y,-0.1200
JP,2017-06-15,5Y,-0.0800
JP,2017-06-15,10Y,0.0500
JP,2017-06-15,30Y,0.7910
JP,2017-06-16,2Y,-0.1200
JP,2017-06-16,5Y,-0.0800
JP,2017-06-16,10Y,0.0500
JP,2017-06-16,30Y,0.8050
JP,2017-06-19,2Y,-0.1160
JP,2017-06-19,5Y,-0.0800
JP,2017-06-19,10Y,0.0510
JP,2017-06-19,30Y,0.8090
JP,2017-06-20,2Y,-0.1120
JP,2017-06-20,5Y,-0.0800
JP,2017-06-20,10Y,0.0510
JP,2017-06-20,30Y,0.8000
JP,2017-06-21,2Y,-0.1020
JP,2017-06-21,5Y,-0.0740
JP,2017-06-21,10Y,0.0550
JP,2017-06-21,30Y,0.7910
JP,2017-06-22,2Y,-0.1020
JP,2017-06-22,5Y,-0.0740
JP,2017-06-22,10Y,0.0510
JP,2017-06-22,30Y,0.7820
JP,2017-06-23,2Y,-0.1030
JP,2017-06-23,5Y,-0.0800
JP,2017-06-23,10Y,0.0510
JP,2017-06-23,30Y,0.7960
JP,2017-06-26,2Y,-0.1040
JP,2017-06-26,5Y,-0.0800
JP,2017-06-26,10Y,0.0510
JP,2017-06-26,30Y,0.8050
JP,2017-06-27,2Y,-0.1170
JP,2017-06-27,5Y,-0.0940
JP,2017-06-27,10Y,0.0460
JP,2017-06-27,30Y,0.8000
JP,2017-06-28,2Y,-0.1200
JP,2017-06-28,5Y,-0.0900
JP,2017-06-28,10Y,0.0560
JP,2017-06-28,30Y,0.8140
JP,2017-06-29,2Y,-0.1200
JP,2017-06-29,5Y,-0.0840
JP,2017-06-29,10Y,0.0570
JP,2017-06-29,30Y,0.8100
JP,2017-06-30,2Y,-0.1150
JP,2017-06-30,5Y,-0.0680
JP,2017-06-30,10Y,0.0860
JP,2017-06-30,30Y,0.8420
JP,2017-07-03,2Y,-0.1210
JP,2017-07-03,5Y,-0.0740
JP,2017-07-03,10Y,0.0820
JP,2017-07-03,30Y,0.8460
JP,2017-07-04,2Y,-0.1260
JP,2017-07-04,5Y,-0.0680
JP,2017-07-04,10Y,0.0780
JP,2017-07-04,30Y,0.8510
JP,2017-07-05,2Y,-0.1160
JP,2017-07-05,5Y,-0.0580
JP,2017-07-05,10Y,0.0820
JP,2017-07-05,30Y,0.8600
JP,2017-07-06,2Y,-0.1020
JP,2017-07-06,5Y,-0.0440
JP,2017-07-06,10Y,0.0980
JP,2017-07-06,30Y,0.8780
JP,2017-07-07,2Y,-0.1020
JP,2017-07-07,5Y,-0.0420
JP,2017-07-07,10Y,0.0880
JP,2017-07-07,30Y,0.8780
JP,2017-07-10,2Y,-0.0990
JP,2017-07-10,5Y,-0.0320
JP,2017-07-10,10Y,0.0930
JP,2017-07-10,30Y,0.8830
JP,2017-07-11,2Y,-0.1040
JP,2017-07-11,5Y,-0.0380
JP,2017-07-11,10Y,0.0930
JP,2017-07-11,30Y,0.8960
JP,2017-07-12,2Y,-0.1090
JP,2017-07-12,5Y,-0.0420
JP,2017-07-12,10Y,0.0880
JP,2017-07-12,30Y,0.8830
JP,2017-07-13,2Y,-0.1140
JP,2017-07-13,5Y,-0.0490
JP,2017-07-13,10Y,0.0780
JP,2017-07-13,30Y,0.8520
JP,2017-07-14,2Y,-0.1090
JP,2017-07-14,5Y,-0.0490
JP,2017-07-14,10Y,0.0780
JP,2017-07-14,30Y,0.8610
JP,2017-07-18,2Y,-0.1060
JP,2017-07-18,5Y,-0.0530
JP,2017-07-18,10Y,0.0680
JP,2017-07-18,30Y,0.8560
JP,2017-07-19,2Y,-0.1110
JP,2017-07-19,5Y,-0.0570
JP,2017-07-19,10Y,0.0740
JP,2017-07-19,30Y,0.8560
JP,2017-07-20,2Y,-0.1110
JP,2017-07-20,5Y,-0.0570
JP,2017-07-20,10Y,0.0740
JP,2017-07-20,30Y,0.8560
JP,2017-07-21,2Y,-0.1160
JP,2017-07-21,5Y,-0.0630
JP,2017-07-21,10Y,0.0680
JP,2017-07-21,30Y,0.8570
JP,2017-07-24,2Y,-0.1180
JP,2017-07-24,5Y,-0.0670
JP,2017-07-24,10Y,0.0690
JP,2017-07-24,30Y,0.8610
JP,2017-07-25,2Y,-0.1120
JP,2017-07-25,5Y,-0.0680
JP,2017-07-25,10Y,0.0690
JP,2017-07-25,30Y,0.8480
JP,2017-07-26,2Y,-0.1070
JP,2017-07-26,5Y,-0.0580
JP,2017-07-26,10Y,0.0800
JP,2017-07-26,30Y,0.8570
JP,2017-07-27,2Y,-0.1150
JP,2017-07-27,5Y,-0.0640
JP,2017-07-27,10Y,0.0700
JP,2017-07-27,30Y,0.8530
JP,2017-07-28,2Y,-0.1170
JP,2017-07-28,5Y,-0.0640
JP,2017-07-28,10Y,0.0740
JP,2017-07-28,30Y,0.8570
JP,2017-07-31,2Y,-0.1170
JP,2017-07-31,5Y,-0.0620
JP,2017-07-31,10Y,0.0780
JP,2017-07-31,30Y,0.8670
JP,2017-08-01,2Y,-0.1170
JP,2017-08-01,5Y,-0.0620
JP,2017-08-01,10Y,0.0750
JP,2017-08-01,30Y,0.8710
JP,2017-08-02,2Y,-0.1180
JP,2017-08-02,5Y,-0.0620
JP,2017-08-02,10Y,0.0750
JP,2017-08-02,30Y,0.8700
JP,2017-08-03,2Y,-0.1180
JP,2017-08-03,5Y,-0.0680
JP,2017-08-03,10Y,0.0700
JP,2017-08-03,30Y,0.8620
JP,2017-08-04,2Y,-0.1130
JP,2017-08-04,5Y,-0.0620
JP,2017-08-04,10Y,0.0650
JP,2017-08-04,30Y,0.8620
JP,2017-08-07,2Y,-0.1080
JP,2017-08-07,5Y,-0.0580
JP,2017-08-07,10Y,0.0700
JP,2017-08-07,30Y,0.8710
JP,2017-08-08,2Y,-0.1090
JP,2017-08-08,5Y,-0.0570
JP,2017-08-08,10Y,0.0700
JP,2017-08-08,30Y,0.8660
JP,2017-08-09,2Y,-0.1190
JP,2017-08-09,5Y,-0.0650
JP,2017-08-09,10Y,0.0600
JP,2017-08-09,30Y,0.8530
JP,2017-08-10,2Y,-0.1140
JP,2017-08-10,5Y,-0.0660
JP,2017-08-10,10Y,0.0600
JP,2017-08-10,30Y,0.8430
JP,2017-08-14,2Y,-0.1140
JP,2017-08-14,5Y,-0.0720
JP,2017-08-14,10Y,0.0560
JP,2017-08-14,30Y,0.8390
JP,2017-08-15,2Y,-0.1150
JP,2017-08-15,5Y,-0.0760
JP,2017-08-15,10Y,0.0520
JP,2017-08-15,30Y,0.8430
JP,2017-08-16,2Y,-0.1200
JP,2017-08-16,5Y,-0.0760
JP,2017-08-16,10Y,0.0420
JP,2017-08-16,30Y,0.8570
JP,2017-08-17,2Y,-0.1150
JP,2017-08-17,5Y,-0.0800
JP,2017-08-17,10Y,0.0470
JP,2017-08-17,30Y,0.8520
JP,2017-08-18,2Y,-0.1310
JP,2017-08-18,5Y,-0.0960
JP,2017-08-18,10Y,0.0430
JP,2017-08-18,30Y,0.8480
JP,2017-08-21,2Y,-0.1310
JP,2017-08-21,5Y,-0.1030
JP,2017-08-21,10Y,0.0380
JP,2017-08-21,30Y,0.8390
JP,2017-08-22,2Y,-0.1310
JP,2017-08-22,5Y,-0.0980
JP,2017-08-22,10Y,0.0430
JP,2017-08-22,30Y,0.8300
JP,2017-08-23,2Y,-0.1320
JP,2017-08-23,5Y,-0.0960
JP,2017-08-23,10Y,0.0380
JP,2017-08-23,30Y,0.8260
JP,2017-08-24,2Y,-0.1430
JP,2017-08-24,5Y,-0.1170
JP,2017-08-24,10Y,0.0280
JP,2017-08-24,30Y,0.8210
JP,2017-08-25,2Y,-0.1570
JP,2017-08-25,5Y,-0.1310
JP,2017-08-25,10Y,0.0180
JP,2017-08-25,30Y,0.8300
JP,2017-08-28,2Y,-0.1580
JP,2017-08-28,5Y,-0.1320
JP,2017-08-28,10Y,0.0130
JP,2017-08-28,30Y,0.8310
JP,2017-08-29,2Y,-0.1580
JP,2017-08-29,5Y,-0.1430
JP,2017-08-29,10Y,0.0090
JP,2017-08-29,30Y,0.8270
JP,2017-08-30,2Y,-0.1550
JP,2017-08-30,5Y,-0.1380
JP,2017-08-30,10Y,0.0090
JP,2017-08-30,30Y,0.8270
JP,2017-08-31,2Y,-0.1620
JP,2017-08-31,5Y,-0.1420
JP,2017-08-31,10Y,0.0080
JP,2017-08-31,30Y,0.8220
JP,2017-09-01,2Y,-0.1650
JP,2017-09-01,5Y,-0.1460
JP,2017-09-01,10Y,0.0050
JP,2017-09-01,30Y,0.8220
JP,2017-09-04,2Y,-0.1610
JP,2017-09-04,5Y,-0.1420
JP,2017-09-04,10Y,0.0010
JP,2017-09-04,30Y,0.8130
JP,2017-09-05,2Y,-0.1560
JP,2017-09-05,5Y,-0.1350
JP,2017-09-05,10Y,0.0090
JP,2017-09-05,30Y,0.8050
JP,2017-09-06,2Y,-0.1520
JP,2017-09-06,5Y,-0.1360
JP,2017-09-06,10Y,0.0040
JP,2017-09-06,30Y,0.8100
JP,2017-09-07,2Y,-0.1570
JP,2017-09-07,5Y,-0.1390
JP,2017-09-07,10Y,0.0090
JP,2017-09-07,30Y,0.8260
JP,2017-09-08,2Y,-0.1620
JP,2017-09-08,5Y,-0.1550
JP,2017-09-08,10Y,-0.0120
JP,2017-09-08,30Y,0.8040
JP,2017-09-11,2Y,-0.1580
JP,2017-09-11,5Y,-0.1400
JP,2017-09-11,10Y,-0.0060
JP,2017-09-11,30Y,0.8040
JP,2017-09-12,2Y,-0.1440
JP,2017-09-12,5Y,-0.1150
JP,2017-09-12,10Y,0.0150
JP,2017-09-12,30Y,0.8180
JP,2017-09-13,2Y,-0.1440
JP,2017-09-13,5Y,-0.1190
JP,2017-09-13,10Y,0.0200
JP,2017-09-13,30Y,0.8270
JP,2017-09-14,2Y,-0.1390
JP,2017-09-14,5Y,-0.1050
JP,2017-09-14,10Y,0.0350
JP,2017-09-14,30Y,0.8400
JP,2017-09-15,2Y,-0.1500
JP,2017-09-15,5Y,-0.1250
JP,2017-09-15,10Y,0.0150
JP,2017-09-15,30Y,0.8230
JP,2017-09-19,2Y,-0.1410
JP,2017-09-19,5Y,-0.1150
JP,2017-09-19,10Y,0.0260
JP,2017-09-19,30Y,0.8320
JP,2017-09-20,2Y,-0.1310
JP,2017-09-20,5Y,-0.1090
JP,2017-09-20,10Y,0.0260
JP,2017-09-20,30Y,0.8280
JP,2017-09-21,2Y,-0.1260
JP,2017-09-21,5Y,-0.1040
JP,2017-09-21,10Y,0.0260
JP,2017-09-21,30Y,0.8190
JP,2017-09-22,2Y,-0.1370
JP,2017-09-22,5Y,-0.1160
JP,2017-09-22,10Y,0.0210
JP,2017-09-22,30Y,0.8140
JP,2017-09-25,2Y,-0.1380
JP,2017-09-25,5Y,-0.1200
JP,2017-09-25,10Y,0.0210
JP,2017-09-25,30Y,0.8190
JP,2017-09-26,2Y,-0.1380
JP,2017-09-26,5Y,-0.1140
JP,2017-09-26,10Y,0.0260
JP,2017-09-26,30Y,0.8230
JP,2017-09-27,2Y,-0.1290
JP,2017-09-27,5Y,-0.0940
JP,2017-09-27,10Y,0.0470
JP,2017-09-27,30Y,0.8460
JP,2017-09-28,2Y,-0.1150
JP,2017-09-28,5Y,-0.0680
JP,2017-09-28,10Y,0.0690
JP,2017-09-28,30Y,0.8730
JP,2017-09-29,2Y,-0.1200
JP,2017-09-29,5Y,-0.0780
JP,2017-09-29,10Y,0.0620
JP,2017-09-29,30Y,0.8550
JP,2017-10-02,2Y,-0.1100
JP,2017-10-02,5Y,-0.0680
JP,2017-10-02,10Y,0.0730
JP,2017-10-02,30Y,0.8640
JP,2017-10-03,2Y,-0.1150
JP,2017-10-03,5Y,-0.0720
JP,2017-10-03,10Y,0.0730
JP,2017-10-03,30Y,0.8730
JP,2017-10-04,2Y,-0.1350
JP,2017-10-04,5Y,-0.0990
JP,2017-10-04,10Y,0.0530
JP,2017-10-04,30Y,0.8600
JP,2017-10-05,2Y,-0.1400
JP,2017-10-05,5Y,-0.1030
JP,2017-10-05,10Y,0.0430
JP,2017-10-05,30Y,0.8550
JP,2017-10-06,2Y,-0.1400
JP,2017-10-06,5Y,-0.0990
JP,2017-10-06,10Y,0.0530
JP,2017-10-06,30Y,0.8730
JP,2017-10-10,2Y,-0.1450
JP,2017-10-10,5Y,-0.0990
JP,2017-10-10,10Y,0.0590
JP,2017-10-10,30Y,0.8740
JP,2017-10-11,2Y,-0.1440
JP,2017-10-11,5Y,-0.0930
JP,2017-10-11,10Y,0.0630
JP,2017-10-11,30Y,0.8690
JP,2017-10-12,2Y,-0.1440
JP,2017-10-12,5Y,-0.0890
JP,2017-10-12,10Y,0.0630
JP,2017-10-12,30Y,0.8600
JP,2017-10-13,2Y,-0.1440
JP,2017-10-13,5Y,-0.0890
JP,2017-10-13,10Y,0.0630
JP,2017-10-13,30Y,0.8650
JP,2017-10-16,2Y,-0.1450
JP,2017-10-16,5Y,-0.0900
JP,2017-10-16,10Y,0.0640
JP,2017-10-16,30Y,0.8690
JP,2017-10-17,2Y,-0.1400
JP,2017-10-17,5Y,-0.0840
JP,2017-10-17,10Y,0.0690
JP,2017-10-17,30Y,0.8690
JP,2017-10-18,2Y,-0.1300
JP,2017-10-18,5Y,-0.0790
JP,2017-10-18,10Y,0.0690
JP,2017-10-18,30Y,0.8740
JP,2017-10-19,2Y,-0.1410
JP,2017-10-19,5Y,-0.0870
JP,2017-10-19,10Y,0.0640
JP,2017-10-19,30Y,0.8790
JP,2017-10-20,2Y,-0.1360
JP,2017-10-20,5Y,-0.0840
JP,2017-10-20,10Y,0.0740
JP,2017-10-20,30Y,0.8790
JP,2017-10-23,2Y,-0.1370
JP,2017-10-23,5Y,-0.0830
JP,2017-10-23,10Y,0.0690
JP,2017-10-23,30Y,0.8740
JP,2017-10-24,2Y,-0.1370
JP,2017-10-24,5Y,-0.0830
JP,2017-10-24,10Y,0.0690
JP,2017-10-24,30Y,0.8660
JP,2017-10-25,2Y,-0.1370
JP,2017-10-25,5Y,-0.0830
JP,2017-10-25,10Y,0.0700
JP,2017-10-25,30Y,0.8620
JP,2017-10-26,2Y,-0.1470
JP,2017-10-26,5Y,-0.0930
JP,2017-10-26,10Y,0.0700
JP,2017-10-26,30Y,0.8610
JP,2017-10-27,2Y,-0.1490
JP,2017-10-27,5Y,-0.0910
JP,2017-10-27,10Y,0.0700
JP,2017-10-27,30Y,0.8650
JP,2017-10-30,2Y,-0.1550
JP,2017-10-30,5Y,-0.0910
JP,2017-10-30,10Y,0.0700
JP,2017-10-30,30Y,0.8660
JP,2017-10-31,2Y,-0.1600
JP,2017-10-31,5Y,-0.0970
JP,2017-10-31,10Y,0.0710
JP,2017-10-31,30Y,0.8610
JP,2017-11-01,2Y,-0.1600
JP,2017-11-01,5Y,-0.0980
JP,2017-11-01,10Y,0.0600
JP,2017-11-01,30Y,0.8470
JP,2017-11-02,2Y,-0.1630
JP,2017-11-02,5Y,-0.0970
JP,2017-11-02,10Y,0.0550
JP,2017-11-02,30Y,0.8430
JP,2017-11-06,2Y,-0.1830
JP,2017-11-06,5Y,-0.1230
JP,2017-11-06,10Y,0.0260
JP,2017-11-06,30Y,0.8160
JP,2017-11-07,2Y,-0.1930
JP,2017-11-07,5Y,-0.1310
JP,2017-11-07,10Y,0.0320
JP,2017-11-07,30Y,0.8160
JP,2017-11-08,2Y,-0.2070
JP,2017-11-08,5Y,-0.1370
JP,2017-11-08,10Y,0.0270
JP,2017-11-08,30Y,0.8030
JP,2017-11-09,2Y,-0.1980
JP,2017-11-09,5Y,-0.1260
JP,2017-11-09,10Y,0.0320
JP,2017-11-09,30Y,0.7990
JP,2017-11-10,2Y,-0.1790
JP,2017-11-10,5Y,-0.1130
JP,2017-11-10,10Y,0.0420
JP,2017-11-10,30Y,0.8030
JP,2017-11-13,2Y,-0.1740
JP,2017-11-13,5Y,-0.1000
JP,2017-11-13,10Y,0.0520
JP,2017-11-13,30Y,0.8210
JP,2017-11-14,2Y,-0.1840
JP,2017-11-14,5Y,-0.1050
JP,2017-11-14,10Y,0.0530
JP,2017-11-14,30Y,0.8260
JP,2017-11-15,2Y,-0.1890
JP,2017-11-15,5Y,-0.1090
JP,2017-11-15,10Y,0.0480
JP,2017-11-15,30Y,0.8170
JP,2017-11-16,2Y,-0.1900
JP,2017-11-16,5Y,-0.1160
JP,2017-11-16,10Y,0.0480
JP,2017-11-16,30Y,0.8170
JP,2017-11-17,2Y,-0.1950
JP,2017-11-17,5Y,-0.1210
JP,2017-11-17,10Y,0.0380
JP,2017-11-17,30Y,0.8230
JP,2017-11-20,2Y,-0.1960
JP,2017-11-20,5Y,-0.1250
JP,2017-11-20,10Y,0.0390
JP,2017-11-20,30Y,0.8170
JP,2017-11-21,2Y,-0.1960
JP,2017-11-21,5Y,-0.1310
JP,2017-11-21,10Y,0.0330
JP,2017-11-21,30Y,0.8130
JP,2017-11-22,2Y,-0.1970
JP,2017-11-22,5Y,-0.1360
JP,2017-11-22,10Y,0.0290
JP,2017-11-22,30Y,0.8080
JP,2017-11-24,2Y,-0.1880
JP,2017-11-24,5Y,-0.1320
JP,2017-11-24,10Y,0.0350
JP,2017-11-24,30Y,0.8260
JP,2017-11-27,2Y,-0.1790
JP,2017-11-27,5Y,-0.1190
JP,2017-11-27,10Y,0.0410
JP,2017-11-27,30Y,0.8360
JP,2017-11-28,2Y,-0.1750
JP,2017-11-28,5Y,-0.1190
JP,2017-11-28,10Y,0.0460
JP,2017-11-28,30Y,0.8400
JP,2017-11-29,2Y,-0.1740
JP,2017-11-29,5Y,-0.1250
JP,2017-11-29,10Y,0.0350
JP,2017-11-29,30Y,0.8270
JP,2017-11-30,2Y,-0.1600
JP,2017-11-30,5Y,-0.1150
JP,2017-11-30,10Y,0.0400
JP,2017-11-30,30Y,0.8230
JP,2017-12-01,2Y,-0.1600
JP,2017-12-01,5Y,-0.1190
JP,2017-12-01,10Y,0.0400
JP,2017-12-01,30Y,0.8310
JP,2017-12-04,2Y,-0.1480
JP,2017-12-04,5Y,-0.1100
JP,2017-12-04,10Y,0.0450
JP,2017-12-04,30Y,0.8360
JP,2017-12-05,2Y,-0.1380
JP,2017-12-05,5Y,-0.1000
JP,2017-12-05,10Y,0.0530
JP,2017-12-05,30Y,0.8410
JP,2017-12-06,2Y,-0.1430
JP,2017-12-06,5Y,-0.1060
JP,2017-12-06,10Y,0.0490
JP,2017-12-06,30Y,0.8360
JP,2017-12-07,2Y,-0.1430
JP,2017-12-07,5Y,-0.1060
JP,2017-12-07,10Y,0.0490
JP,2017-12-07,30Y,0.8270
JP,2017-12-08,2Y,-0.1530
JP,2017-12-08,5Y,-0.1130
JP,2017-12-08,10Y,0.0440
JP,2017-12-08,30Y,0.8130
JP,2017-12-11,2Y,-0.1540
JP,2017-12-11,5Y,-0.1130
JP,2017-12-11,10Y,0.0440
JP,2017-12-11,30Y,0.8140
JP,2017-12-12,2Y,-0.1540
JP,2017-12-12,5Y,-0.1150
JP,2017-12-12,10Y,0.0400
JP,2017-12-12,30Y,0.8090
JP,2017-12-13,2Y,-0.1590
JP,2017-12-13,5Y,-0.1190
JP,2017-12-13,10Y,0.0450
JP,2017-12-13,30Y,0.8090
JP,2017-12-14,2Y,-0.1590
JP,2017-12-14,5Y,-0.1150
JP,2017-12-14,10Y,0.0450
JP,2017-12-14,30Y,0.8050
JP,2017-12-15,2Y,-0.1550
JP,2017-12-15,5Y,-0.1150
JP,2017-12-15,10Y,0.0400
JP,2017-12-15,30Y,0.8050
JP,2017-12-18,2Y,-0.1500
JP,2017-12-18,5Y,-0.1190
JP,2017-12-18,10Y,0.0360
JP,2017-12-18,30Y,0.8050
JP,2017-12-19,2Y,-0.1510
JP,2017-12-19,5Y,-0.1150
JP,2017-12-19,10Y,0.0360
JP,2017-12-19,30Y,0.7950
JP,2017-12-20,2Y,-0.1460
JP,2017-12-20,5Y,-0.1050
JP,2017-12-20,10Y,0.0510
JP,2017-12-20,30Y,0.8090
JP,2017-12-21,2Y,-0.1460
JP,2017-12-21,5Y,-0.1040
JP,2017-12-21,10Y,0.0560
JP,2017-12-21,30Y,0.8140
JP,2017-12-22,2Y,-0.1470
JP,2017-12-22,5Y,-0.1080
JP,2017-12-22,10Y,0.0460
JP,2017-12-22,30Y,0.8140
JP,2017-12-25,2Y,-0.1470
JP,2017-12-25,5Y,-0.1100
JP,2017-12-25,10Y,0.0360
JP,2017-12-25,30Y,0.8100
JP,2017-12-26,2Y,-0.1450
JP,2017-12-26,5Y,-0.1040
JP,2017-12-26,10Y,0.0410
JP,2017-12-26,30Y,0.8100
JP,2017-12-27,2Y,-0.1430
JP,2017-12-27,5Y,-0.1000
JP,2017-12-27,10Y,0.0520
JP,2017-12-27,30Y,0.8130
JP,2017-12-28,2Y,-0.1380
JP,2017-12-28,5Y,-0.1000
JP,2017-12-28,10Y,0.0520
JP,2017-12-28,30Y,0.8140
JP,2017-12-29,2Y,-0.1400
JP,2017-12-29,5Y,-0.1040
JP,2017-12-29,10Y,0.0470
JP,2017-12-29,30Y,0.8050
JP,2018-01-04,2Y,-0.1380
JP,2018-01-04,5Y,-0.0990
JP,2018-01-04,10Y,0.0520
JP,2018-01-04,30Y,0.8100
JP,2018-01-05,2Y,-0.1380
JP,2018-01-05,5Y,-0.0990
JP,2018-01-05,10Y,0.0570
JP,2018-01-05,30Y,0.8150
JP,2018-01-09,2Y,-0.1390
JP,2018-01-09,5Y,-0.0930
JP,2018-01-09,10Y,0.0670
JP,2018-01-09,30Y,0.8280
JP,2018-01-10,2Y,-0.1290
JP,2018-01-10,5Y,-0.0770
JP,2018-01-10,10Y,0.0830
JP,2018-01-10,30Y,0.8420
JP,2018-01-11,2Y,-0.1340
JP,2018-01-11,5Y,-0.0830
JP,2018-01-11,10Y,0.0680
JP,2018-01-11,30Y,0.8370
JP,2018-01-12,2Y,-0.1340
JP,2018-01-12,5Y,-0.0830
JP,2018-01-12,10Y,0.0730
JP,2018-01-12,30Y,0.8280
JP,2018-01-15,2Y,-0.1400
JP,2018-01-15,5Y,-0.0790
JP,2018-01-15,10Y,0.0740
JP,2018-01-15,30Y,0.8280
JP,2018-01-16,2Y,-0.1400
JP,2018-01-16,5Y,-0.0900
JP,2018-01-16,10Y,0.0790
JP,2018-01-16,30Y,0.8280
JP,2018-01-17,2Y,-0.1300
JP,2018-01-17,5Y,-0.0780
JP,2018-01-17,10Y,0.0840
JP,2018-01-17,30Y,0.8280
JP,2018-01-18,2Y,-0.1300
JP,2018-01-18,5Y,-0.0770
JP,2018-01-18,10Y,0.0790
JP,2018-01-18,30Y,0.8330
JP,2018-01-19,2Y,-0.1360
JP,2018-01-19,5Y,-0.0830
JP,2018-01-19,10Y,0.0790
JP,2018-01-19,30Y,0.8240
JP,2018-01-22,2Y,-0.1360
JP,2018-01-22,5Y,-0.0830
JP,2018-01-22,10Y,0.0790
JP,2018-01-22,30Y,0.8200
JP,2018-01-23,2Y,-0.1420
JP,2018-01-23,5Y,-0.0870
JP,2018-01-23,10Y,0.0740
JP,2018-01-23,30Y,0.8150
JP,2018-01-24,2Y,-0.1370
JP,2018-01-24,5Y,-0.0830
JP,2018-01-24,10Y,0.0790
JP,2018-01-24,30Y,0.8200
JP,2018-01-25,2Y,-0.1320
JP,2018-01-25,5Y,-0.0780
JP,2018-01-25,10Y,0.0840
JP,2018-01-25,30Y,0.8200
JP,2018-01-26,2Y,-0.1320
JP,2018-01-26,5Y,-0.0850
JP,2018-01-26,10Y,0.0740
JP,2018-01-26,30Y,0.8110
JP,2018-01-29,2Y,-0.1280
JP,2018-01-29,5Y,-0.0790
JP,2018-01-29,10Y,0.0850
JP,2018-01-29,30Y,0.8070
JP,2018-01-30,2Y,-0.1300
JP,2018-01-30,5Y,-0.0720
JP,2018-01-30,10Y,0.0950
JP,2018-01-30,30Y,0.8160
JP,2018-01-31,2Y,-0.1370
JP,2018-01-31,5Y,-0.0820
JP,2018-01-31,10Y,0.0850
JP,2018-01-31,30Y,0.8110
JP,2018-02-01,2Y,-0.1280
JP,2018-02-01,5Y,-0.0710
JP,2018-02-01,10Y,0.0950
JP,2018-02-01,30Y,0.8160
JP,2018-02-02,2Y,-0.1310
JP,2018-02-02,5Y,-0.0780
JP,2018-02-02,10Y,0.0850
JP,2018-02-02,30Y,0.8160
JP,2018-02-05,2Y,-0.1370
JP,2018-02-05,5Y,-0.0820
JP,2018-02-05,10Y,0.0860
JP,2018-02-05,30Y,0.8160
JP,2018-02-06,2Y,-0.1420
JP,2018-02-06,5Y,-0.0860
JP,2018-02-06,10Y,0.0750
JP,2018-02-06,30Y,0.8120
JP,2018-02-07,2Y,-0.1440
JP,2018-02-07,5Y,-0.0820
JP,2018-02-07,10Y,0.0750
JP,2018-02-07,30Y,0.8120
JP,2018-02-08,2Y,-0.1480
JP,2018-02-08,5Y,-0.0800
JP,2018-02-08,10Y,0.0810
JP,2018-02-08,30Y,0.8160
JP,2018-02-09,2Y,-0.1490
JP,2018-02-09,5Y,-0.0860
JP,2018-02-09,10Y,0.0710
JP,2018-02-09,30Y,0.8070
JP,2018-02-13,2Y,-0.1540
JP,2018-02-13,5Y,-0.0860
JP,2018-02-13,10Y,0.0710
JP,2018-02-13,30Y,0.7980
JP,2018-02-14,2Y,-0.1540
JP,2018-02-14,5Y,-0.0910
JP,2018-02-14,10Y,0.0660
JP,2018-02-14,30Y,0.7890
JP,2018-02-15,2Y,-0.1590
JP,2018-02-15,5Y,-0.0970
JP,2018-02-15,10Y,0.0660
JP,2018-02-15,30Y,0.7890
JP,2018-02-16,2Y,-0.1600
JP,2018-02-16,5Y,-0.1020
JP,2018-02-16,10Y,0.0620
JP,2018-02-16,30Y,0.7890
JP,2018-02-19,2Y,-0.1510
JP,2018-02-19,5Y,-0.0970
JP,2018-02-19,10Y,0.0610
JP,2018-02-19,30Y,0.7890
JP,2018-02-20,2Y,-0.1510
JP,2018-02-20,5Y,-0.0980
JP,2018-02-20,10Y,0.0660
JP,2018-02-20,30Y,0.7890
JP,2018-02-21,2Y,-0.1510
JP,2018-02-21,5Y,-0.1020
JP,2018-02-21,10Y,0.0580
JP,2018-02-21,30Y,0.7800
JP,2018-02-22,2Y,-0.1510
JP,2018-02-22,5Y,-0.1020
JP,2018-02-22,10Y,0.0580
JP,2018-02-22,30Y,0.7710
JP,2018-02-23,2Y,-0.1530
JP,2018-02-23,5Y,-0.1070
JP,2018-02-23,10Y,0.0530
JP,2018-02-23,30Y,0.7580
JP,2018-02-26,2Y,-0.1540
JP,2018-02-26,5Y,-0.1120
JP,2018-02-26,10Y,0.0540
JP,2018-02-26,30Y,0.7620
JP,2018-02-27,2Y,-0.1620
JP,2018-02-27,5Y,-0.1180
JP,2018-02-27,10Y,0.0490
JP,2018-02-27,30Y,0.7620
JP,2018-02-28,2Y,-0.1600
JP,2018-02-28,5Y,-0.1120
JP,2018-02-28,10Y,0.0540
JP,2018-02-28,30Y,0.7620
JP,2018-03-01,2Y,-0.1600
JP,2018-03-01,5Y,-0.1120
JP,2018-03-01,10Y,0.0480
JP,2018-03-01,30Y,0.7580
JP,2018-03-02,2Y,-0.1550
JP,2018-03-02,5Y,-0.0990
JP,2018-03-02,10Y,0.0630
JP,2018-03-02,30Y,0.7670
JP,2018-03-05,2Y,-0.1730
JP,2018-03-05,5Y,-0.1270
JP,2018-03-05,10Y,0.0380
JP,2018-03-05,30Y,0.7490
JP,2018-03-06,2Y,-0.1660
JP,2018-03-06,5Y,-0.1190
JP,2018-03-06,10Y,0.0490
JP,2018-03-06,30Y,0.7490
JP,2018-03-07,2Y,-0.1620
JP,2018-03-07,5Y,-0.1170
JP,2018-03-07,10Y,0.0440
JP,2018-03-07,30Y,0.7450
JP,2018-03-08,2Y,-0.1570
JP,2018-03-08,5Y,-0.1160
JP,2018-03-08,10Y,0.0490
JP,2018-03-08,30Y,0.7540
JP,2018-03-09,2Y,-0.1570
JP,2018-03-09,5Y,-0.1150
JP,2018-03-09,10Y,0.0440
JP,2018-03-09,30Y,0.7590
JP,2018-03-12,2Y,-0.1530
JP,2018-03-12,5Y,-0.1160
JP,2018-03-12,10Y,0.0440
JP,2018-03-12,30Y,0.7590
JP,2018-03-13,2Y,-0.1540
JP,2018-03-13,5Y,-0.1090
JP,2018-03-13,10Y,0.0450
JP,2018-03-13,30Y,0.7590
JP,2018-03-14,2Y,-0.1490
JP,2018-03-14,5Y,-0.1050
JP,2018-03-14,10Y,0.0450
JP,2018-03-14,30Y,0.7590
JP,2018-03-15,2Y,-0.1450
JP,2018-03-15,5Y,-0.1050
JP,2018-03-15,10Y,0.0400
JP,2018-03-15,30Y,0.7590
JP,2018-03-16,2Y,-0.1500
JP,2018-03-16,5Y,-0.1150
JP,2018-03-16,10Y,0.0310
JP,2018-03-16,30Y,0.7590
JP,2018-03-19,2Y,-0.1510
JP,2018-03-19,5Y,-0.1150
JP,2018-03-19,10Y,0.0360
JP,2018-03-19,30Y,0.7550
JP,2018-03-20,2Y,-0.1560
JP,2018-03-20,5Y,-0.1150
JP,2018-03-20,10Y,0.0360
JP,2018-03-20,30Y,0.7540
JP,2018-03-22,2Y,-0.1570
JP,2018-03-22,5Y,-0.1190
JP,2018-03-22,10Y,0.0310
JP,2018-03-22,30Y,0.7550
JP,2018-03-23,2Y,-0.1570
JP,2018-03-23,5Y,-0.1250
JP,2018-03-23,10Y,0.0160
JP,2018-03-23,30Y,0.7410
JP,2018-03-26,2Y,-0.1580
JP,2018-03-26,5Y,-0.1240
JP,2018-03-26,10Y,0.0220
JP,2018-03-26,30Y,0.7410
JP,2018-03-27,2Y,-0.1530
JP,2018-03-27,5Y,-0.1140
JP,2018-03-27,10Y,0.0320
JP,2018-03-27,30Y,0.7410
JP,2018-03-28,2Y,-0.1540
JP,2018-03-28,5Y,-0.1140
JP,2018-03-28,10Y,0.0320
JP,2018-03-28,30Y,0.7360
JP,2018-03-29,2Y,-0.1400
JP,2018-03-29,5Y,-0.1100
JP,2018-03-29,10Y,0.0370
JP,2018-03-29,30Y,0.7410
JP,2018-03-30,2Y,-0.1370
JP,2018-03-30,5Y,-0.1080
JP,2018-03-30,10Y,0.0430
JP,2018-03-30,30Y,0.7410
JP,2018-04-02,2Y,-0.1350
JP,2018-04-02,5Y,-0.1080
JP,2018-04-02,10Y,0.0420
JP,2018-04-02,30Y,0.7460
JP,2018-04-03,2Y,-0.1410
JP,2018-04-03,5Y,-0.1250
JP,2018-04-03,10Y,0.0220
JP,2018-04-03,30Y,0.7230
JP,2018-04-04,2Y,-0.1360
JP,2018-04-04,5Y,-0.1190
JP,2018-04-04,10Y,0.0270
JP,2018-04-04,30Y,0.7180
JP,2018-04-05,2Y,-0.1330
JP,2018-04-05,5Y,-0.1150
JP,2018-04-05,10Y,0.0370
JP,2018-04-05,30Y,0.7370
JP,2018-04-06,2Y,-0.1430
JP,2018-04-06,5Y,-0.1150
JP,2018-04-06,10Y,0.0380
JP,2018-04-06,30Y,0.7460
JP,2018-04-09,2Y,-0.1470
JP,2018-04-09,5Y,-0.1190
JP,2018-04-09,10Y,0.0330
JP,2018-04-09,30Y,0.7420
JP,2018-04-10,2Y,-0.1540
JP,2018-04-10,5Y,-0.1230
JP,2018-04-10,10Y,0.0330
JP,2018-04-10,30Y,0.7370
JP,2018-04-11,2Y,-0.1580
JP,2018-04-11,5Y,-0.1230
JP,2018-04-11,10Y,0.0280
JP,2018-04-11,30Y,0.7280
JP,2018-04-12,2Y,-0.1580
JP,2018-04-12,5Y,-0.1190
JP,2018-04-12,10Y,0.0330
JP,2018-04-12,30Y,0.7140
JP,2018-04-13,2Y,-0.1590
JP,2018-04-13,5Y,-0.1130
JP,2018-04-13,10Y,0.0330
JP,2018-04-13,30Y,0.7050
JP,2018-04-16,2Y,-0.1550
JP,2018-04-16,5Y,-0.1090
JP,2018-04-16,10Y,0.0390
JP,2018-04-16,30Y,0.7100
JP,2018-04-17,2Y,-0.1550
JP,2018-04-17,5Y,-0.1130
JP,2018-04-17,10Y,0.0390
JP,2018-04-17,30Y,0.7140
JP,2018-04-18,2Y,-0.1500
JP,2018-04-18,5Y,-0.1130
JP,2018-04-18,10Y,0.0340
JP,2018-04-18,30Y,0.7050
JP,2018-04-19,2Y,-0.1410
JP,2018-04-19,5Y,-0.1070
JP,2018-04-19,10Y,0.0390
JP,2018-04-19,30Y,0.7100
JP,2018-04-20,2Y,-0.1310
JP,2018-04-20,5Y,-0.0930
JP,2018-04-20,10Y,0.0590
JP,2018-04-20,30Y,0.7330
JP,2018-04-23,2Y,-0.1320
JP,2018-04-23,5Y,-0.0930
JP,2018-04-23,10Y,0.0600
JP,2018-04-23,30Y,0.7420
JP,2018-04-24,2Y,-0.1360
JP,2018-04-24,5Y,-0.1040
JP,2018-04-24,10Y,0.0550
JP,2018-04-24,30Y,0.7470
JP,2018-04-25,2Y,-0.1350
JP,2018-04-25,5Y,-0.0970
JP,2018-04-25,10Y,0.0600
JP,2018-04-25,30Y,0.7470
JP,2018-04-26,2Y,-0.1310
JP,2018-04-26,5Y,-0.0970
JP,2018-04-26,10Y,0.0600
JP,2018-04-26,30Y,0.7520
JP,2018-04-27,2Y,-0.1370
JP,2018-04-27,5Y,-0.1020
JP,2018-04-27,10Y,0.0550
JP,2018-04-27,30Y,0.7470
JP,2018-05-01,2Y,-0.1420
JP,2018-05-01,5Y,-0.1190
JP,2018-05-01,10Y,0.0400
JP,2018-05-01,30Y,0.7240
JP,2018-05-02,2Y,-0.1380
JP,2018-05-02,5Y,-0.1090
JP,2018-05-02,10Y,0.0450
JP,2018-05-02,30Y,0.7330
JP,2018-05-07,2Y,-0.1370
JP,2018-05-07,5Y,-0.1120
JP,2018-05-07,10Y,0.0460
JP,2018-05-07,30Y,0.7330
JP,2018-05-08,2Y,-0.1320
JP,2018-05-08,5Y,-0.1080
JP,2018-05-08,10Y,0.0500
JP,2018-05-08,30Y,0.7430
JP,2018-05-09,2Y,-0.1330
JP,2018-05-09,5Y,-0.1040
JP,2018-05-09,10Y,0.0510
JP,2018-05-09,30Y,0.7380
JP,2018-05-10,2Y,-0.1380
JP,2018-05-10,5Y,-0.1040
JP,2018-05-10,10Y,0.0520
JP,2018-05-10,30Y,0.7430
JP,2018-05-11,2Y,-0.1380
JP,2018-05-11,5Y,-0.1080
JP,2018-05-11,10Y,0.0470
JP,2018-05-11,30Y,0.7430
JP,2018-05-14,2Y,-0.1390
JP,2018-05-14,5Y,-0.1040
JP,2018-05-14,10Y,0.0520
JP,2018-05-14,30Y,0.7480
JP,2018-05-15,2Y,-0.1350
JP,2018-05-15,5Y,-0.0980
JP,2018-05-15,10Y,0.0580
JP,2018-05-15,30Y,0.7530
JP,2018-05-16,2Y,-0.1400
JP,2018-05-16,5Y,-0.0980
JP,2018-05-16,10Y,0.0580
JP,2018-05-16,30Y,0.7580
JP,2018-05-17,2Y,-0.1400
JP,2018-05-17,5Y,-0.1010
JP,2018-05-17,10Y,0.0620
JP,2018-05-17,30Y,0.7670
JP,2018-05-18,2Y,-0.1350
JP,2018-05-18,5Y,-0.1010
JP,2018-05-18,10Y,0.0620
JP,2018-05-18,30Y,0.7660
JP,2018-05-21,2Y,-0.1360
JP,2018-05-21,5Y,-0.1010
JP,2018-05-21,10Y,0.0590
JP,2018-05-21,30Y,0.7620
JP,2018-05-22,2Y,-0.1410
JP,2018-05-22,5Y,-0.1050
JP,2018-05-22,10Y,0.0530
JP,2018-05-22,30Y,0.7620
JP,2018-05-23,2Y,-0.1410
JP,2018-05-23,5Y,-0.1110
JP,2018-05-23,10Y,0.0480
JP,2018-05-23,30Y,0.7570
JP,2018-05-24,2Y,-0.1420
JP,2018-05-24,5Y,-0.1110
JP,2018-05-24,10Y,0.0480
JP,2018-05-24,30Y,0.7520
JP,2018-05-25,2Y,-0.1430
JP,2018-05-25,5Y,-0.1160
JP,2018-05-25,10Y,0.0430
JP,2018-05-25,30Y,0.7480
JP,2018-05-28,2Y,-0.1440
JP,2018-05-28,5Y,-0.1170
JP,2018-05-28,10Y,0.0430
JP,2018-05-28,30Y,0.7430
JP,2018-05-29,2Y,-0.1440
JP,2018-05-29,5Y,-0.1160
JP,2018-05-29,10Y,0.0380
JP,2018-05-29,30Y,0.7240
JP,2018-05-30,2Y,-0.1480
JP,2018-05-30,5Y,-0.1190
JP,2018-05-30,10Y,0.0330
JP,2018-05-30,30Y,0.7110
JP,2018-05-31,2Y,-0.1440
JP,2018-05-31,5Y,-0.1190
JP,2018-05-31,10Y,0.0390
JP,2018-05-31,30Y,0.7200
JP,2018-06-01,2Y,-0.1450
JP,2018-06-01,5Y,-0.1080
JP,2018-06-01,10Y,0.0500
JP,2018-06-01,30Y,0.7250
JP,2018-06-04,2Y,-0.1350
JP,2018-06-04,5Y,-0.1040
JP,2018-06-04,10Y,0.0560
JP,2018-06-04,30Y,0.7350
JP,2018-06-05,2Y,-0.1310
JP,2018-06-05,5Y,-0.0980
JP,2018-06-05,10Y,0.0560
JP,2018-06-05,30Y,0.7300
JP,2018-06-06,2Y,-0.1310
JP,2018-06-06,5Y,-0.1000
JP,2018-06-06,10Y,0.0560
JP,2018-06-06,30Y,0.7370
JP,2018-06-07,2Y,-0.1310
JP,2018-06-07,5Y,-0.0970
JP,2018-06-07,10Y,0.0550
JP,2018-06-07,30Y,0.7270
JP,2018-06-08,2Y,-0.1270
JP,2018-06-08,5Y,-0.0960
JP,2018-06-08,10Y,0.0510
JP,2018-06-08,30Y,0.7220
JP,2018-06-11,2Y,-0.1330
JP,2018-06-11,5Y,-0.0980
JP,2018-06-11,10Y,0.0510
JP,2018-06-11,30Y,0.7310
JP,2018-06-12,2Y,-0.1330
JP,2018-06-12,5Y,-0.0990
JP,2018-06-12,10Y,0.0570
JP,2018-06-12,30Y,0.7350
JP,2018-06-13,2Y,-0.1330
JP,2018-06-13,5Y,-0.1030
JP,2018-06-13,10Y,0.0570
JP,2018-06-13,30Y,0.7350
JP,2018-06-14,2Y,-0.1380
JP,2018-06-14,5Y,-0.1080
JP,2018-06-14,10Y,0.0460
JP,2018-06-14,30Y,0.7300
JP,2018-06-15,2Y,-0.1380
JP,2018-06-15,5Y,-0.1080
JP,2018-06-15,10Y,0.0410
JP,2018-06-15,30Y,0.7210
JP,2018-06-18,2Y,-0.1400
JP,2018-06-18,5Y,-0.1080
JP,2018-06-18,10Y,0.0410
JP,2018-06-18,30Y,0.7210
JP,2018-06-19,2Y,-0.1350
JP,2018-06-19,5Y,-0.1130
JP,2018-06-19,10Y,0.0370
JP,2018-06-19,30Y,0.7160
JP,2018-06-20,2Y,-0.1350
JP,2018-06-20,5Y,-0.1090
JP,2018-06-20,10Y,0.0420
JP,2018-06-20,30Y,0.7210
JP,2018-06-21,2Y,-0.1360
JP,2018-06-21,5Y,-0.1080
JP,2018-06-21,10Y,0.0430
JP,2018-06-21,30Y,0.7210
JP,2018-06-22,2Y,-0.1360
JP,2018-06-22,5Y,-0.1140
JP,2018-06-22,10Y,0.0390
JP,2018-06-22,30Y,0.7160
JP,2018-06-25,2Y,-0.1370
JP,2018-06-25,5Y,-0.1150
JP,2018-06-25,10Y,0.0400
JP,2018-06-25,30Y,0.7170
JP,2018-06-26,2Y,-0.1370
JP,2018-06-26,5Y,-0.1100
JP,2018-06-26,10Y,0.0450
JP,2018-06-26,30Y,0.7210
JP,2018-06-27,2Y,-0.1330
JP,2018-06-27,5Y,-0.1100
JP,2018-06-27,10Y,0.0460
JP,2018-06-27,30Y,0.7230
JP,2018-06-28,2Y,-0.1280
JP,2018-06-28,5Y,-0.1110
JP,2018-06-28,10Y,0.0400
JP,2018-06-28,30Y,0.7180
JP,2018-06-29,2Y,-0.1290
JP,2018-06-29,5Y,-0.1120
JP,2018-06-29,10Y,0.0400
JP,2018-06-29,30Y,0.7180
JP,2018-07-02,2Y,-0.1350
JP,2018-07-02,5Y,-0.1150
JP,2018-07-02,10Y,0.0350
JP,2018-07-02,30Y,0.7130
JP,2018-07-03,2Y,-0.1300
JP,2018-07-03,5Y,-0.1150
JP,2018-07-03,10Y,0.0370
JP,2018-07-03,30Y,0.7130
JP,2018-07-04,2Y,-0.1310
JP,2018-07-04,5Y,-0.1150
JP,2018-07-04,10Y,0.0320
JP,2018-07-04,30Y,0.7030
JP,2018-07-05,2Y,-0.1310
JP,2018-07-05,5Y,-0.1200
JP,2018-07-05,10Y,0.0320
JP,2018-07-05,30Y,0.6820
JP,2018-07-06,2Y,-0.1320
JP,2018-07-06,5Y,-0.1160
JP,2018-07-06,10Y,0.0270
JP,2018-07-06,30Y,0.6810
JP,2018-07-09,2Y,-0.1320
JP,2018-07-09,5Y,-0.1150
JP,2018-07-09,10Y,0.0280
JP,2018-07-09,30Y,0.6780
JP,2018-07-10,2Y,-0.1270
JP,2018-07-10,5Y,-0.1090
JP,2018-07-10,10Y,0.0380
JP,2018-07-10,30Y,0.6870
JP,2018-07-11,2Y,-0.1330
JP,2018-07-11,5Y,-0.1090
JP,2018-07-11,10Y,0.0380
JP,2018-07-11,30Y,0.6920
JP,2018-07-12,2Y,-0.1330
JP,2018-07-12,5Y,-0.1090
JP,2018-07-12,10Y,0.0380
JP,2018-07-12,30Y,0.6830
JP,2018-07-13,2Y,-0.1330
JP,2018-07-13,5Y,-0.1090
JP,2018-07-13,10Y,0.0380
JP,2018-07-13,30Y,0.6830
JP,2018-07-17,2Y,-0.1350
JP,2018-07-17,5Y,-0.1090
JP,2018-07-17,10Y,0.0390
JP,2018-07-17,30Y,0.6780
JP,2018-07-18,2Y,-0.1300
JP,2018-07-18,5Y,-0.1030
JP,2018-07-18,10Y,0.0440
JP,2018-07-18,30Y,0.6830
JP,2018-07-19,2Y,-0.1300
JP,2018-07-19,5Y,-0.1070
JP,2018-07-19,10Y,0.0390
JP,2018-07-19,30Y,0.6830
JP,2018-07-20,2Y,-0.1270
JP,2018-07-20,5Y,-0.1070
JP,2018-07-20,10Y,0.0340
JP,2018-07-20,30Y,0.6830
JP,2018-07-23,2Y,-0.1070
JP,2018-07-23,5Y,-0.0770
JP,2018-07-23,10Y,0.0860
JP,2018-07-23,30Y,0.7710
JP,2018-07-24,2Y,-0.1230
JP,2018-07-24,5Y,-0.0860
JP,2018-07-24,10Y,0.0850
JP,2018-07-24,30Y,0.7930
JP,2018-07-25,2Y,-0.1260
JP,2018-07-25,5Y,-0.1070
JP,2018-07-25,10Y,0.0700
JP,2018-07-25,30Y,0.7700
JP,2018-07-26,2Y,-0.1190
JP,2018-07-26,5Y,-0.0970
JP,2018-07-26,10Y,0.0910
JP,2018-07-26,30Y,0.7930
JP,2018-07-27,2Y,-0.1180
JP,2018-07-27,5Y,-0.0910
JP,2018-07-27,10Y,0.1010
JP,2018-07-27,30Y,0.8020
JP,2018-07-30,2Y,-0.1190
JP,2018-07-30,5Y,-0.0860
JP,2018-07-30,10Y,0.1060
JP,2018-07-30,30Y,0.8200
JP,2018-07-31,2Y,-0.1190
JP,2018-07-31,5Y,-0.0970
JP,2018-07-31,10Y,0.0500
JP,2018-07-31,30Y,0.7420
JP,2018-08-01,2Y,-0.0900
JP,2018-08-01,5Y,-0.0460
JP,2018-08-01,10Y,0.1290
JP,2018-08-01,30Y,0.7970
JP,2018-08-02,2Y,-0.1050
JP,2018-08-02,5Y,-0.0600
JP,2018-08-02,10Y,0.1210
JP,2018-08-02,30Y,0.8200
JP,2018-08-03,2Y,-0.1100
JP,2018-08-03,5Y,-0.0740
JP,2018-08-03,10Y,0.1100
JP,2018-08-03,30Y,0.8330
JP,2018-08-06,2Y,-0.1110
JP,2018-08-06,5Y,-0.0770
JP,2018-08-06,10Y,0.1050
JP,2018-08-06,30Y,0.8330
JP,2018-08-07,2Y,-0.1120
JP,2018-08-07,5Y,-0.0750
JP,2018-08-07,10Y,0.1100
JP,2018-08-07,30Y,0.8380
JP,2018-08-08,2Y,-0.1070
JP,2018-08-08,5Y,-0.0710
JP,2018-08-08,10Y,0.1100
JP,2018-08-08,30Y,0.8470
JP,2018-08-09,2Y,-0.1120
JP,2018-08-09,5Y,-0.0640
JP,2018-08-09,10Y,0.1150
JP,2018-08-09,30Y,0.8390
JP,2018-08-10,2Y,-0.1170
JP,2018-08-10,5Y,-0.0750
JP,2018-08-10,10Y,0.1050
JP,2018-08-10,30Y,0.8290
JP,2018-08-13,2Y,-0.1180
JP,2018-08-13,5Y,-0.0820
JP,2018-08-13,10Y,0.1030
JP,2018-08-13,30Y,0.8160
JP,2018-08-14,2Y,-0.1180
JP,2018-08-14,5Y,-0.0750
JP,2018-08-14,10Y,0.1060
JP,2018-08-14,30Y,0.8300
JP,2018-08-15,2Y,-0.1180
JP,2018-08-15,5Y,-0.0820
JP,2018-08-15,10Y,0.0970
JP,2018-08-15,30Y,0.8300
JP,2018-08-16,2Y,-0.1240
JP,2018-08-16,5Y,-0.0760
JP,2018-08-16,10Y,0.1040
JP,2018-08-16,30Y,0.8340
JP,2018-08-17,2Y,-0.1290
JP,2018-08-17,5Y,-0.0850
JP,2018-08-17,10Y,0.0990
JP,2018-08-17,30Y,0.8340
JP,2018-08-20,2Y,-0.1270
JP,2018-08-20,5Y,-0.0890
JP,2018-08-20,10Y,0.1000
JP,2018-08-20,30Y,0.8350
JP,2018-08-21,2Y,-0.1270
JP,2018-08-21,5Y,-0.0860
JP,2018-08-21,10Y,0.0940
JP,2018-08-21,30Y,0.8190
JP,2018-08-22,2Y,-0.1200
JP,2018-08-22,5Y,-0.0790
JP,2018-08-22,10Y,0.1000
JP,2018-08-22,30Y,0.8300
JP,2018-08-23,2Y,-0.1230
JP,2018-08-23,5Y,-0.0790
JP,2018-08-23,10Y,0.1000
JP,2018-08-23,30Y,0.8300
JP,2018-08-24,2Y,-0.1160
JP,2018-08-24,5Y,-0.0760
JP,2018-08-24,10Y,0.1060
JP,2018-08-24,30Y,0.8260
JP,2018-08-27,2Y,-0.1160
JP,2018-08-27,5Y,-0.0740
JP,2018-08-27,10Y,0.1010
JP,2018-08-27,30Y,0.8170
JP,2018-08-28,2Y,-0.1160
JP,2018-08-28,5Y,-0.0740
JP,2018-08-28,10Y,0.1010
JP,2018-08-28,30Y,0.8250
JP,2018-08-29,2Y,-0.1170
JP,2018-08-29,5Y,-0.0740
JP,2018-08-29,10Y,0.1070
JP,2018-08-29,30Y,0.8260
JP,2018-08-30,2Y,-0.1140
JP,2018-08-30,5Y,-0.0690
JP,2018-08-30,10Y,0.1150
JP,2018-08-30,30Y,0.8350
JP,2018-08-31,2Y,-0.1190
JP,2018-08-31,5Y,-0.0730
JP,2018-08-31,10Y,0.1100
JP,2018-08-31,30Y,0.8340
JP,2018-09-03,2Y,-0.1100
JP,2018-09-03,5Y,-0.0620
JP,2018-09-03,10Y,0.1270
JP,2018-09-03,30Y,0.8390
JP,2018-09-04,2Y,-0.1160
JP,2018-09-04,5Y,-0.0620
JP,2018-09-04,10Y,0.1250
JP,2018-09-04,30Y,0.8430
JP,2018-09-05,2Y,-0.1160
JP,2018-09-05,5Y,-0.0660
JP,2018-09-05,10Y,0.1210
JP,2018-09-05,30Y,0.8350
JP,2018-09-06,2Y,-0.1160
JP,2018-09-06,5Y,-0.0690
JP,2018-09-06,10Y,0.1160
JP,2018-09-06,30Y,0.8300
JP,2018-09-07,2Y,-0.1120
JP,2018-09-07,5Y,-0.0700
JP,2018-09-07,10Y,0.1160
JP,2018-09-07,30Y,0.8300
JP,2018-09-10,2Y,-0.1120
JP,2018-09-10,5Y,-0.0640
JP,2018-09-10,10Y,0.1210
JP,2018-09-10,30Y,0.8350
JP,2018-09-11,2Y,-0.1120
JP,2018-09-11,5Y,-0.0640
JP,2018-09-11,10Y,0.1160
JP,2018-09-11,30Y,0.8220
JP,2018-09-12,2Y,-0.1120
JP,2018-09-12,5Y,-0.0640
JP,2018-09-12,10Y,0.1160
JP,2018-09-12,30Y,0.8220
JP,2018-09-13,2Y,-0.1130
JP,2018-09-13,5Y,-0.0670
JP,2018-09-13,10Y,0.1160
JP,2018-09-13,30Y,0.8260
JP,2018-09-14,2Y,-0.1130
JP,2018-09-14,5Y,-0.0640
JP,2018-09-14,10Y,0.1170
JP,2018-09-14,30Y,0.8260
JP,2018-09-18,2Y,-0.1140
JP,2018-09-18,5Y,-0.0630
JP,2018-09-18,10Y,0.1230
JP,2018-09-18,30Y,0.8360
JP,2018-09-19,2Y,-0.1090
JP,2018-09-19,5Y,-0.0570
JP,2018-09-19,10Y,0.1280
JP,2018-09-19,30Y,0.8400
JP,2018-09-20,2Y,-0.1040
JP,2018-09-20,5Y,-0.0570
JP,2018-09-20,10Y,0.1280
JP,2018-09-20,30Y,0.8400
JP,2018-09-21,2Y,-0.1040
JP,2018-09-21,5Y,-0.0530
JP,2018-09-21,10Y,0.1400
JP,2018-09-21,30Y,0.8710
JP,2018-09-25,2Y,-0.1050
JP,2018-09-25,5Y,-0.0500
JP,2018-09-25,10Y,0.1410
JP,2018-09-25,30Y,0.8890
JP,2018-09-26,2Y,-0.1100
JP,2018-09-26,5Y,-0.0560
JP,2018-09-26,10Y,0.1350
JP,2018-09-26,30Y,0.8890
JP,2018-09-27,2Y,-0.1180
JP,2018-09-27,5Y,-0.0660
JP,2018-09-27,10Y,0.1300
JP,2018-09-27,30Y,0.8770
JP,2018-09-28,2Y,-0.1140
JP,2018-09-28,5Y,-0.0650
JP,2018-09-28,10Y,0.1340
JP,2018-09-28,30Y,0.8900
JP,2018-10-01,2Y,-0.1150
JP,2018-10-01,5Y,-0.0600
JP,2018-10-01,10Y,0.1390
JP,2018-10-01,30Y,0.9040
JP,2018-10-02,2Y,-0.1150
JP,2018-10-02,5Y,-0.0600
JP,2018-10-02,10Y,0.1370
JP,2018-10-02,30Y,0.9000
JP,2018-10-03,2Y,-0.1150
JP,2018-10-03,5Y,-0.0610
JP,2018-10-03,10Y,0.1370
JP,2018-10-03,30Y,0.8980
JP,2018-10-04,2Y,-0.1100
JP,2018-10-04,5Y,-0.0500
JP,2018-10-04,10Y,0.1570
JP,2018-10-04,30Y,0.9300
JP,2018-10-05,2Y,-0.1210
JP,2018-10-05,5Y,-0.0580
JP,2018-10-05,10Y,0.1480
JP,2018-10-05,30Y,0.9220
JP,2018-10-09,2Y,-0.1160
JP,2018-10-09,5Y,-0.0550
JP,2018-10-09,10Y,0.1580
JP,2018-10-09,30Y,0.9260
JP,2018-10-10,2Y,-0.1170
JP,2018-10-10,5Y,-0.0550
JP,2018-10-10,10Y,0.1520
JP,2018-10-10,30Y,0.9210
JP,2018-10-11,2Y,-0.1170
JP,2018-10-11,5Y,-0.0580
JP,2018-10-11,10Y,0.1440
JP,2018-10-11,30Y,0.9010
JP,2018-10-12,2Y,-0.1170
JP,2018-10-12,5Y,-0.0560
JP,2018-10-12,10Y,0.1490
JP,2018-10-12,30Y,0.9060
JP,2018-10-15,2Y,-0.1180
JP,2018-10-15,5Y,-0.0590
JP,2018-10-15,10Y,0.1440
JP,2018-10-15,30Y,0.9100
JP,2018-10-16,2Y,-0.1180
JP,2018-10-16,5Y,-0.0520
JP,2018-10-16,10Y,0.1490
JP,2018-10-16,30Y,0.9150
JP,2018-10-17,2Y,-0.1200
JP,2018-10-17,5Y,-0.0530
JP,2018-10-17,10Y,0.1470
JP,2018-10-17,30Y,0.9110
JP,2018-10-18,2Y,-0.1200
JP,2018-10-18,5Y,-0.0510
JP,2018-10-18,10Y,0.1530
JP,2018-10-18,30Y,0.9100
JP,2018-10-19,2Y,-0.1190
JP,2018-10-19,5Y,-0.0550
JP,2018-10-19,10Y,0.1500
JP,2018-10-19,30Y,0.9100
JP,2018-10-22,2Y,-0.1140
JP,2018-10-22,5Y,-0.0550
JP,2018-10-22,10Y,0.1540
JP,2018-10-22,30Y,0.9150
JP,2018-10-23,2Y,-0.1140
JP,2018-10-23,5Y,-0.0560
JP,2018-10-23,10Y,0.1490
JP,2018-10-23,30Y,0.9110
JP,2018-10-24,2Y,-0.1150
JP,2018-10-24,5Y,-0.0620
JP,2018-10-24,10Y,0.1350
JP,2018-10-24,30Y,0.8950
JP,2018-10-25,2Y,-0.1190
JP,2018-10-25,5Y,-0.0760
JP,2018-10-25,10Y,0.1150
JP,2018-10-25,30Y,0.8660
JP,2018-10-26,2Y,-0.1240
JP,2018-10-26,5Y,-0.0820
JP,2018-10-26,10Y,0.1150
JP,2018-10-26,30Y,0.8660
JP,2018-10-29,2Y,-0.1240
JP,2018-10-29,5Y,-0.0860
JP,2018-10-29,10Y,0.1100
JP,2018-10-29,30Y,0.8610
JP,2018-10-30,2Y,-0.1250
JP,2018-10-30,5Y,-0.0800
JP,2018-10-30,10Y,0.1210
JP,2018-10-30,30Y,0.8610
JP,2018-10-31,2Y,-0.1250
JP,2018-10-31,5Y,-0.0800
JP,2018-10-31,10Y,0.1270
JP,2018-10-31,30Y,0.8750
JP,2018-11-01,2Y,-0.1250
JP,2018-11-01,5Y,-0.0790
JP,2018-11-01,10Y,0.1270
JP,2018-11-01,30Y,0.8750
JP,2018-11-02,2Y,-0.1300
JP,2018-11-02,5Y,-0.0770
JP,2018-11-02,10Y,0.1320
JP,2018-11-02,30Y,0.8790
JP,2018-11-05,2Y,-0.1310
JP,2018-11-05,5Y,-0.0810
JP,2018-11-05,10Y,0.1320
JP,2018-11-05,30Y,0.8840
JP,2018-11-06,2Y,-0.1310
JP,2018-11-06,5Y,-0.0770
JP,2018-11-06,10Y,0.1320
JP,2018-11-06,30Y,0.8890
JP,2018-11-07,2Y,-0.1260
JP,2018-11-07,5Y,-0.0760
JP,2018-11-07,10Y,0.1280
JP,2018-11-07,30Y,0.8890
JP,2018-11-08,2Y,-0.1320
JP,2018-11-08,5Y,-0.0820
JP,2018-11-08,10Y,0.1290
JP,2018-11-08,30Y,0.8940
JP,2018-11-09,2Y,-0.1370
JP,2018-11-09,5Y,-0.0820
JP,2018-11-09,10Y,0.1290
JP,2018-11-09,30Y,0.8890
JP,2018-11-12,2Y,-0.1380
JP,2018-11-12,5Y,-0.0810
JP,2018-11-12,10Y,0.1240
JP,2018-11-12,30Y,0.8840
JP,2018-11-13,2Y,-0.1370
JP,2018-11-13,5Y,-0.0820
JP,2018-11-13,10Y,0.1190
JP,2018-11-13,30Y,0.8780
JP,2018-11-14,2Y,-0.1430
JP,2018-11-14,5Y,-0.0870
JP,2018-11-14,10Y,0.1140
JP,2018-11-14,30Y,0.8710
JP,2018-11-15,2Y,-0.1380
JP,2018-11-15,5Y,-0.0870
JP,2018-11-15,10Y,0.1140
JP,2018-11-15,30Y,0.8660
JP,2018-11-16,2Y,-0.1440
JP,2018-11-16,5Y,-0.0900
JP,2018-11-16,10Y,0.1100
JP,2018-11-16,30Y,0.8620
JP,2018-11-19,2Y,-0.1450
JP,2018-11-19,5Y,-0.1000
JP,2018-11-19,10Y,0.1000
JP,2018-11-19,30Y,0.8440
JP,2018-11-20,2Y,-0.1420
JP,2018-11-20,5Y,-0.0960
JP,2018-11-20,10Y,0.1100
JP,2018-11-20,30Y,0.8530
JP,2018-11-21,2Y,-0.1420
JP,2018-11-21,5Y,-0.1000
JP,2018-11-21,10Y,0.1020
JP,2018-11-21,30Y,0.8350
JP,2018-11-22,2Y,-0.1420
JP,2018-11-22,5Y,-0.1000
JP,2018-11-22,10Y,0.1020
JP,2018-11-22,30Y,0.8300
JP,2018-11-26,2Y,-0.1420
JP,2018-11-26,5Y,-0.1050
JP,2018-11-26,10Y,0.0970
JP,2018-11-26,30Y,0.8210
JP,2018-11-27,2Y,-0.1420
JP,2018-11-27,5Y,-0.1010
JP,2018-11-27,10Y,0.0980
JP,2018-11-27,30Y,0.8170
JP,2018-11-28,2Y,-0.1320
JP,2018-11-28,5Y,-0.0900
JP,2018-11-28,10Y,0.1080
JP,2018-11-28,30Y,0.8350
JP,2018-11-29,2Y,-0.1390
JP,2018-11-29,5Y,-0.1050
JP,2018-11-29,10Y,0.0910
JP,2018-11-29,30Y,0.8210
JP,2018-11-30,2Y,-0.1350
JP,2018-11-30,5Y,-0.1020
JP,2018-11-30,10Y,0.0970
JP,2018-11-30,30Y,0.8210
JP,2018-12-03,2Y,-0.1300
JP,2018-12-03,5Y,-0.1060
JP,2018-12-03,10Y,0.0930
JP,2018-12-03,30Y,0.8210
JP,2018-12-04,2Y,-0.1300
JP,2018-12-04,5Y,-0.1110
JP,2018-12-04,10Y,0.0770
JP,2018-12-04,30Y,0.7930
JP,2018-12-05,2Y,-0.1360
JP,2018-12-05,5Y,-0.1110
JP,2018-12-05,10Y,0.0780
JP,2018-12-05,30Y,0.8030
JP,2018-12-06,2Y,-0.1510
JP,2018-12-06,5Y,-0.1260
JP,2018-12-06,10Y,0.0630
JP,2018-12-06,30Y,0.7980
JP,2018-12-07,2Y,-0.1410
JP,2018-12-07,5Y,-0.1240
JP,2018-12-07,10Y,0.0680
JP,2018-12-07,30Y,0.8170
JP,2018-12-10,2Y,-0.1470
JP,2018-12-10,5Y,-0.1380
JP,2018-12-10,10Y,0.0480
JP,2018-12-10,30Y,0.8030
JP,2018-12-11,2Y,-0.1420
JP,2018-12-11,5Y,-0.1310
JP,2018-12-11,10Y,0.0530
JP,2018-12-11,30Y,0.8030
JP,2018-12-12,2Y,-0.1420
JP,2018-12-12,5Y,-0.1190
JP,2018-12-12,10Y,0.0640
JP,2018-12-12,30Y,0.8030
JP,2018-12-13,2Y,-0.1470
JP,2018-12-13,5Y,-0.1170
JP,2018-12-13,10Y,0.0640
JP,2018-12-13,30Y,0.8080
JP,2018-12-14,2Y,-0.1530
JP,2018-12-14,5Y,-0.1320
JP,2018-12-14,10Y,0.0430
JP,2018-12-14,30Y,0.7940
JP,2018-12-17,2Y,-0.1570
JP,2018-12-17,5Y,-0.1390
JP,2018-12-17,10Y,0.0430
JP,2018-12-17,30Y,0.7850
JP,2018-12-18,2Y,-0.1570
JP,2018-12-18,5Y,-0.1500
JP,2018-12-18,10Y,0.0400
JP,2018-12-18,30Y,0.7710
JP,2018-12-19,2Y,-0.1510
JP,2018-12-19,5Y,-0.1460
JP,2018-12-19,10Y,0.0460
JP,2018-12-19,30Y,0.7710
JP,2018-12-20,2Y,-0.1460
JP,2018-12-20,5Y,-0.1390
JP,2018-12-20,10Y,0.0410
JP,2018-12-20,30Y,0.7380
JP,2018-12-21,2Y,-0.1430
JP,2018-12-21,5Y,-0.1240
JP,2018-12-21,10Y,0.0530
JP,2018-12-21,30Y,0.7570
JP,2018-12-25,2Y,-0.1470
JP,2018-12-25,5Y,-0.1400
JP,2018-12-25,10Y,0.0290
JP,2018-12-25,30Y,0.7240
JP,2018-12-26,2Y,-0.1240
JP,2018-12-26,5Y,-0.1260
JP,2018-12-26,10Y,0.0360
JP,2018-12-26,30Y,0.7290
JP,2018-12-27,2Y,-0.1240
JP,2018-12-27,5Y,-0.1260
JP,2018-12-27,10Y,0.0370
JP,2018-12-27,30Y,0.7430
JP,2018-12-28,2Y,-0.1390
JP,2018-12-28,5Y,-0.1520
JP,2018-12-28,10Y,0.0130
JP,2018-12-28,30Y,0.7240
JP,2019-01-04,2Y,-0.1760
JP,2019-01-04,5Y,-0.1880
JP,2019-01-04,10Y,-0.0230
JP,2019-01-04,30Y,0.6770
JP,2019-01-07,2Y,-0.1660
JP,2019-01-07,5Y,-0.1730
JP,2019-01-07,10Y,0.0000
JP,2019-01-07,30Y,0.7010
JP,2019-01-08,2Y,-0.1470
JP,2019-01-08,5Y,-0.1480
JP,2019-01-08,10Y,0.0140
JP,2019-01-08,30Y,0.7060
JP,2019-01-09,2Y,-0.1470
JP,2019-01-09,5Y,-0.1420
JP,2019-01-09,10Y,0.0290
JP,2019-01-09,30Y,0.7200
JP,2019-01-10,2Y,-0.1480
JP,2019-01-10,5Y,-0.1490
JP,2019-01-10,10Y,0.0240
JP,2019-01-10,30Y,0.7100
JP,2019-01-11,2Y,-0.1530
JP,2019-01-11,5Y,-0.1500
JP,2019-01-11,10Y,0.0140
JP,2019-01-11,30Y,0.6960
JP,2019-01-15,2Y,-0.1530
JP,2019-01-15,5Y,-0.1430
JP,2019-01-15,10Y,0.0140
JP,2019-01-15,30Y,0.6960
JP,2019-01-16,2Y,-0.1640
JP,2019-01-16,5Y,-0.1540
JP,2019-01-16,10Y,0.0060
JP,2019-01-16,30Y,0.6920
JP,2019-01-17,2Y,-0.1690
JP,2019-01-17,5Y,-0.1610
JP,2019-01-17,10Y,0.0070
JP,2019-01-17,30Y,0.6950
JP,2019-01-18,2Y,-0.1700
JP,2019-01-18,5Y,-0.1590
JP,2019-01-18,10Y,0.0100
JP,2019-01-18,30Y,0.6920
JP,2019-01-21,2Y,-0.1670
JP,2019-01-21,5Y,-0.1590
JP,2019-01-21,10Y,0.0040
JP,2019-01-21,30Y,0.6920
JP,2019-01-22,2Y,-0.1670
JP,2019-01-22,5Y,-0.1590
JP,2019-01-22,10Y,-0.0010
JP,2019-01-22,30Y,0.6830
JP,2019-01-23,2Y,-0.1680
JP,2019-01-23,5Y,-0.1600
JP,2019-01-23,10Y,0.0040
JP,2019-01-23,30Y,0.6740
JP,2019-01-24,2Y,-0.1620
JP,2019-01-24,5Y,-0.1560
JP,2019-01-24,10Y,0.0090
JP,2019-01-24,30Y,0.6650
JP,2019-01-25,2Y,-0.1680
JP,2019-01-25,5Y,-0.1640
JP,2019-01-25,10Y,-0.0010
JP,2019-01-25,30Y,0.6600
JP,2019-01-28,2Y,-0.1640
JP,2019-01-28,5Y,-0.1640
JP,2019-01-28,10Y,0.0010
JP,2019-01-28,30Y,0.6550
JP,2019-01-29,2Y,-0.1590
JP,2019-01-29,5Y,-0.1600
JP,2019-01-29,10Y,0.0060
JP,2019-01-29,30Y,0.6550
JP,2019-01-30,2Y,-0.1590
JP,2019-01-30,5Y,-0.1600
JP,2019-01-30,10Y,0.0070
JP,2019-01-30,30Y,0.6600
JP,2019-01-31,2Y,-0.1690
JP,2019-01-31,5Y,-0.1640
JP,2019-01-31,10Y,0.0060
JP,2019-01-31,30Y,0.6510
JP,2019-02-01,2Y,-0.1790
JP,2019-02-01,5Y,-0.1790
JP,2019-02-01,10Y,-0.0190
JP,2019-02-01,30Y,0.6040
JP,2019-02-04,2Y,-0.1710
JP,2019-02-04,5Y,-0.1690
JP,2019-02-04,10Y,-0.0090
JP,2019-02-04,30Y,0.6140
JP,2019-02-05,2Y,-0.1660
JP,2019-02-05,5Y,-0.1640
JP,2019-02-05,10Y,-0.0090
JP,2019-02-05,30Y,0.6040
JP,2019-02-06,2Y,-0.1610
JP,2019-02-06,5Y,-0.1650
JP,2019-02-06,10Y,-0.0140
JP,2019-02-06,30Y,0.6040
JP,2019-02-07,2Y,-0.1560
JP,2019-02-07,5Y,-0.1570
JP,2019-02-07,10Y,-0.0080
JP,2019-02-07,30Y,0.6190
JP,2019-02-08,2Y,-0.1660
JP,2019-02-08,5Y,-0.1690
JP,2019-02-08,10Y,-0.0240
JP,2019-02-08,30Y,0.5890
JP,2019-02-12,2Y,-0.1630
JP,2019-02-12,5Y,-0.1570
JP,2019-02-12,10Y,-0.0060
JP,2019-02-12,30Y,0.6090
JP,2019-02-13,2Y,-0.1680
JP,2019-02-13,5Y,-0.1560
JP,2019-02-13,10Y,-0.0010
JP,2019-02-13,30Y,0.6240
JP,2019-02-14,2Y,-0.1680
JP,2019-02-14,5Y,-0.1660
JP,2019-02-14,10Y,-0.0060
JP,2019-02-14,30Y,0.6240
JP,2019-02-15,2Y,-0.1690
JP,2019-02-15,5Y,-0.1700
JP,2019-02-15,10Y,-0.0160
JP,2019-02-15,30Y,0.6000
JP,2019-02-18,2Y,-0.1760
JP,2019-02-18,5Y,-0.1760
JP,2019-02-18,10Y,-0.0160
JP,2019-02-18,30Y,0.6000
JP,2019-02-19,2Y,-0.1830
JP,2019-02-19,5Y,-0.1810
JP,2019-02-19,10Y,-0.0260
JP,2019-02-19,30Y,0.5950
JP,2019-02-20,2Y,-0.1820
JP,2019-02-20,5Y,-0.1810
JP,2019-02-20,10Y,-0.0310
JP,2019-02-20,30Y,0.5910
JP,2019-02-21,2Y,-0.1820
JP,2019-02-21,5Y,-0.1820
JP,2019-02-21,10Y,-0.0370
JP,2019-02-21,30Y,0.5760
JP,2019-02-22,2Y,-0.1780
JP,2019-02-22,5Y,-0.1820
JP,2019-02-22,10Y,-0.0370
JP,2019-02-22,30Y,0.5860
JP,2019-02-25,2Y,-0.1740
JP,2019-02-25,5Y,-0.1760
JP,2019-02-25,10Y,-0.0300
JP,2019-02-25,30Y,0.5910
JP,2019-02-26,2Y,-0.1690
JP,2019-02-26,5Y,-0.1710
JP,2019-02-26,10Y,-0.0200
JP,2019-02-26,30Y,0.6100
JP,2019-02-27,2Y,-0.1640
JP,2019-02-27,5Y,-0.1650
JP,2019-02-27,10Y,-0.0180
JP,2019-02-27,30Y,0.6150
JP,2019-02-28,2Y,-0.1540
JP,2019-02-28,5Y,-0.1580
JP,2019-02-28,10Y,-0.0190
JP,2019-02-28,30Y,0.6100
JP,2019-03-01,2Y,-0.1500
JP,2019-03-01,5Y,-0.1540
JP,2019-03-01,10Y,-0.0040
JP,2019-03-01,30Y,0.6280
JP,2019-03-04,2Y,-0.1460
JP,2019-03-04,5Y,-0.1490
JP,2019-03-04,10Y,0.0070
JP,2019-03-04,30Y,0.6430
JP,2019-03-05,2Y,-0.1410
JP,2019-03-05,5Y,-0.1440
JP,2019-03-05,10Y,0.0110
JP,2019-03-05,30Y,0.6470
JP,2019-03-06,2Y,-0.1460
JP,2019-03-06,5Y,-0.1510
JP,2019-03-06,10Y,0.0010
JP,2019-03-06,30Y,0.6330
JP,2019-03-07,2Y,-0.1470
JP,2019-03-07,5Y,-0.1510
JP,2019-03-07,10Y,-0.0040
JP,2019-03-07,30Y,0.6240
JP,2019-03-08,2Y,-0.1470
JP,2019-03-08,5Y,-0.1540
JP,2019-03-08,10Y,-0.0280
JP,2019-03-08,30Y,0.5910
JP,2019-03-11,2Y,-0.1470
JP,2019-03-11,5Y,-0.1580
JP,2019-03-11,10Y,-0.0300
JP,2019-03-11,30Y,0.5910
JP,2019-03-12,2Y,-0.1530
JP,2019-03-12,5Y,-0.1600
JP,2019-03-12,10Y,-0.0250
JP,2019-03-12,30Y,0.5980
JP,2019-03-13,2Y,-0.1580
JP,2019-03-13,5Y,-0.1700
JP,2019-03-13,10Y,-0.0400
JP,2019-03-13,30Y,0.5820
JP,2019-03-14,2Y,-0.1630
JP,2019-03-14,5Y,-0.1700
JP,2019-03-14,10Y,-0.0330
JP,2019-03-14,30Y,0.5770
JP,2019-03-15,2Y,-0.1650
JP,2019-03-15,5Y,-0.1710
JP,2019-03-15,10Y,-0.0280
JP,2019-03-15,30Y,0.5820
JP,2019-03-18,2Y,-0.1610
JP,2019-03-18,5Y,-0.1710
JP,2019-03-18,10Y,-0.0280
JP,2019-03-18,30Y,0.5870
JP,2019-03-19,2Y,-0.1610
JP,2019-03-19,5Y,-0.1710
JP,2019-03-19,10Y,-0.0370
JP,2019-03-19,30Y,0.5670
JP,2019-03-20,2Y,-0.1620
JP,2019-03-20,5Y,-0.1700
JP,2019-03-20,10Y,-0.0270
JP,2019-03-20,30Y,0.5770
JP,2019-03-22,2Y,-0.1780
JP,2019-03-22,5Y,-0.1880
JP,2019-03-22,10Y,-0.0610
JP,2019-03-22,30Y,0.5350
JP,2019-03-25,2Y,-0.1820
JP,2019-03-25,5Y,-0.1940
JP,2019-03-25,10Y,-0.0760
JP,2019-03-25,30Y,0.5170
JP,2019-03-26,2Y,-0.1690
JP,2019-03-26,5Y,-0.1770
JP,2019-03-26,10Y,-0.0560
JP,2019-03-26,30Y,0.5500
JP,2019-03-27,2Y,-0.1700
JP,2019-03-27,5Y,-0.1780
JP,2019-03-27,10Y,-0.0560
JP,2019-03-27,30Y,0.5450
JP,2019-03-28,2Y,-0.1780
JP,2019-03-28,5Y,-0.1990
JP,2019-03-28,10Y,-0.0860
JP,2019-03-28,30Y,0.5070
JP,2019-03-29,2Y,-0.1830
JP,2019-03-29,5Y,-0.2020
JP,2019-03-29,10Y,-0.0820
JP,2019-03-29,30Y,0.5130
JP,2019-04-01,2Y,-0.1740
JP,2019-04-01,5Y,-0.1930
JP,2019-04-01,10Y,-0.0700
JP,2019-04-01,30Y,0.5320
JP,2019-04-02,2Y,-0.1600
JP,2019-04-02,5Y,-0.1720
JP,2019-04-02,10Y,-0.0530
JP,2019-04-02,30Y,0.5330
JP,2019-04-03,2Y,-0.1600
JP,2019-04-03,5Y,-0.1720
JP,2019-04-03,10Y,-0.0530
JP,2019-04-03,30Y,0.5300
JP,2019-04-04,2Y,-0.1560
JP,2019-04-04,5Y,-0.1660
JP,2019-04-04,10Y,-0.0410
JP,2019-04-04,30Y,0.5290
JP,2019-04-05,2Y,-0.1560
JP,2019-04-05,5Y,-0.1580
JP,2019-04-05,10Y,-0.0320
JP,2019-04-05,30Y,0.5420
JP,2019-04-08,2Y,-0.1570
JP,2019-04-08,5Y,-0.1700
JP,2019-04-08,10Y,-0.0470
JP,2019-04-08,30Y,0.5290
JP,2019-04-09,2Y,-0.1630
JP,2019-04-09,5Y,-0.1700
JP,2019-04-09,10Y,-0.0460
JP,2019-04-09,30Y,0.5340
JP,2019-04-10,2Y,-0.1680
JP,2019-04-10,5Y,-0.1760
JP,2019-04-10,10Y,-0.0570
JP,2019-04-10,30Y,0.5240
JP,2019-04-11,2Y,-0.1680
JP,2019-04-11,5Y,-0.1760
JP,2019-04-11,10Y,-0.0620
JP,2019-04-11,30Y,0.5100
JP,2019-04-12,2Y,-0.1690
JP,2019-04-12,5Y,-0.1740
JP,2019-04-12,10Y,-0.0510
JP,2019-04-12,30Y,0.5150
JP,2019-04-15,2Y,-0.1650
JP,2019-04-15,5Y,-0.1620
JP,2019-04-15,10Y,-0.0310
JP,2019-04-15,30Y,0.5390
JP,2019-04-16,2Y,-0.1550
JP,2019-04-16,5Y,-0.1500
JP,2019-04-16,10Y,-0.0210
JP,2019-04-16,30Y,0.5390
JP,2019-04-17,2Y,-0.1500
JP,2019-04-17,5Y,-0.1380
JP,2019-04-17,10Y,-0.0090
JP,2019-04-17,30Y,0.5660
JP,2019-04-18,2Y,-0.1560
JP,2019-04-18,5Y,-0.1540
JP,2019-04-18,10Y,-0.0260
JP,2019-04-18,30Y,0.5520
JP,2019-04-19,2Y,-0.1510
JP,2019-04-19,5Y,-0.1550
JP,2019-04-19,10Y,-0.0260
JP,2019-04-19,30Y,0.5780
JP,2019-04-22,2Y,-0.1520
JP,2019-04-22,5Y,-0.1550
JP,2019-04-22,10Y,-0.0270
JP,2019-04-22,30Y,0.5750
JP,2019-04-23,2Y,-0.1480
JP,2019-04-23,5Y,-0.1550
JP,2019-04-23,10Y,-0.0300
JP,2019-04-23,30Y,0.5660
JP,2019-04-24,2Y,-0.1520
JP,2019-04-24,5Y,-0.1590
JP,2019-04-24,10Y,-0.0370
JP,2019-04-24,30Y,0.5570
JP,2019-04-25,2Y,-0.1470
JP,2019-04-25,5Y,-0.1600
JP,2019-04-25,10Y,-0.0310
JP,2019-04-25,30Y,0.5760
JP,2019-04-26,2Y,-0.1530
JP,2019-04-26,5Y,-0.1700
JP,2019-04-26,10Y,-0.0450
JP,2019-04-26,30Y,0.5570
JP,2019-05-07,2Y,-0.1560
JP,2019-05-07,5Y,-0.1690
JP,2019-05-07,10Y,-0.0490
JP,2019-05-07,30Y,0.5390
JP,2019-05-08,2Y,-0.1560
JP,2019-05-08,5Y,-0.1690
JP,2019-05-08,10Y,-0.0490
JP,2019-05-08,30Y,0.5300
JP,2019-05-09,2Y,-0.1580
JP,2019-05-09,5Y,-0.1640
JP,2019-05-09,10Y,-0.0440
JP,2019-05-09,30Y,0.5350
JP,2019-05-10,2Y,-0.1580
JP,2019-05-10,5Y,-0.1700
JP,2019-05-10,10Y,-0.0440
JP,2019-05-10,30Y,0.5350
JP,2019-05-13,2Y,-0.1590
JP,2019-05-13,5Y,-0.1640
JP,2019-05-13,10Y,-0.0430
JP,2019-05-13,30Y,0.5390
JP,2019-05-14,2Y,-0.1590
JP,2019-05-14,5Y,-0.1640
JP,2019-05-14,10Y,-0.0480
JP,2019-05-14,30Y,0.5340
JP,2019-05-15,2Y,-0.1600
JP,2019-05-15,5Y,-0.1650
JP,2019-05-15,10Y,-0.0480
JP,2019-05-15,30Y,0.5300
JP,2019-05-16,2Y,-0.1660
JP,2019-05-16,5Y,-0.1750
JP,2019-05-16,10Y,-0.0580
JP,2019-05-16,30Y,0.5110
JP,2019-05-17,2Y,-0.1640
JP,2019-05-17,5Y,-0.1690
JP,2019-05-17,10Y,-0.0530
JP,2019-05-17,30Y,0.5250
JP,2019-05-20,2Y,-0.1540
JP,2019-05-20,5Y,-0.1640
JP,2019-05-20,10Y,-0.0420
JP,2019-05-20,30Y,0.5400
JP,2019-05-21,2Y,-0.1540
JP,2019-05-21,5Y,-0.1650
JP,2019-05-21,10Y,-0.0420
JP,2019-05-21,30Y,0.5340
JP,2019-05-22,2Y,-0.1520
JP,2019-05-22,5Y,-0.1640
JP,2019-05-22,10Y,-0.0480
JP,2019-05-22,30Y,0.5200
JP,2019-05-23,2Y,-0.1530
JP,2019-05-23,5Y,-0.1710
JP,2019-05-23,10Y,-0.0580
JP,2019-05-23,30Y,0.5130
JP,2019-05-24,2Y,-0.1550
JP,2019-05-24,5Y,-0.1740
JP,2019-05-24,10Y,-0.0680
JP,2019-05-24,30Y,0.5020
JP,2019-05-27,2Y,-0.1560
JP,2019-05-27,5Y,-0.1740
JP,2019-05-27,10Y,-0.0620
JP,2019-05-27,30Y,0.5080
JP,2019-05-28,2Y,-0.1620
JP,2019-05-28,5Y,-0.1790
JP,2019-05-28,10Y,-0.0660
JP,2019-05-28,30Y,0.4930
JP,2019-05-29,2Y,-0.1730
JP,2019-05-29,5Y,-0.1960
JP,2019-05-29,10Y,-0.0890
JP,2019-05-29,30Y,0.4700
JP,2019-05-30,2Y,-0.1690
JP,2019-05-30,5Y,-0.1860
JP,2019-05-30,10Y,-0.0770
JP,2019-05-30,30Y,0.4830
JP,2019-05-31,2Y,-0.1790
JP,2019-05-31,5Y,-0.2010
JP,2019-05-31,10Y,-0.0920
JP,2019-05-31,30Y,0.4560
JP,2019-06-03,2Y,-0.1800
JP,2019-06-03,5Y,-0.2010
JP,2019-06-03,10Y,-0.0880
JP,2019-06-03,30Y,0.4650
JP,2019-06-04,2Y,-0.1860
JP,2019-06-04,5Y,-0.2110
JP,2019-06-04,10Y,-0.0970
JP,2019-06-04,30Y,0.4450
JP,2019-06-05,2Y,-0.2210
JP,2019-06-05,5Y,-0.2500
JP,2019-06-05,10Y,-0.1230
JP,2019-06-05,30Y,0.4220
JP,2019-06-06,2Y,-0.2070
JP,2019-06-06,5Y,-0.2400
JP,2019-06-06,10Y,-0.1160
JP,2019-06-06,30Y,0.4120
JP,2019-06-07,2Y,-0.1970
JP,2019-06-07,5Y,-0.2290
JP,2019-06-07,10Y,-0.1120
JP,2019-06-07,30Y,0.4030
JP,2019-06-10,2Y,-0.1990
JP,2019-06-10,5Y,-0.2340
JP,2019-06-10,10Y,-0.1170
JP,2019-06-10,30Y,0.3600
JP,2019-06-11,2Y,-0.1940
JP,2019-06-11,5Y,-0.2210
JP,2019-06-11,10Y,-0.1070
JP,2019-06-11,30Y,0.3580
JP,2019-06-12,2Y,-0.1950
JP,2019-06-12,5Y,-0.2260
JP,2019-06-12,10Y,-0.1070
JP,2019-06-12,30Y,0.3480
JP,2019-06-13,2Y,-0.2000
JP,2019-06-13,5Y,-0.2310
JP,2019-06-13,10Y,-0.1080
JP,2019-06-13,30Y,0.3700
JP,2019-06-14,2Y,-0.2060
JP,2019-06-14,5Y,-0.2350
JP,2019-06-14,10Y,-0.1220
JP,2019-06-14,30Y,0.3710
JP,2019-06-17,2Y,-0.1960
JP,2019-06-17,5Y,-0.2290
JP,2019-06-17,10Y,-0.1220
JP,2019-06-17,30Y,0.3710
JP,2019-06-18,2Y,-0.2030
JP,2019-06-18,5Y,-0.2300
JP,2019-06-18,10Y,-0.1220
JP,2019-06-18,30Y,0.3620
JP,2019-06-19,2Y,-0.2140
JP,2019-06-19,5Y,-0.2400
JP,2019-06-19,10Y,-0.1330
JP,2019-06-19,30Y,0.3430
JP,2019-06-20,2Y,-0.2350
JP,2019-06-20,5Y,-0.2660
JP,2019-06-20,10Y,-0.1630
JP,2019-06-20,30Y,0.2990
JP,2019-06-21,2Y,-0.2390
JP,2019-06-21,5Y,-0.2770
JP,2019-06-21,10Y,-0.1620
JP,2019-06-21,30Y,0.3290
JP,2019-06-24,2Y,-0.2320
JP,2019-06-24,5Y,-0.2680
JP,2019-06-24,10Y,-0.1460
JP,2019-06-24,30Y,0.3530
JP,2019-06-25,2Y,-0.2280
JP,2019-06-25,5Y,-0.2660
JP,2019-06-25,10Y,-0.1470
JP,2019-06-25,30Y,0.3540
JP,2019-06-26,2Y,-0.2170
JP,2019-06-26,5Y,-0.2610
JP,2019-06-26,10Y,-0.1400
JP,2019-06-26,30Y,0.3730
JP,2019-06-27,2Y,-0.2130
JP,2019-06-27,5Y,-0.2530
JP,2019-06-27,10Y,-0.1340
JP,2019-06-27,30Y,0.3930
JP,2019-06-28,2Y,-0.2220
JP,2019-06-28,5Y,-0.2620
JP,2019-06-28,10Y,-0.1560
JP,2019-06-28,30Y,0.3630
JP,2019-07-01,2Y,-0.2240
JP,2019-07-01,5Y,-0.2520
JP,2019-07-01,10Y,-0.1400
JP,2019-07-01,30Y,0.3820
JP,2019-07-02,2Y,-0.2200
JP,2019-07-02,5Y,-0.2440
JP,2019-07-02,10Y,-0.1350
JP,2019-07-02,30Y,0.3880
JP,2019-07-03,2Y,-0.2250
JP,2019-07-03,5Y,-0.2630
JP,2019-07-03,10Y,-0.1600
JP,2019-07-03,30Y,0.3540
JP,2019-07-04,2Y,-0.2210
JP,2019-07-04,5Y,-0.2600
JP,2019-07-04,10Y,-0.1600
JP,2019-07-04,30Y,0.3450
JP,2019-07-05,2Y,-0.2110
JP,2019-07-05,5Y,-0.2600
JP,2019-07-05,10Y,-0.1700
JP,2019-07-05,30Y,0.3340
JP,2019-07-08,2Y,-0.2020
JP,2019-07-08,5Y,-0.2420
JP,2019-07-08,10Y,-0.1540
JP,2019-07-08,30Y,0.3520
JP,2019-07-09,2Y,-0.1970
JP,2019-07-09,5Y,-0.2320
JP,2019-07-09,10Y,-0.1440
JP,2019-07-09,30Y,0.3420
JP,2019-07-10,2Y,-0.1880
JP,2019-07-10,5Y,-0.2160
JP,2019-07-10,10Y,-0.1280
JP,2019-07-10,30Y,0.3670
JP,2019-07-11,2Y,-0.1940
JP,2019-07-11,5Y,-0.2260
JP,2019-07-11,10Y,-0.1430
JP,2019-07-11,30Y,0.3580
JP,2019-07-12,2Y,-0.1840
JP,2019-07-12,5Y,-0.2100
JP,2019-07-12,10Y,-0.1180
JP,2019-07-12,30Y,0.3860
JP,2019-07-16,2Y,-0.1910
JP,2019-07-16,5Y,-0.2150
JP,2019-07-16,10Y,-0.1230
JP,2019-07-16,30Y,0.3810
JP,2019-07-17,2Y,-0.1860
JP,2019-07-17,5Y,-0.2150
JP,2019-07-17,10Y,-0.1280
JP,2019-07-17,30Y,0.3720
JP,2019-07-18,2Y,-0.1970
JP,2019-07-18,5Y,-0.2310
JP,2019-07-18,10Y,-0.1380
JP,2019-07-18,30Y,0.3620
JP,2019-07-19,2Y,-0.2030
JP,2019-07-19,5Y,-0.2360
JP,2019-07-19,10Y,-0.1380
JP,2019-07-19,30Y,0.3720
JP,2019-07-22,2Y,-0.2040
JP,2019-07-22,5Y,-0.2360
JP,2019-07-22,10Y,-0.1380
JP,2019-07-22,30Y,0.3770
JP,2019-07-23,2Y,-0.2050
JP,2019-07-23,5Y,-0.2410
JP,2019-07-23,10Y,-0.1480
JP,2019-07-23,30Y,0.3670
JP,2019-07-24,2Y,-0.2060
JP,2019-07-24,5Y,-0.2370
JP,2019-07-24,10Y,-0.1480
JP,2019-07-24,30Y,0.3570
JP,2019-07-25,2Y,-0.2070
JP,2019-07-25,5Y,-0.2410
JP,2019-07-25,10Y,-0.1530
JP,2019-07-25,30Y,0.3530
JP,2019-07-26,2Y,-0.2120
JP,2019-07-26,5Y,-0.2410
JP,2019-07-26,10Y,-0.1530
JP,2019-07-26,30Y,0.3580
JP,2019-07-29,2Y,-0.2130
JP,2019-07-29,5Y,-0.2350
JP,2019-07-29,10Y,-0.1480
JP,2019-07-29,30Y,0.3670
JP,2019-07-30,2Y,-0.2130
JP,2019-07-30,5Y,-0.2460
JP,2019-07-30,10Y,-0.1530
JP,2019-07-30,30Y,0.3630
JP,2019-07-31,2Y,-0.2090
JP,2019-07-31,5Y,-0.2470
JP,2019-07-31,10Y,-0.1570
JP,2019-07-31,30Y,0.3530
JP,2019-08-01,2Y,-0.1890
JP,2019-08-01,5Y,-0.2270
JP,2019-08-01,10Y,-0.1310
JP,2019-08-01,30Y,0.3660
JP,2019-08-02,2Y,-0.2050
JP,2019-08-02,5Y,-0.2580
JP,2019-08-02,10Y,-0.1670
JP,2019-08-02,30Y,0.3280
JP,2019-08-05,2Y,-0.2160
JP,2019-08-05,5Y,-0.2840
JP,2019-08-05,10Y,-0.1970
JP,2019-08-05,30Y,0.2900
JP,2019-08-06,2Y,-0.2210
JP,2019-08-06,5Y,-0.2790
JP,2019-08-06,10Y,-0.1810
JP,2019-08-06,30Y,0.3090
JP,2019-08-07,2Y,-0.2370
JP,2019-08-07,5Y,-0.2940
JP,2019-08-07,10Y,-0.1980
JP,2019-08-07,30Y,0.2800
JP,2019-08-08,2Y,-0.2430
JP,2019-08-08,5Y,-0.2890
JP,2019-08-08,10Y,-0.1910
JP,2019-08-08,30Y,0.2670
JP,2019-08-09,2Y,-0.2730
JP,2019-08-09,5Y,-0.3090
JP,2019-08-09,10Y,-0.2200
JP,2019-08-09,30Y,0.2220
JP,2019-08-13,2Y,-0.2910
JP,2019-08-13,5Y,-0.3260
JP,2019-08-13,10Y,-0.2370
JP,2019-08-13,30Y,0.1870
JP,2019-08-14,2Y,-0.2770
JP,2019-08-14,5Y,-0.3110
JP,2019-08-14,10Y,-0.2210
JP,2019-08-14,30Y,0.2010
JP,2019-08-15,2Y,-0.2820
JP,2019-08-15,5Y,-0.3260
JP,2019-08-15,10Y,-0.2380
JP,2019-08-15,30Y,0.1610
JP,2019-08-16,2Y,-0.2790
JP,2019-08-16,5Y,-0.3260
JP,2019-08-16,10Y,-0.2360
JP,2019-08-16,30Y,0.1860
JP,2019-08-19,2Y,-0.2850
JP,2019-08-19,5Y,-0.3300
JP,2019-08-19,10Y,-0.2310
JP,2019-08-19,30Y,0.2060
JP,2019-08-20,2Y,-0.2950
JP,2019-08-20,5Y,-0.3400
JP,2019-08-20,10Y,-0.2360
JP,2019-08-20,30Y,0.2000
JP,2019-08-21,2Y,-0.3050
JP,2019-08-21,5Y,-0.3460
JP,2019-08-21,10Y,-0.2410
JP,2019-08-21,30Y,0.1860
JP,2019-08-22,2Y,-0.3130
JP,2019-08-22,5Y,-0.3450
JP,2019-08-22,10Y,-0.2410
JP,2019-08-22,30Y,0.1960
JP,2019-08-23,2Y,-0.3010
JP,2019-08-23,5Y,-0.3350
JP,2019-08-23,10Y,-0.2350
JP,2019-08-23,30Y,0.2110
JP,2019-08-26,2Y,-0.3230
JP,2019-08-26,5Y,-0.3660
JP,2019-08-26,10Y,-0.2760
JP,2019-08-26,30Y,0.1620
JP,2019-08-27,2Y,-0.3030
JP,2019-08-27,5Y,-0.3500
JP,2019-08-27,10Y,-0.2650
JP,2019-08-27,30Y,0.1660
JP,2019-08-28,2Y,-0.3040
JP,2019-08-28,5Y,-0.3510
JP,2019-08-28,10Y,-0.2710
JP,2019-08-28,30Y,0.1630
JP,2019-08-29,2Y,-0.3170
JP,2019-08-29,5Y,-0.3680
JP,2019-08-29,10Y,-0.2860
JP,2019-08-29,30Y,0.1400
JP,2019-08-30,2Y,-0.3070
JP,2019-08-30,5Y,-0.3620
JP,2019-08-30,10Y,-0.2750
JP,2019-08-30,30Y,0.1460
JP,2019-09-02,2Y,-0.2990
JP,2019-09-02,5Y,-0.3600
JP,2019-09-02,10Y,-0.2660
JP,2019-09-02,30Y,0.1510
JP,2019-09-03,2Y,-0.2950
JP,2019-09-03,5Y,-0.3520
JP,2019-09-03,10Y,-0.2740
JP,2019-09-03,30Y,0.1200
JP,2019-09-04,2Y,-0.3050
JP,2019-09-04,5Y,-0.3610
JP,2019-09-04,10Y,-0.2860
JP,2019-09-04,30Y,0.1150
JP,2019-09-05,2Y,-0.2960
JP,2019-09-05,5Y,-0.3480
JP,2019-09-05,10Y,-0.2690
JP,2019-09-05,30Y,0.1360
JP,2019-09-06,2Y,-0.3020
JP,2019-09-06,5Y,-0.3470
JP,2019-09-06,10Y,-0.2430
JP,2019-09-06,30Y,0.2060
JP,2019-09-09,2Y,-0.3190
JP,2019-09-09,5Y,-0.3540
JP,2019-09-09,10Y,-0.2530
JP,2019-09-09,30Y,0.2230
JP,2019-09-10,2Y,-0.2940
JP,2019-09-10,5Y,-0.3240
JP,2019-09-10,10Y,-0.2210
JP,2019-09-10,30Y,0.2800
JP,2019-09-11,2Y,-0.2790
JP,2019-09-11,5Y,-0.3020
JP,2019-09-11,10Y,-0.2010
JP,2019-09-11,30Y,0.2900
JP,2019-09-12,2Y,-0.2850
JP,2019-09-12,5Y,-0.3120
JP,2019-09-12,10Y,-0.2070
JP,2019-09-12,30Y,0.2950
JP,2019-09-13,2Y,-0.2510
JP,2019-09-13,5Y,-0.2640
JP,2019-09-13,10Y,-0.1500
JP,2019-09-13,30Y,0.3410
JP,2019-09-17,2Y,-0.2480
JP,2019-09-17,5Y,-0.2650
JP,2019-09-17,10Y,-0.1450
JP,2019-09-17,30Y,0.3520
JP,2019-09-18,2Y,-0.2690
JP,2019-09-18,5Y,-0.2960
JP,2019-09-18,10Y,-0.1780
JP,2019-09-18,30Y,0.3330
JP,2019-09-19,2Y,-0.3050
JP,2019-09-19,5Y,-0.3420
JP,2019-09-19,10Y,-0.2200
JP,2019-09-19,30Y,0.3200
JP,2019-09-20,2Y,-0.3100
JP,2019-09-20,5Y,-0.3450
JP,2019-09-20,10Y,-0.2090
JP,2019-09-20,30Y,0.3550
JP,2019-09-24,2Y,-0.3240
JP,2019-09-24,5Y,-0.3650
JP,2019-09-24,10Y,-0.2310
JP,2019-09-24,30Y,0.3490
JP,2019-09-25,2Y,-0.3460
JP,2019-09-25,5Y,-0.3890
JP,2019-09-25,10Y,-0.2460
JP,2019-09-25,30Y,0.3600
JP,2019-09-26,2Y,-0.3310
JP,2019-09-26,5Y,-0.3770
JP,2019-09-26,10Y,-0.2360
JP,2019-09-26,30Y,0.3420
JP,2019-09-27,2Y,-0.3210
JP,2019-09-27,5Y,-0.3680
JP,2019-09-27,10Y,-0.2240
JP,2019-09-27,30Y,0.3260
JP,2019-09-30,2Y,-0.3230
JP,2019-09-30,5Y,-0.3630
JP,2019-09-30,10Y,-0.2060
JP,2019-09-30,30Y,0.3610
JP,2019-10-01,2Y,-0.2940
JP,2019-10-01,5Y,-0.2990
JP,2019-10-01,10Y,-0.1390
JP,2019-10-01,30Y,0.4060
JP,2019-10-02,2Y,-0.3090
JP,2019-10-02,5Y,-0.3330
JP,2019-10-02,10Y,-0.1690
JP,2019-10-02,30Y,0.3910
JP,2019-10-03,2Y,-0.3250
JP,2019-10-03,5Y,-0.3600
JP,2019-10-03,10Y,-0.1940
JP,2019-10-03,30Y,0.3560
JP,2019-10-04,2Y,-0.3350
JP,2019-10-04,5Y,-0.3760
JP,2019-10-04,10Y,-0.2150
JP,2019-10-04,30Y,0.3530
JP,2019-10-07,2Y,-0.3380
JP,2019-10-07,5Y,-0.3850
JP,2019-10-07,10Y,-0.2300
JP,2019-10-07,30Y,0.3570
JP,2019-10-08,2Y,-0.3230
JP,2019-10-08,5Y,-0.3640
JP,2019-10-08,10Y,-0.2030
JP,2019-10-08,30Y,0.3770
JP,2019-10-09,2Y,-0.3240
JP,2019-10-09,5Y,-0.3650
JP,2019-10-09,10Y,-0.2080
JP,2019-10-09,30Y,0.3770
JP,2019-10-10,2Y,-0.3150
JP,2019-10-10,5Y,-0.3540
JP,2019-10-10,10Y,-0.2140
JP,2019-10-10,30Y,0.3620
JP,2019-10-11,2Y,-0.2950
JP,2019-10-11,5Y,-0.3190
JP,2019-10-11,10Y,-0.1830
JP,2019-10-11,30Y,0.3860
JP,2019-10-15,2Y,-0.2810
JP,2019-10-15,5Y,-0.3040
JP,2019-10-15,10Y,-0.1710
JP,2019-10-15,30Y,0.3860
JP,2019-10-16,2Y,-0.2670
JP,2019-10-16,5Y,-0.2910
JP,2019-10-16,10Y,-0.1620
JP,2019-10-16,30Y,0.3860
JP,2019-10-17,2Y,-0.2540
JP,2019-10-17,5Y,-0.2810
JP,2019-10-17,10Y,-0.1570
JP,2019-10-17,30Y,0.3860
JP,2019-10-18,2Y,-0.2440
JP,2019-10-18,5Y,-0.2710
JP,2019-10-18,10Y,-0.1510
JP,2019-10-18,30Y,0.4010
JP,2019-10-21,2Y,-0.2450
JP,2019-10-21,5Y,-0.2720
JP,2019-10-21,10Y,-0.1360
JP,2019-10-21,30Y,0.4150
JP,2019-10-23,2Y,-0.2520
JP,2019-10-23,5Y,-0.2760
JP,2019-10-23,10Y,-0.1380
JP,2019-10-23,30Y,0.4110
JP,2019-10-24,2Y,-0.2560
JP,2019-10-24,5Y,-0.2830
JP,2019-10-24,10Y,-0.1450
JP,2019-10-24,30Y,0.3890
JP,2019-10-25,2Y,-0.2430
JP,2019-10-25,5Y,-0.2710
JP,2019-10-25,10Y,-0.1450
JP,2019-10-25,30Y,0.3920
JP,2019-10-28,2Y,-0.2190
JP,2019-10-28,5Y,-0.2580
JP,2019-10-28,10Y,-0.1290
JP,2019-10-28,30Y,0.3960
JP,2019-10-29,2Y,-0.2080
JP,2019-10-29,5Y,-0.2420
JP,2019-10-29,10Y,-0.1080
JP,2019-10-29,30Y,0.4190
JP,2019-10-30,2Y,-0.2180
JP,2019-10-30,5Y,-0.2470
JP,2019-10-30,10Y,-0.1200
JP,2019-10-30,30Y,0.4100
JP,2019-10-31,2Y,-0.2390
JP,2019-10-31,5Y,-0.2670
JP,2019-10-31,10Y,-0.1390
JP,2019-10-31,30Y,0.3860
JP,2019-11-01,2Y,-0.2740
JP,2019-11-01,5Y,-0.3130
JP,2019-11-01,10Y,-0.1790
JP,2019-11-01,30Y,0.3430
JP,2019-11-05,2Y,-0.2410
JP,2019-11-05,5Y,-0.2710
JP,2019-11-05,10Y,-0.1330
JP,2019-11-05,30Y,0.3730
JP,2019-11-06,2Y,-0.1920
JP,2019-11-06,5Y,-0.2170
JP,2019-11-06,10Y,-0.0830
JP,2019-11-06,30Y,0.4010
JP,2019-11-07,2Y,-0.1920
JP,2019-11-07,5Y,-0.2120
JP,2019-11-07,10Y,-0.0830
JP,2019-11-07,30Y,0.4060
JP,2019-11-08,2Y,-0.1770
JP,2019-11-08,5Y,-0.1850
JP,2019-11-08,10Y,-0.0580
JP,2019-11-08,30Y,0.4440
JP,2019-11-11,2Y,-0.1940
JP,2019-11-11,5Y,-0.1960
JP,2019-11-11,10Y,-0.0620
JP,2019-11-11,30Y,0.4480
JP,2019-11-12,2Y,-0.1740
JP,2019-11-12,5Y,-0.1650
JP,2019-11-12,10Y,-0.0320
JP,2019-11-12,30Y,0.4760
JP,2019-11-13,2Y,-0.1950
JP,2019-11-13,5Y,-0.1810
JP,2019-11-13,10Y,-0.0430
JP,2019-11-13,30Y,0.4670
JP,2019-11-14,2Y,-0.2050
JP,2019-11-14,5Y,-0.1960
JP,2019-11-14,10Y,-0.0670
JP,2019-11-14,30Y,0.4430
JP,2019-11-15,2Y,-0.2000
JP,2019-11-15,5Y,-0.1880
JP,2019-11-15,10Y,-0.0660
JP,2019-11-15,30Y,0.4510
JP,2019-11-18,2Y,-0.2060
JP,2019-11-18,5Y,-0.2000
JP,2019-11-18,10Y,-0.0820
JP,2019-11-18,30Y,0.4390
JP,2019-11-19,2Y,-0.2080
JP,2019-11-19,5Y,-0.2120
JP,2019-11-19,10Y,-0.0870
JP,2019-11-19,30Y,0.4290
JP,2019-11-20,2Y,-0.2140
JP,2019-11-20,5Y,-0.2220
JP,2019-11-20,10Y,-0.1060
JP,2019-11-20,30Y,0.4100
JP,2019-11-21,2Y,-0.1990
JP,2019-11-21,5Y,-0.2120
JP,2019-11-21,10Y,-0.1070
JP,2019-11-21,30Y,0.3920
JP,2019-11-22,2Y,-0.1910
JP,2019-11-22,5Y,-0.1920
JP,2019-11-22,10Y,-0.0770
JP,2019-11-22,30Y,0.4250
JP,2019-11-25,2Y,-0.1910
JP,2019-11-25,5Y,-0.1960
JP,2019-11-25,10Y,-0.0810
JP,2019-11-25,30Y,0.4330
JP,2019-11-26,2Y,-0.1940
JP,2019-11-26,5Y,-0.2010
JP,2019-11-26,10Y,-0.0920
JP,2019-11-26,30Y,0.4110
JP,2019-11-27,2Y,-0.2000
JP,2019-11-27,5Y,-0.2190
JP,2019-11-27,10Y,-0.1060
JP,2019-11-27,30Y,0.3870
JP,2019-11-28,2Y,-0.1790
JP,2019-11-28,5Y,-0.1930
JP,2019-11-28,10Y,-0.0860
JP,2019-11-28,30Y,0.4010
JP,2019-11-29,2Y,-0.1790
JP,2019-11-29,5Y,-0.1870
JP,2019-11-29,10Y,-0.0750
JP,2019-11-29,30Y,0.4060
JP,2019-12-02,2Y,-0.1700
JP,2019-12-02,5Y,-0.1590
JP,2019-12-02,10Y,-0.0390
JP,2019-12-02,30Y,0.4250
JP,2019-12-03,2Y,-0.1560
JP,2019-12-03,5Y,-0.1350
JP,2019-12-03,10Y,-0.0140
JP,2019-12-03,30Y,0.4390
JP,2019-12-04,2Y,-0.1560
JP,2019-12-04,5Y,-0.1510
JP,2019-12-04,10Y,-0.0290
JP,2019-12-04,30Y,0.4290
JP,2019-12-05,2Y,-0.1520
JP,2019-12-05,5Y,-0.1580
JP,2019-12-05,10Y,-0.0350
JP,2019-12-05,30Y,0.4150
JP,2019-12-06,2Y,-0.1320
JP,2019-12-06,5Y,-0.1210
JP,2019-12-06,10Y,-0.0090
JP,2019-12-06,30Y,0.4340
JP,2019-12-09,2Y,-0.1170
JP,2019-12-09,5Y,-0.1050
JP,2019-12-09,10Y,0.0010
JP,2019-12-09,30Y,0.4400
JP,2019-12-10,2Y,-0.1180
JP,2019-12-10,5Y,-0.1110
JP,2019-12-10,10Y,-0.0160
JP,2019-12-10,30Y,0.4210
JP,2019-12-11,2Y,-0.1080
JP,2019-12-11,5Y,-0.1000
JP,2019-12-11,10Y,0.0040
JP,2019-12-11,30Y,0.4300
JP,2019-12-12,2Y,-0.1290
JP,2019-12-12,5Y,-0.1280
JP,2019-12-12,10Y,-0.0150
JP,2019-12-12,30Y,0.4300
JP,2019-12-13,2Y,-0.1300
JP,2019-12-13,5Y,-0.1310
JP,2019-12-13,10Y,-0.0140
JP,2019-12-13,30Y,0.4250
JP,2019-12-16,2Y,-0.1370
JP,2019-12-16,5Y,-0.1310
JP,2019-12-16,10Y,-0.0190
JP,2019-12-16,30Y,0.4060
JP,2019-12-17,2Y,-0.1250
JP,2019-12-17,5Y,-0.1100
JP,2019-12-17,10Y,-0.0040
JP,2019-12-17,30Y,0.4070
JP,2019-12-18,2Y,-0.1270
JP,2019-12-18,5Y,-0.1100
JP,2019-12-18,10Y,-0.0090
JP,2019-12-18,30Y,0.4120
JP,2019-12-19,2Y,-0.1130
JP,2019-12-19,5Y,-0.0970
JP,2019-12-19,10Y,0.0000
JP,2019-12-19,30Y,0.4120
JP,2019-12-20,2Y,-0.1030
JP,2019-12-20,5Y,-0.0800
JP,2019-12-20,10Y,0.0140
JP,2019-12-20,30Y,0.4390
JP,2019-12-23,2Y,-0.0980
JP,2019-12-23,5Y,-0.0840
JP,2019-12-23,10Y,0.0080
JP,2019-12-23,30Y,0.4420
JP,2019-12-24,2Y,-0.0970
JP,2019-12-24,5Y,-0.0910
JP,2019-12-24,10Y,0.0080
JP,2019-12-24,30Y,0.4520
JP,2019-12-25,2Y,-0.1130
JP,2019-12-25,5Y,-0.1110
JP,2019-12-25,10Y,-0.0110
JP,2019-12-25,30Y,0.4320
JP,2019-12-26,2Y,-0.1190
JP,2019-12-26,5Y,-0.1200
JP,2019-12-26,10Y,-0.0120
JP,2019-12-26,30Y,0.4370
JP,2019-12-27,2Y,-0.1240
JP,2019-12-27,5Y,-0.1200
JP,2019-12-27,10Y,-0.0070
JP,2019-12-27,30Y,0.4260
JP,2019-12-30,2Y,-0.1340
JP,2019-12-30,5Y,-0.1300
JP,2019-12-30,10Y,-0.0150
JP,2019-12-30,30Y,0.4100
JP,2020-01-06,2Y,-0.1360
JP,2020-01-06,5Y,-0.1400
JP,2020-01-06,10Y,-0.0250
JP,2020-01-06,30Y,0.4010
JP,2020-01-07,2Y,-0.1210
JP,2020-01-07,5Y,-0.1150
JP,2020-01-07,10Y,-0.0080
JP,2020-01-07,30Y,0.4300
JP,2020-01-08,2Y,-0.1270
JP,2020-01-08,5Y,-0.1170
JP,2020-01-08,10Y,-0.0130
JP,2020-01-08,30Y,0.4160
JP,2020-01-09,2Y,-0.1320
JP,2020-01-09,5Y,-0.1160
JP,2020-01-09,10Y,-0.0030
JP,2020-01-09,30Y,0.4290
JP,2020-01-10,2Y,-0.1370
JP,2020-01-10,5Y,-0.1090
JP,2020-01-10,10Y,-0.0030
JP,2020-01-10,30Y,0.4380
JP,2020-01-14,2Y,-0.1290
JP,2020-01-14,5Y,-0.0870
JP,2020-01-14,10Y,0.0120
JP,2020-01-14,30Y,0.4480
JP,2020-01-15,2Y,-0.1240
JP,2020-01-15,5Y,-0.0900
JP,2020-01-15,10Y,0.0080
JP,2020-01-15,30Y,0.4480
JP,2020-01-16,2Y,-0.1280
JP,2020-01-16,5Y,-0.0940
JP,2020-01-16,10Y,0.0080
JP,2020-01-16,30Y,0.4530
JP,2020-01-17,2Y,-0.1350
JP,2020-01-17,5Y,-0.1040
JP,2020-01-17,10Y,-0.0020
JP,2020-01-17,30Y,0.4530
JP,2020-01-20,2Y,-0.1260
JP,2020-01-20,5Y,-0.0980
JP,2020-01-20,10Y,0.0080
JP,2020-01-20,30Y,0.4670
JP,2020-01-21,2Y,-0.1260
JP,2020-01-21,5Y,-0.1090
JP,2020-01-21,10Y,-0.0070
JP,2020-01-21,30Y,0.4390
JP,2020-01-22,2Y,-0.1210
JP,2020-01-22,5Y,-0.1090
JP,2020-01-22,10Y,-0.0020
JP,2020-01-22,30Y,0.4390
JP,2020-01-23,2Y,-0.1320
JP,2020-01-23,5Y,-0.1250
JP,2020-01-23,10Y,-0.0230
JP,2020-01-23,30Y,0.4110
JP,2020-01-24,2Y,-0.1330
JP,2020-01-24,5Y,-0.1250
JP,2020-01-24,10Y,-0.0220
JP,2020-01-24,30Y,0.4060
JP,2020-01-27,2Y,-0.1440
JP,2020-01-27,5Y,-0.1440
JP,2020-01-27,10Y,-0.0470
JP,2020-01-27,30Y,0.3730
JP,2020-01-28,2Y,-0.1360
JP,2020-01-28,5Y,-0.1340
JP,2020-01-28,10Y,-0.0370
JP,2020-01-28,30Y,0.3770
JP,2020-01-29,2Y,-0.1340
JP,2020-01-29,5Y,-0.1340
JP,2020-01-29,10Y,-0.0370
JP,2020-01-29,30Y,0.3730
JP,2020-01-30,2Y,-0.1490
JP,2020-01-30,5Y,-0.1540
JP,2020-01-30,10Y,-0.0560
JP,2020-01-30,30Y,0.3580
JP,2020-01-31,2Y,-0.1590
JP,2020-01-31,5Y,-0.1670
JP,2020-01-31,10Y,-0.0610
JP,2020-01-31,30Y,0.3680
JP,2020-02-03,2Y,-0.1650
JP,2020-02-03,5Y,-0.1750
JP,2020-02-03,10Y,-0.0600
JP,2020-02-03,30Y,0.3830
JP,2020-02-04,2Y,-0.1500
JP,2020-02-04,5Y,-0.1590
JP,2020-02-04,10Y,-0.0490
JP,2020-02-04,30Y,0.3930
JP,2020-02-05,2Y,-0.1410
JP,2020-02-05,5Y,-0.1450
JP,2020-02-05,10Y,-0.0330
JP,2020-02-05,30Y,0.4170
JP,2020-02-06,2Y,-0.1310
JP,2020-02-06,5Y,-0.1250
JP,2020-02-06,10Y,-0.0140
JP,2020-02-06,30Y,0.4210
JP,2020-02-07,2Y,-0.1470
JP,2020-02-07,5Y,-0.1410
JP,2020-02-07,10Y,-0.0350
JP,2020-02-07,30Y,0.3920
JP,2020-02-10,2Y,-0.1580
JP,2020-02-10,5Y,-0.1560
JP,2020-02-10,10Y,-0.0550
JP,2020-02-10,30Y,0.3680
JP,2020-02-12,2Y,-0.1530
JP,2020-02-12,5Y,-0.1420
JP,2020-02-12,10Y,-0.0400
JP,2020-02-12,30Y,0.3780
JP,2020-02-13,2Y,-0.1540
JP,2020-02-13,5Y,-0.1360
JP,2020-02-13,10Y,-0.0290
JP,2020-02-13,30Y,0.3870
JP,2020-02-14,2Y,-0.1440
JP,2020-02-14,5Y,-0.1320
JP,2020-02-14,10Y,-0.0300
JP,2020-02-14,30Y,0.3870
JP,2020-02-17,2Y,-0.1470
JP,2020-02-17,5Y,-0.1370
JP,2020-02-17,10Y,-0.0340
JP,2020-02-17,30Y,0.3720
JP,2020-02-18,2Y,-0.1510
JP,2020-02-18,5Y,-0.1520
JP,2020-02-18,10Y,-0.0490
JP,2020-02-18,30Y,0.3540
JP,2020-02-19,2Y,-0.1560
JP,2020-02-19,5Y,-0.1520
JP,2020-02-19,10Y,-0.0430
JP,2020-02-19,30Y,0.3680
JP,2020-02-20,2Y,-0.1530
JP,2020-02-20,5Y,-0.1480
JP,2020-02-20,10Y,-0.0390
JP,2020-02-20,30Y,0.3580
JP,2020-02-21,2Y,-0.1650
JP,2020-02-21,5Y,-0.1670
JP,2020-02-21,10Y,-0.0600
JP,2020-02-21,30Y,0.3430
JP,2020-02-25,2Y,-0.2010
JP,2020-02-25,5Y,-0.2180
JP,2020-02-25,10Y,-0.0980
JP,2020-02-25,30Y,0.3340
JP,2020-02-26,2Y,-0.2010
JP,2020-02-26,5Y,-0.2040
JP,2020-02-26,10Y,-0.0880
JP,2020-02-26,30Y,0.3440
JP,2020-02-27,2Y,-0.2100
JP,2020-02-27,5Y,-0.2190
JP,2020-02-27,10Y,-0.1020
JP,2020-02-27,30Y,0.3490
JP,2020-02-28,2Y,-0.2580
JP,2020-02-28,5Y,-0.2680
JP,2020-02-28,10Y,-0.1530
JP,2020-02-28,30Y,0.2860
JP,2020-03-02,2Y,-0.2640
JP,2020-03-02,5Y,-0.2570
JP,2020-03-02,10Y,-0.1330
JP,2020-03-02,30Y,0.2840
JP,2020-03-03,2Y,-0.2500
JP,2020-03-03,5Y,-0.2390
JP,2020-03-03,10Y,-0.1060
JP,2020-03-03,30Y,0.3190
JP,2020-03-04,2Y,-0.2800
JP,2020-03-04,5Y,-0.2730
JP,2020-03-04,10Y,-0.1360
JP,2020-03-04,30Y,0.3130
JP,2020-03-05,2Y,-0.2510
JP,2020-03-05,5Y,-0.2390
JP,2020-03-05,10Y,-0.1040
JP,2020-03-05,30Y,0.3490
JP,2020-03-06,2Y,-0.2870
JP,2020-03-06,5Y,-0.2810
JP,2020-03-06,10Y,-0.1280
JP,2020-03-06,30Y,0.3140
JP,2020-03-09,2Y,-0.3140
JP,2020-03-09,5Y,-0.3150
JP,2020-03-09,10Y,-0.1410
JP,2020-03-09,30Y,0.2610
JP,2020-03-10,2Y,-0.2480
JP,2020-03-10,5Y,-0.2160
JP,2020-03-10,10Y,-0.0330
JP,2020-03-10,30Y,0.3050
JP,2020-03-11,2Y,-0.2340
JP,2020-03-11,5Y,-0.2270
JP,2020-03-11,10Y,-0.0570
JP,2020-03-11,30Y,0.2990
JP,2020-03-12,2Y,-0.2250
JP,2020-03-12,5Y,-0.2080
JP,2020-03-12,10Y,-0.0460
JP,2020-03-12,30Y,0.3090
JP,2020-03-13,2Y,-0.2050
JP,2020-03-13,5Y,-0.1340
JP,2020-03-13,10Y,0.0070
JP,2020-03-13,30Y,0.3250
JP,2020-03-16,2Y,-0.1950
JP,2020-03-16,5Y,-0.1100
JP,2020-03-16,10Y,0.0240
JP,2020-03-16,30Y,0.3420
JP,2020-03-17,2Y,-0.1910
JP,2020-03-17,5Y,-0.1080
JP,2020-03-17,10Y,0.0200
JP,2020-03-17,30Y,0.3580
JP,2020-03-18,2Y,-0.1650
JP,2020-03-18,5Y,-0.0750
JP,2020-03-18,10Y,0.0640
JP,2020-03-18,30Y,0.4050
JP,2020-03-19,2Y,-0.1650
JP,2020-03-19,5Y,-0.0490
JP,2020-03-19,10Y,0.1040
JP,2020-03-19,30Y,0.4370
JP,2020-03-23,2Y,-0.2100
JP,2020-03-23,5Y,-0.0690
JP,2020-03-23,10Y,0.0780
JP,2020-03-23,30Y,0.4340
JP,2020-03-24,2Y,-0.2300
JP,2020-03-24,5Y,-0.1100
JP,2020-03-24,10Y,0.0490
JP,2020-03-24,30Y,0.4290
JP,2020-03-25,2Y,-0.2410
JP,2020-03-25,5Y,-0.0990
JP,2020-03-25,10Y,0.0480
JP,2020-03-25,30Y,0.4150
JP,2020-03-26,2Y,-0.2410
JP,2020-03-26,5Y,-0.1110
JP,2020-03-26,10Y,0.0190
JP,2020-03-26,30Y,0.4190
JP,2020-03-27,2Y,-0.1770
JP,2020-03-27,5Y,-0.1010
JP,2020-03-27,10Y,0.0240
JP,2020-03-27,30Y,0.4190
JP,2020-03-30,2Y,-0.1740
JP,2020-03-30,5Y,-0.1230
JP,2020-03-30,10Y,0.0210
JP,2020-03-30,30Y,0.3960
JP,2020-03-31,2Y,-0.1300
JP,2020-03-31,5Y,-0.1150
JP,2020-03-31,10Y,0.0310
JP,2020-03-31,30Y,0.4180
JP,2020-04-01,2Y,-0.1400
JP,2020-04-01,5Y,-0.1250
JP,2020-04-01,10Y,0.0180
JP,2020-04-01,30Y,0.4100
JP,2020-04-02,2Y,-0.1350
JP,2020-04-02,5Y,-0.1290
JP,2020-04-02,10Y,-0.0020
JP,2020-04-02,30Y,0.3900
JP,2020-04-03,2Y,-0.1400
JP,2020-04-03,5Y,-0.1220
JP,2020-04-03,10Y,-0.0110
JP,2020-04-03,30Y,0.3910
JP,2020-04-06,2Y,-0.1310
JP,2020-04-06,5Y,-0.1020
JP,2020-04-06,10Y,0.0030
JP,2020-04-06,30Y,0.4200
JP,2020-04-07,2Y,-0.1320
JP,2020-04-07,5Y,-0.1040
JP,2020-04-07,10Y,0.0040
JP,2020-04-07,30Y,0.4430
JP,2020-04-08,2Y,-0.1320
JP,2020-04-08,5Y,-0.0990
JP,2020-04-08,10Y,0.0130
JP,2020-04-08,30Y,0.4380
JP,2020-04-09,2Y,-0.1470
JP,2020-04-09,5Y,-0.1040
JP,2020-04-09,10Y,0.0120
JP,2020-04-09,30Y,0.4470
JP,2020-04-10,2Y,-0.1770
JP,2020-04-10,5Y,-0.1300
JP,2020-04-10,10Y,-0.0010
JP,2020-04-10,30Y,0.4380
JP,2020-04-13,2Y,-0.1800
JP,2020-04-13,5Y,-0.1240
JP,2020-04-13,10Y,0.0040
JP,2020-04-13,30Y,0.4430
JP,2020-04-14,2Y,-0.1700
JP,2020-04-14,5Y,-0.1110
JP,2020-04-14,10Y,0.0130
JP,2020-04-14,30Y,0.4520
JP,2020-04-15,2Y,-0.1600
JP,2020-04-15,5Y,-0.1010
JP,2020-04-15,10Y,0.0190
JP,2020-04-15,30Y,0.4570
JP,2020-04-16,2Y,-0.1600
JP,2020-04-16,5Y,-0.1150
JP,2020-04-16,10Y,0.0030
JP,2020-04-16,30Y,0.4610
JP,2020-04-17,2Y,-0.1460
JP,2020-04-17,5Y,-0.1050
JP,2020-04-17,10Y,0.0130
JP,2020-04-17,30Y,0.4890
JP,2020-04-20,2Y,-0.1350
JP,2020-04-20,5Y,-0.1000
JP,2020-04-20,10Y,0.0140
JP,2020-04-20,30Y,0.4760
JP,2020-04-21,2Y,-0.1330
JP,2020-04-21,5Y,-0.0990
JP,2020-04-21,10Y,0.0180
JP,2020-04-21,30Y,0.4660
JP,2020-04-22,2Y,-0.1420
JP,2020-04-22,5Y,-0.1220
JP,2020-04-22,10Y,-0.0060
JP,2020-04-22,30Y,0.4330
JP,2020-04-23,2Y,-0.1480
JP,2020-04-23,5Y,-0.1290
JP,2020-04-23,10Y,-0.0060
JP,2020-04-23,30Y,0.4140
JP,2020-04-24,2Y,-0.1680
JP,2020-04-24,5Y,-0.1540
JP,2020-04-24,10Y,-0.0200
JP,2020-04-24,30Y,0.4170
JP,2020-04-27,2Y,-0.1740
JP,2020-04-27,5Y,-0.1640
JP,2020-04-27,10Y,-0.0340
JP,2020-04-27,30Y,0.4290
JP,2020-04-28,2Y,-0.1790
JP,2020-04-28,5Y,-0.1700
JP,2020-04-28,10Y,-0.0450
JP,2020-04-28,30Y,0.4150
JP,2020-04-30,2Y,-0.1840
JP,2020-04-30,5Y,-0.1600
JP,2020-04-30,10Y,-0.0360
JP,2020-04-30,30Y,0.4230
JP,2020-05-01,2Y,-0.1640
JP,2020-05-01,5Y,-0.1440
JP,2020-05-01,10Y,-0.0240
JP,2020-05-01,30Y,0.4290
JP,2020-05-07,2Y,-0.1520
JP,2020-05-07,5Y,-0.1240
JP,2020-05-07,10Y,0.0020
JP,2020-05-07,30Y,0.4480
JP,2020-05-08,2Y,-0.1720
JP,2020-05-08,5Y,-0.1330
JP,2020-05-08,10Y,0.0020
JP,2020-05-08,30Y,0.4540
JP,2020-05-11,2Y,-0.1730
JP,2020-05-11,5Y,-0.1170
JP,2020-05-11,10Y,0.0130
JP,2020-05-11,30Y,0.4710
JP,2020-05-12,2Y,-0.1690
JP,2020-05-12,5Y,-0.1210
JP,2020-05-12,10Y,-0.0030
JP,2020-05-12,30Y,0.4520
JP,2020-05-13,2Y,-0.1690
JP,2020-05-13,5Y,-0.1170
JP,2020-05-13,10Y,0.0030
JP,2020-05-13,30Y,0.4570
JP,2020-05-14,2Y,-0.1700
JP,2020-05-14,5Y,-0.1180
JP,2020-05-14,10Y,-0.0030
JP,2020-05-14,30Y,0.4520
JP,2020-05-15,2Y,-0.1690
JP,2020-05-15,5Y,-0.1180
JP,2020-05-15,10Y,0.0010
JP,2020-05-15,30Y,0.4710
JP,2020-05-18,2Y,-0.1760
JP,2020-05-18,5Y,-0.1360
JP,2020-05-18,10Y,-0.0070
JP,2020-05-18,30Y,0.4660
JP,2020-05-19,2Y,-0.1610
JP,2020-05-19,5Y,-0.1230
JP,2020-05-19,10Y,0.0080
JP,2020-05-19,30Y,0.4710
JP,2020-05-20,2Y,-0.1660
JP,2020-05-20,5Y,-0.1230
JP,2020-05-20,10Y,0.0090
JP,2020-05-20,30Y,0.4560
JP,2020-05-21,2Y,-0.1760
JP,2020-05-21,5Y,-0.1330
JP,2020-05-21,10Y,0.0040
JP,2020-05-21,30Y,0.4370
JP,2020-05-22,2Y,-0.1810
JP,2020-05-22,5Y,-0.1430
JP,2020-05-22,10Y,-0.0010
JP,2020-05-22,30Y,0.4420
JP,2020-05-25,2Y,-0.1720
JP,2020-05-25,5Y,-0.1310
JP,2020-05-25,10Y,0.0100
JP,2020-05-25,30Y,0.4700
JP,2020-05-26,2Y,-0.1620
JP,2020-05-26,5Y,-0.1310
JP,2020-05-26,10Y,0.0100
JP,2020-05-26,30Y,0.4750
JP,2020-05-27,2Y,-0.1550
JP,2020-05-27,5Y,-0.1280
JP,2020-05-27,10Y,0.0070
JP,2020-05-27,30Y,0.4650
JP,2020-05-28,2Y,-0.1690
JP,2020-05-28,5Y,-0.1330
JP,2020-05-28,10Y,0.0050
JP,2020-05-28,30Y,0.4750
JP,2020-05-29,2Y,-0.1640
JP,2020-05-29,5Y,-0.1280
JP,2020-05-29,10Y,0.0090
JP,2020-05-29,30Y,0.4950
JP,2020-06-01,2Y,-0.1690
JP,2020-06-01,5Y,-0.1310
JP,2020-06-01,10Y,0.0140
JP,2020-06-01,30Y,0.5090
JP,2020-06-02,2Y,-0.1700
JP,2020-06-02,5Y,-0.1310
JP,2020-06-02,10Y,0.0130
JP,2020-06-02,30Y,0.5090
JP,2020-06-03,2Y,-0.1700
JP,2020-06-03,5Y,-0.1200
JP,2020-06-03,10Y,0.0180
JP,2020-06-03,30Y,0.5090
JP,2020-06-04,2Y,-0.1660
JP,2020-06-04,5Y,-0.1040
JP,2020-06-04,10Y,0.0340
JP,2020-06-04,30Y,0.5320
JP,2020-06-05,2Y,-0.1510
JP,2020-06-05,5Y,-0.0830
JP,2020-06-05,10Y,0.0490
JP,2020-06-05,30Y,0.5510
JP,2020-06-08,2Y,-0.1520
JP,2020-06-08,5Y,-0.0840
JP,2020-06-08,10Y,0.0500
JP,2020-06-08,30Y,0.5590
JP,2020-06-09,2Y,-0.1620
JP,2020-06-09,5Y,-0.1050
JP,2020-06-09,10Y,0.0250
JP,2020-06-09,30Y,0.5260
JP,2020-06-10,2Y,-0.1570
JP,2020-06-10,5Y,-0.0970
JP,2020-06-10,10Y,0.0310
JP,2020-06-10,30Y,0.5260
JP,2020-06-11,2Y,-0.1620
JP,2020-06-11,5Y,-0.1120
JP,2020-06-11,10Y,0.0170
JP,2020-06-11,30Y,0.5090
JP,2020-06-12,2Y,-0.1580
JP,2020-06-12,5Y,-0.1060
JP,2020-06-12,10Y,0.0210
JP,2020-06-12,30Y,0.5230
JP,2020-06-15,2Y,-0.1700
JP,2020-06-15,5Y,-0.1180
JP,2020-06-15,10Y,0.0110
JP,2020-06-15,30Y,0.5080
JP,2020-06-16,2Y,-0.1650
JP,2020-06-16,5Y,-0.1050
JP,2020-06-16,10Y,0.0280
JP,2020-06-16,30Y,0.5310
JP,2020-06-17,2Y,-0.1650
JP,2020-06-17,5Y,-0.1070
JP,2020-06-17,10Y,0.0270
JP,2020-06-17,30Y,0.5410
JP,2020-06-18,2Y,-0.1650
JP,2020-06-18,5Y,-0.1110
JP,2020-06-18,10Y,0.0220
JP,2020-06-18,30Y,0.5510
JP,2020-06-19,2Y,-0.1610
JP,2020-06-19,5Y,-0.1070
JP,2020-06-19,10Y,0.0220
JP,2020-06-19,30Y,0.5550
JP,2020-06-22,2Y,-0.1620
JP,2020-06-22,5Y,-0.1100
JP,2020-06-22,10Y,0.0200
JP,2020-06-22,30Y,0.5550
JP,2020-06-23,2Y,-0.1570
JP,2020-06-23,5Y,-0.1100
JP,2020-06-23,10Y,0.0200
JP,2020-06-23,30Y,0.5600
JP,2020-06-24,2Y,-0.1520
JP,2020-06-24,5Y,-0.1030
JP,2020-06-24,10Y,0.0250
JP,2020-06-24,30Y,0.5690
JP,2020-06-25,2Y,-0.1450
JP,2020-06-25,5Y,-0.1020
JP,2020-06-25,10Y,0.0250
JP,2020-06-25,30Y,0.5670
JP,2020-06-26,2Y,-0.1420
JP,2020-06-26,5Y,-0.1060
JP,2020-06-26,10Y,0.0200
JP,2020-06-26,30Y,0.5740
JP,2020-06-29,2Y,-0.1480
JP,2020-06-29,5Y,-0.1070
JP,2020-06-29,10Y,0.0250
JP,2020-06-29,30Y,0.5740
JP,2020-06-30,2Y,-0.1400
JP,2020-06-30,5Y,-0.1020
JP,2020-06-30,10Y,0.0420
JP,2020-06-30,30Y,0.5890
JP,2020-07-01,2Y,-0.1450
JP,2020-07-01,5Y,-0.0910
JP,2020-07-01,10Y,0.0620
JP,2020-07-01,30Y,0.6160
JP,2020-07-02,2Y,-0.1400
JP,2020-07-02,5Y,-0.0880
JP,2020-07-02,10Y,0.0420
JP,2020-07-02,30Y,0.6280
JP,2020-07-03,2Y,-0.1450
JP,2020-07-03,5Y,-0.0990
JP,2020-07-03,10Y,0.0220
JP,2020-07-03,30Y,0.6060
JP,2020-07-06,2Y,-0.1370
JP,2020-07-06,5Y,-0.0880
JP,2020-07-06,10Y,0.0430
JP,2020-07-06,30Y,0.6150
JP,2020-07-07,2Y,-0.1320
JP,2020-07-07,5Y,-0.0900
JP,2020-07-07,10Y,0.0360
JP,2020-07-07,30Y,0.6100
JP,2020-07-08,2Y,-0.1330
JP,2020-07-08,5Y,-0.0950
JP,2020-07-08,10Y,0.0180
JP,2020-07-08,30Y,0.5680
JP,2020-07-09,2Y,-0.1380
JP,2020-07-09,5Y,-0.1090
JP,2020-07-09,10Y,0.0180
JP,2020-07-09,30Y,0.5540
JP,2020-07-10,2Y,-0.1430
JP,2020-07-10,5Y,-0.1130
JP,2020-07-10,10Y,0.0180
JP,2020-07-10,30Y,0.5630
JP,2020-07-13,2Y,-0.1390
JP,2020-07-13,5Y,-0.1030
JP,2020-07-13,10Y,0.0290
JP,2020-07-13,30Y,0.5960
JP,2020-07-14,2Y,-0.1450
JP,2020-07-14,5Y,-0.1100
JP,2020-07-14,10Y,0.0240
JP,2020-07-14,30Y,0.5910
JP,2020-07-15,2Y,-0.1440
JP,2020-07-15,5Y,-0.1100
JP,2020-07-15,10Y,0.0240
JP,2020-07-15,30Y,0.6050
JP,2020-07-16,2Y,-0.1500
JP,2020-07-16,5Y,-0.1230
JP,2020-07-16,10Y,0.0140
JP,2020-07-16,30Y,0.5960
JP,2020-07-17,2Y,-0.1500
JP,2020-07-17,5Y,-0.1240
JP,2020-07-17,10Y,0.0140
JP,2020-07-17,30Y,0.5820
JP,2020-07-20,2Y,-0.1420
JP,2020-07-20,5Y,-0.1180
JP,2020-07-20,10Y,0.0250
JP,2020-07-20,30Y,0.5960
JP,2020-07-21,2Y,-0.1430
JP,2020-07-21,5Y,-0.1240
JP,2020-07-21,10Y,0.0160
JP,2020-07-21,30Y,0.5770
JP,2020-07-22,2Y,-0.1360
JP,2020-07-22,5Y,-0.1250
JP,2020-07-22,10Y,0.0160
JP,2020-07-22,30Y,0.5730
JP,2020-07-27,2Y,-0.1350
JP,2020-07-27,5Y,-0.1190
JP,2020-07-27,10Y,0.0210
JP,2020-07-27,30Y,0.5730
JP,2020-07-28,2Y,-0.1350
JP,2020-07-28,5Y,-0.1130
JP,2020-07-28,10Y,0.0270
JP,2020-07-28,30Y,0.5640
JP,2020-07-29,2Y,-0.1330
JP,2020-07-29,5Y,-0.1130
JP,2020-07-29,10Y,0.0230
JP,2020-07-29,30Y,0.5400
JP,2020-07-30,2Y,-0.1340
JP,2020-07-30,5Y,-0.1170
JP,2020-07-30,10Y,0.0230
JP,2020-07-30,30Y,0.5450
JP,2020-07-31,2Y,-0.1440
JP,2020-07-31,5Y,-0.1290
JP,2020-07-31,10Y,0.0180
JP,2020-07-31,30Y,0.5290
JP,2020-08-03,2Y,-0.1400
JP,2020-08-03,5Y,-0.1120
JP,2020-08-03,10Y,0.0290
JP,2020-08-03,30Y,0.5540
JP,2020-08-04,2Y,-0.1360
JP,2020-08-04,5Y,-0.1200
JP,2020-08-04,10Y,0.0190
JP,2020-08-04,30Y,0.5540
JP,2020-08-05,2Y,-0.1310
JP,2020-08-05,5Y,-0.1170
JP,2020-08-05,10Y,0.0140
JP,2020-08-05,30Y,0.5440
JP,2020-08-06,2Y,-0.1260
JP,2020-08-06,5Y,-0.1070
JP,2020-08-06,10Y,0.0240
JP,2020-08-06,30Y,0.5530
JP,2020-08-07,2Y,-0.1260
JP,2020-08-07,5Y,-0.1060
JP,2020-08-07,10Y,0.0140
JP,2020-08-07,30Y,0.5490
JP,2020-08-11,2Y,-0.1180
JP,2020-08-11,5Y,-0.0930
JP,2020-08-11,10Y,0.0340
JP,2020-08-11,30Y,0.5690
JP,2020-08-12,2Y,-0.1120
JP,2020-08-12,5Y,-0.0830
JP,2020-08-12,10Y,0.0480
JP,2020-08-12,30Y,0.5960
JP,2020-08-13,2Y,-0.1230
JP,2020-08-13,5Y,-0.0820
JP,2020-08-13,10Y,0.0400
JP,2020-08-13,30Y,0.5920
JP,2020-08-14,2Y,-0.1170
JP,2020-08-14,5Y,-0.0710
JP,2020-08-14,10Y,0.0540
JP,2020-08-14,30Y,0.6150
JP,2020-08-17,2Y,-0.1190
JP,2020-08-17,5Y,-0.0760
JP,2020-08-17,10Y,0.0500
JP,2020-08-17,30Y,0.6150
JP,2020-08-18,2Y,-0.1240
JP,2020-08-18,5Y,-0.0860
JP,2020-08-18,10Y,0.0440
JP,2020-08-18,30Y,0.6150
JP,2020-08-19,2Y,-0.1190
JP,2020-08-19,5Y,-0.0860
JP,2020-08-19,10Y,0.0340
JP,2020-08-19,30Y,0.6020
JP,2020-08-20,2Y,-0.1150
JP,2020-08-20,5Y,-0.0870
JP,2020-08-20,10Y,0.0340
JP,2020-08-20,30Y,0.6060
JP,2020-08-21,2Y,-0.1150
JP,2020-08-21,5Y,-0.0800
JP,2020-08-21,10Y,0.0390
JP,2020-08-21,30Y,0.6150
JP,2020-08-24,2Y,-0.1170
JP,2020-08-24,5Y,-0.0910
JP,2020-08-24,10Y,0.0300
JP,2020-08-24,30Y,0.6010
JP,2020-08-25,2Y,-0.1140
JP,2020-08-25,5Y,-0.0860
JP,2020-08-25,10Y,0.0380
JP,2020-08-25,30Y,0.5870
JP,2020-08-26,2Y,-0.1120
JP,2020-08-26,5Y,-0.0790
JP,2020-08-26,10Y,0.0500
JP,2020-08-26,30Y,0.6020
JP,2020-08-27,2Y,-0.1150
JP,2020-08-27,5Y,-0.0830
JP,2020-08-27,10Y,0.0500
JP,2020-08-27,30Y,0.5970
JP,2020-08-28,2Y,-0.1150
JP,2020-08-28,5Y,-0.0670
JP,2020-08-28,10Y,0.0650
JP,2020-08-28,30Y,0.6190
JP,2020-08-31,2Y,-0.1150
JP,2020-08-31,5Y,-0.0720
JP,2020-08-31,10Y,0.0560
JP,2020-08-31,30Y,0.6060
JP,2020-09-01,2Y,-0.1200
JP,2020-09-01,5Y,-0.0760
JP,2020-09-01,10Y,0.0510
JP,2020-09-01,30Y,0.6110
JP,2020-09-02,2Y,-0.1200
JP,2020-09-02,5Y,-0.0770
JP,2020-09-02,10Y,0.0500
JP,2020-09-02,30Y,0.6130
JP,2020-09-03,2Y,-0.1200
JP,2020-09-03,5Y,-0.0860
JP,2020-09-03,10Y,0.0400
JP,2020-09-03,30Y,0.6020
JP,2020-09-04,2Y,-0.1250
JP,2020-09-04,5Y,-0.0810
JP,2020-09-04,10Y,0.0450
JP,2020-09-04,30Y,0.6070
JP,2020-09-07,2Y,-0.1260
JP,2020-09-07,5Y,-0.0780
JP,2020-09-07,10Y,0.0510
JP,2020-09-07,30Y,0.6190
JP,2020-09-08,2Y,-0.1310
JP,2020-09-08,5Y,-0.0850
JP,2020-09-08,10Y,0.0450
JP,2020-09-08,30Y,0.6100
JP,2020-09-09,2Y,-0.1310
JP,2020-09-09,5Y,-0.0910
JP,2020-09-09,10Y,0.0340
JP,2020-09-09,30Y,0.5980
JP,2020-09-10,2Y,-0.1320
JP,2020-09-10,5Y,-0.0900
JP,2020-09-10,10Y,0.0330
JP,2020-09-10,30Y,0.5980
JP,2020-09-11,2Y,-0.1420
JP,2020-09-11,5Y,-0.0940
JP,2020-09-11,10Y,0.0290
JP,2020-09-11,30Y,0.5780
JP,2020-09-14,2Y,-0.1430
JP,2020-09-14,5Y,-0.1000
JP,2020-09-14,10Y,0.0270
JP,2020-09-14,30Y,0.5780
JP,2020-09-15,2Y,-0.1430
JP,2020-09-15,5Y,-0.1020
JP,2020-09-15,10Y,0.0270
JP,2020-09-15,30Y,0.5840
JP,2020-09-16,2Y,-0.1430
JP,2020-09-16,5Y,-0.1050
JP,2020-09-16,10Y,0.0280
JP,2020-09-16,30Y,0.5920
JP,2020-09-17,2Y,-0.1440
JP,2020-09-17,5Y,-0.1090
JP,2020-09-17,10Y,0.0220
JP,2020-09-17,30Y,0.5880
JP,2020-09-18,2Y,-0.1440
JP,2020-09-18,5Y,-0.1160
JP,2020-09-18,10Y,0.0230
JP,2020-09-18,30Y,0.5880
JP,2020-09-23,2Y,-0.1480
JP,2020-09-23,5Y,-0.1230
JP,2020-09-23,10Y,0.0200
JP,2020-09-23,30Y,0.5920
JP,2020-09-24,2Y,-0.1480
JP,2020-09-24,5Y,-0.1180
JP,2020-09-24,10Y,0.0190
JP,2020-09-24,30Y,0.5960
JP,2020-09-25,2Y,-0.1560
JP,2020-09-25,5Y,-0.1180
JP,2020-09-25,10Y,0.0200
JP,2020-09-25,30Y,0.6060
JP,2020-09-28,2Y,-0.1450
JP,2020-09-28,5Y,-0.1010
JP,2020-09-28,10Y,0.0360
JP,2020-09-28,30Y,0.6200
JP,2020-09-29,2Y,-0.1440
JP,2020-09-29,5Y,-0.1090
JP,2020-09-29,10Y,0.0310
JP,2020-09-29,30Y,0.6110
JP,2020-09-30,2Y,-0.1400
JP,2020-09-30,5Y,-0.1100
JP,2020-09-30,10Y,0.0270
JP,2020-09-30,30Y,0.5950
JP,2020-10-01,2Y,-0.1300
JP,2020-10-01,5Y,-0.1090
JP,2020-10-01,10Y,0.0220
JP,2020-10-01,30Y,0.6110
JP,2020-10-02,2Y,-0.1400
JP,2020-10-02,5Y,-0.1140
JP,2020-10-02,10Y,0.0170
JP,2020-10-02,30Y,0.6060
JP,2020-10-05,2Y,-0.1360
JP,2020-10-05,5Y,-0.1080
JP,2020-10-05,10Y,0.0230
JP,2020-10-05,30Y,0.6200
JP,2020-10-06,2Y,-0.1260
JP,2020-10-06,5Y,-0.0950
JP,2020-10-06,10Y,0.0330
JP,2020-10-06,30Y,0.6370
JP,2020-10-07,2Y,-0.1260
JP,2020-10-07,5Y,-0.0940
JP,2020-10-07,10Y,0.0380
JP,2020-10-07,30Y,0.6340
JP,2020-10-08,2Y,-0.1320
JP,2020-10-08,5Y,-0.1050
JP,2020-10-08,10Y,0.0370
JP,2020-10-08,30Y,0.6290
JP,2020-10-09,2Y,-0.1270
JP,2020-10-09,5Y,-0.0990
JP,2020-10-09,10Y,0.0320
JP,2020-10-09,30Y,0.6290
JP,2020-10-12,2Y,-0.1380
JP,2020-10-12,5Y,-0.1030
JP,2020-10-12,10Y,0.0290
JP,2020-10-12,30Y,0.6340
JP,2020-10-13,2Y,-0.1440
JP,2020-10-13,5Y,-0.1090
JP,2020-10-13,10Y,0.0280
JP,2020-10-13,30Y,0.6380
JP,2020-10-14,2Y,-0.1390
JP,2020-10-14,5Y,-0.1030
JP,2020-10-14,10Y,0.0300
JP,2020-10-14,30Y,0.6380
JP,2020-10-15,2Y,-0.1450
JP,2020-10-15,5Y,-0.1130
JP,2020-10-15,10Y,0.0230
JP,2020-10-15,30Y,0.6290
JP,2020-10-16,2Y,-0.1450
JP,2020-10-16,5Y,-0.1130
JP,2020-10-16,10Y,0.0240
JP,2020-10-16,30Y,0.6190
JP,2020-10-19,2Y,-0.1410
JP,2020-10-19,5Y,-0.1130
JP,2020-10-19,10Y,0.0250
JP,2020-10-19,30Y,0.6200
JP,2020-10-20,2Y,-0.1410
JP,2020-10-20,5Y,-0.1130
JP,2020-10-20,10Y,0.0240
JP,2020-10-20,30Y,0.6060
JP,2020-10-21,2Y,-0.1310
JP,2020-10-21,5Y,-0.1030
JP,2020-10-21,10Y,0.0340
JP,2020-10-21,30Y,0.6230
JP,2020-10-22,2Y,-0.1370
JP,2020-10-22,5Y,-0.1030
JP,2020-10-22,10Y,0.0340
JP,2020-10-22,30Y,0.6290
JP,2020-10-23,2Y,-0.1310
JP,2020-10-23,5Y,-0.0970
JP,2020-10-23,10Y,0.0400
JP,2020-10-23,30Y,0.6390
JP,2020-10-26,2Y,-0.1330
JP,2020-10-26,5Y,-0.0970
JP,2020-10-26,10Y,0.0350
JP,2020-10-26,30Y,0.6390
JP,2020-10-27,2Y,-0.1300
JP,2020-10-27,5Y,-0.0980
JP,2020-10-27,10Y,0.0300
JP,2020-10-27,30Y,0.6300
JP,2020-10-28,2Y,-0.1300
JP,2020-10-28,5Y,-0.1080
JP,2020-10-28,10Y,0.0250
JP,2020-10-28,30Y,0.6300
JP,2020-10-29,2Y,-0.1300
JP,2020-10-29,5Y,-0.1080
JP,2020-10-29,10Y,0.0310
JP,2020-10-29,30Y,0.6260
JP,2020-10-30,2Y,-0.1250
JP,2020-10-30,5Y,-0.0980
JP,2020-10-30,10Y,0.0410
JP,2020-10-30,30Y,0.6400
JP,2020-11-02,2Y,-0.1250
JP,2020-11-02,5Y,-0.0920
JP,2020-11-02,10Y,0.0460
JP,2020-11-02,30Y,0.6350
JP,2020-11-04,2Y,-0.1210
JP,2020-11-04,5Y,-0.0980
JP,2020-11-04,10Y,0.0420
JP,2020-11-04,30Y,0.6400
JP,2020-11-05,2Y,-0.1360
JP,2020-11-05,5Y,-0.1130
JP,2020-11-05,10Y,0.0230
JP,2020-11-05,30Y,0.6120
JP,2020-11-06,2Y,-0.1460
JP,2020-11-06,5Y,-0.1180
JP,2020-11-06,10Y,0.0220
JP,2020-11-06,30Y,0.6260
JP,2020-11-09,2Y,-0.1470
JP,2020-11-09,5Y,-0.1170
JP,2020-11-09,10Y,0.0220
JP,2020-11-09,30Y,0.6260
JP,2020-11-10,2Y,-0.1430
JP,2020-11-10,5Y,-0.1030
JP,2020-11-10,10Y,0.0380
JP,2020-11-10,30Y,0.6450
JP,2020-11-11,2Y,-0.1380
JP,2020-11-11,5Y,-0.0920
JP,2020-11-11,10Y,0.0430
JP,2020-11-11,30Y,0.6490
JP,2020-11-12,2Y,-0.1430
JP,2020-11-12,5Y,-0.1030
JP,2020-11-12,10Y,0.0330
JP,2020-11-12,30Y,0.6490
JP,2020-11-13,2Y,-0.1490
JP,2020-11-13,5Y,-0.1100
JP,2020-11-13,10Y,0.0270
JP,2020-11-13,30Y,0.6540
JP,2020-11-16,2Y,-0.1490
JP,2020-11-16,5Y,-0.1170
JP,2020-11-16,10Y,0.0270
JP,2020-11-16,30Y,0.6540
JP,2020-11-17,2Y,-0.1500
JP,2020-11-17,5Y,-0.1110
JP,2020-11-17,10Y,0.0270
JP,2020-11-17,30Y,0.6440
JP,2020-11-18,2Y,-0.1500
JP,2020-11-18,5Y,-0.1180
JP,2020-11-18,10Y,0.0230
JP,2020-11-18,30Y,0.6250
JP,2020-11-19,2Y,-0.1450
JP,2020-11-19,5Y,-0.1170
JP,2020-11-19,10Y,0.0170
JP,2020-11-19,30Y,0.6300
JP,2020-11-20,2Y,-0.1510
JP,2020-11-20,5Y,-0.1270
JP,2020-11-20,10Y,0.0180
JP,2020-11-20,30Y,0.6250
JP,2020-11-24,2Y,-0.1450
JP,2020-11-24,5Y,-0.1130
JP,2020-11-24,10Y,0.0280
JP,2020-11-24,30Y,0.6390
JP,2020-11-25,2Y,-0.1480
JP,2020-11-25,5Y,-0.1130
JP,2020-11-25,10Y,0.0230
JP,2020-11-25,30Y,0.6450
JP,2020-11-26,2Y,-0.1530
JP,2020-11-26,5Y,-0.1110
JP,2020-11-26,10Y,0.0290
JP,2020-11-26,30Y,0.6500
JP,2020-11-27,2Y,-0.1300
JP,2020-11-27,5Y,-0.1050
JP,2020-11-27,10Y,0.0350
JP,2020-11-27,30Y,0.6510
JP,2020-11-30,2Y,-0.1300
JP,2020-11-30,5Y,-0.1010
JP,2020-11-30,10Y,0.0340
JP,2020-11-30,30Y,0.6460
JP,2020-12-01,2Y,-0.1300
JP,2020-12-01,5Y,-0.1050
JP,2020-12-01,10Y,0.0250
JP,2020-12-01,30Y,0.6510
JP,2020-12-02,2Y,-0.1300
JP,2020-12-02,5Y,-0.0990
JP,2020-12-02,10Y,0.0290
JP,2020-12-02,30Y,0.6510
JP,2020-12-03,2Y,-0.1250
JP,2020-12-03,5Y,-0.1000
JP,2020-12-03,10Y,0.0280
JP,2020-12-03,30Y,0.6470
JP,2020-12-04,2Y,-0.1310
JP,2020-12-04,5Y,-0.1050
JP,2020-12-04,10Y,0.0290
JP,2020-12-04,30Y,0.6510
JP,2020-12-07,2Y,-0.1370
JP,2020-12-07,5Y,-0.1050
JP,2020-12-07,10Y,0.0290
JP,2020-12-07,30Y,0.6470
JP,2020-12-08,2Y,-0.1370
JP,2020-12-08,5Y,-0.1140
JP,2020-12-08,10Y,0.0230
JP,2020-12-08,30Y,0.6330
JP,2020-12-09,2Y,-0.1370
JP,2020-12-09,5Y,-0.1110
JP,2020-12-09,10Y,0.0260
JP,2020-12-09,30Y,0.6230
JP,2020-12-10,2Y,-0.1370
JP,2020-12-10,5Y,-0.1160
JP,2020-12-10,10Y,0.0220
JP,2020-12-10,30Y,0.6140
JP,2020-12-11,2Y,-0.1420
JP,2020-12-11,5Y,-0.1250
JP,2020-12-11,10Y,0.0220
JP,2020-12-11,30Y,0.6140
JP,2020-12-14,2Y,-0.1430
JP,2020-12-14,5Y,-0.1250
JP,2020-12-14,10Y,0.0230
JP,2020-12-14,30Y,0.6280
JP,2020-12-15,2Y,-0.1440
JP,2020-12-15,5Y,-0.1270
JP,2020-12-15,10Y,0.0120
JP,2020-12-15,30Y,0.6230
JP,2020-12-16,2Y,-0.1340
JP,2020-12-16,5Y,-0.1140
JP,2020-12-16,10Y,0.0170
JP,2020-12-16,30Y,0.6280
JP,2020-12-17,2Y,-0.1340
JP,2020-12-17,5Y,-0.1150
JP,2020-12-17,10Y,0.0160
JP,2020-12-17,30Y,0.6260
JP,2020-12-18,2Y,-0.1390
JP,2020-12-18,5Y,-0.1240
JP,2020-12-18,10Y,0.0170
JP,2020-12-18,30Y,0.6240
JP,2020-12-21,2Y,-0.1320
JP,2020-12-21,5Y,-0.1200
JP,2020-12-21,10Y,0.0220
JP,2020-12-21,30Y,0.6380
JP,2020-12-22,2Y,-0.1370
JP,2020-12-22,5Y,-0.1190
JP,2020-12-22,10Y,0.0160
JP,2020-12-22,30Y,0.6280
JP,2020-12-23,2Y,-0.1380
JP,2020-12-23,5Y,-0.1230
JP,2020-12-23,10Y,0.0170
JP,2020-12-23,30Y,0.6130
JP,2020-12-24,2Y,-0.1300
JP,2020-12-24,5Y,-0.1120
JP,2020-12-24,10Y,0.0280
JP,2020-12-24,30Y,0.6230
JP,2020-12-25,2Y,-0.1300
JP,2020-12-25,5Y,-0.1090
JP,2020-12-25,10Y,0.0270
JP,2020-12-25,30Y,0.6370
JP,2020-12-28,2Y,-0.1300
JP,2020-12-28,5Y,-0.1090
JP,2020-12-28,10Y,0.0280
JP,2020-12-28,30Y,0.6420
JP,2020-12-29,2Y,-0.1240
JP,2020-12-29,5Y,-0.1090
JP,2020-12-29,10Y,0.0350
JP,2020-12-29,30Y,0.6470
JP,2020-12-30,2Y,-0.1250
JP,2020-12-30,5Y,-0.1020
JP,2020-12-30,10Y,0.0350
JP,2020-12-30,30Y,0.6470
JP,2021-01-04,2Y,-0.1210
JP,2021-01-04,5Y,-0.1020
JP,2021-01-04,10Y,0.0330
JP,2021-01-04,30Y,0.6550
JP,2021-01-05,2Y,-0.1260
JP,2021-01-05,5Y,-0.1130
JP,2021-01-05,10Y,0.0210
JP,2021-01-05,30Y,0.6400
JP,2021-01-06,2Y,-0.1210
JP,2021-01-06,5Y,-0.1040
JP,2021-01-06,10Y,0.0270
JP,2021-01-06,30Y,0.6500
JP,2021-01-07,2Y,-0.1170
JP,2021-01-07,5Y,-0.0980
JP,2021-01-07,10Y,0.0370
JP,2021-01-07,30Y,0.6530
JP,2021-01-08,2Y,-0.1220
JP,2021-01-08,5Y,-0.1060
JP,2021-01-08,10Y,0.0380
JP,2021-01-08,30Y,0.6500
JP,2021-01-12,2Y,-0.1280
JP,2021-01-12,5Y,-0.1110
JP,2021-01-12,10Y,0.0330
JP,2021-01-12,30Y,0.6500
JP,2021-01-13,2Y,-0.1300
JP,2021-01-13,5Y,-0.1090
JP,2021-01-13,10Y,0.0280
JP,2021-01-13,30Y,0.6360
JP,2021-01-14,2Y,-0.1240
JP,2021-01-14,5Y,-0.1030
JP,2021-01-14,10Y,0.0330
JP,2021-01-14,30Y,0.6450
JP,2021-01-15,2Y,-0.1290
JP,2021-01-15,5Y,-0.1040
JP,2021-01-15,10Y,0.0330
JP,2021-01-15,30Y,0.6500
JP,2021-01-18,2Y,-0.1300
JP,2021-01-18,5Y,-0.0980
JP,2021-01-18,10Y,0.0490
JP,2021-01-18,30Y,0.6600
JP,2021-01-19,2Y,-0.1250
JP,2021-01-19,5Y,-0.1080
JP,2021-01-19,10Y,0.0440
JP,2021-01-19,30Y,0.6600
JP,2021-01-20,2Y,-0.1310
JP,2021-01-20,5Y,-0.1140
JP,2021-01-20,10Y,0.0400
JP,2021-01-20,30Y,0.6650
JP,2021-01-21,2Y,-0.1360
JP,2021-01-21,5Y,-0.1180
JP,2021-01-21,10Y,0.0340
JP,2021-01-21,30Y,0.6510
JP,2021-01-22,2Y,-0.1370
JP,2021-01-22,5Y,-0.1140
JP,2021-01-22,10Y,0.0400
JP,2021-01-22,30Y,0.6550
JP,2021-01-25,2Y,-0.1380
JP,2021-01-25,5Y,-0.1180
JP,2021-01-25,10Y,0.0400
JP,2021-01-25,30Y,0.6600
JP,2021-01-26,2Y,-0.1380
JP,2021-01-26,5Y,-0.1190
JP,2021-01-26,10Y,0.0350
JP,2021-01-26,30Y,0.6510
JP,2021-01-27,2Y,-0.1330
JP,2021-01-27,5Y,-0.1130
JP,2021-01-27,10Y,0.0410
JP,2021-01-27,30Y,0.6510
JP,2021-01-28,2Y,-0.1290
JP,2021-01-28,5Y,-0.1130
JP,2021-01-28,10Y,0.0410
JP,2021-01-28,30Y,0.6490
JP,2021-01-29,2Y,-0.1290
JP,2021-01-29,5Y,-0.1130
JP,2021-01-29,10Y,0.0560
JP,2021-01-29,30Y,0.6600
JP,2021-02-01,2Y,-0.1250
JP,2021-02-01,5Y,-0.1080
JP,2021-02-01,10Y,0.0610
JP,2021-02-01,30Y,0.6700
JP,2021-02-02,2Y,-0.1250
JP,2021-02-02,5Y,-0.1020
JP,2021-02-02,10Y,0.0570
JP,2021-02-02,30Y,0.6700
JP,2021-02-03,2Y,-0.1250
JP,2021-02-03,5Y,-0.1060
JP,2021-02-03,10Y,0.0620
JP,2021-02-03,30Y,0.6700
JP,2021-02-04,2Y,-0.1310
JP,2021-02-04,5Y,-0.1060
JP,2021-02-04,10Y,0.0610
JP,2021-02-04,30Y,0.6600
JP,2021-02-05,2Y,-0.1310
JP,2021-02-05,5Y,-0.1060
JP,2021-02-05,10Y,0.0610
JP,2021-02-05,30Y,0.6560
JP,2021-02-08,2Y,-0.1270
JP,2021-02-08,5Y,-0.0960
JP,2021-02-08,10Y,0.0710
JP,2021-02-08,30Y,0.6700
JP,2021-02-09,2Y,-0.1270
JP,2021-02-09,5Y,-0.0950
JP,2021-02-09,10Y,0.0720
JP,2021-02-09,30Y,0.6750
JP,2021-02-10,2Y,-0.1230
JP,2021-02-10,5Y,-0.0920
JP,2021-02-10,10Y,0.0820
JP,2021-02-10,30Y,0.6700
JP,2021-02-12,2Y,-0.1330
JP,2021-02-12,5Y,-0.1100
JP,2021-02-12,10Y,0.0670
JP,2021-02-12,30Y,0.6700
JP,2021-02-15,2Y,-0.1300
JP,2021-02-15,5Y,-0.1000
JP,2021-02-15,10Y,0.0830
JP,2021-02-15,30Y,0.6800
JP,2021-02-16,2Y,-0.1310
JP,2021-02-16,5Y,-0.0970
JP,2021-02-16,10Y,0.0830
JP,2021-02-16,30Y,0.6790
JP,2021-02-17,2Y,-0.1190
JP,2021-02-17,5Y,-0.0770
JP,2021-02-17,10Y,0.1040
JP,2021-02-17,30Y,0.6890
JP,2021-02-18,2Y,-0.1260
JP,2021-02-18,5Y,-0.0810
JP,2021-02-18,10Y,0.0990
JP,2021-02-18,30Y,0.6790
JP,2021-02-19,2Y,-0.1200
JP,2021-02-19,5Y,-0.0760
JP,2021-02-19,10Y,0.1080
JP,2021-02-19,30Y,0.6800
JP,2021-02-22,2Y,-0.1120
JP,2021-02-22,5Y,-0.0640
JP,2021-02-22,10Y,0.1240
JP,2021-02-22,30Y,0.6970
JP,2021-02-24,2Y,-0.1130
JP,2021-02-24,5Y,-0.0640
JP,2021-02-24,10Y,0.1250
JP,2021-02-24,30Y,0.7120
JP,2021-02-25,2Y,-0.1000
JP,2021-02-25,5Y,-0.0480
JP,2021-02-25,10Y,0.1490
JP,2021-02-25,30Y,0.7440
JP,2021-02-26,2Y,-0.1140
JP,2021-02-26,5Y,-0.0470
JP,2021-02-26,10Y,0.1680
JP,2021-02-26,30Y,0.7510
JP,2021-03-01,2Y,-0.1200
JP,2021-03-01,5Y,-0.0570
JP,2021-03-01,10Y,0.1600
JP,2021-03-01,30Y,0.7250
JP,2021-03-02,2Y,-0.1250
JP,2021-03-02,5Y,-0.0730
JP,2021-03-02,10Y,0.1350
JP,2021-03-02,30Y,0.7060
JP,2021-03-03,2Y,-0.1150
JP,2021-03-03,5Y,-0.0690
JP,2021-03-03,10Y,0.1230
JP,2021-03-03,30Y,0.6780
JP,2021-03-04,2Y,-0.1210
JP,2021-03-04,5Y,-0.0620
JP,2021-03-04,10Y,0.1430
JP,2021-03-04,30Y,0.7110
JP,2021-03-05,2Y,-0.1310
JP,2021-03-05,5Y,-0.0880
JP,2021-03-05,10Y,0.0950
JP,2021-03-05,30Y,0.6730
JP,2021-03-08,2Y,-0.1220
JP,2021-03-08,5Y,-0.0710
JP,2021-03-08,10Y,0.1200
JP,2021-03-08,30Y,0.6830
JP,2021-03-09,2Y,-0.1180
JP,2021-03-09,5Y,-0.0610
JP,2021-03-09,10Y,0.1370
JP,2021-03-09,30Y,0.7020
JP,2021-03-10,2Y,-0.1170
JP,2021-03-10,5Y,-0.0650
JP,2021-03-10,10Y,0.1310
JP,2021-03-10,30Y,0.6920
JP,2021-03-11,2Y,-0.1240
JP,2021-03-11,5Y,-0.0760
JP,2021-03-11,10Y,0.1100
JP,2021-03-11,30Y,0.6550
JP,2021-03-12,2Y,-0.1280
JP,2021-03-12,5Y,-0.0750
JP,2021-03-12,10Y,0.1210
JP,2021-03-12,30Y,0.6690
JP,2021-03-15,2Y,-0.1390
JP,2021-03-15,5Y,-0.0820
JP,2021-03-15,10Y,0.1160
JP,2021-03-15,30Y,0.6780
JP,2021-03-16,2Y,-0.1500
JP,2021-03-16,5Y,-0.0940
JP,2021-03-16,10Y,0.1070
JP,2021-03-16,30Y,0.6690
JP,2021-03-17,2Y,-0.1450
JP,2021-03-17,5Y,-0.0900
JP,2021-03-17,10Y,0.1020
JP,2021-03-17,30Y,0.6640
JP,2021-03-18,2Y,-0.1400
JP,2021-03-18,5Y,-0.0890
JP,2021-03-18,10Y,0.1110
JP,2021-03-18,30Y,0.6640
JP,2021-03-19,2Y,-0.1360
JP,2021-03-19,5Y,-0.0790
JP,2021-03-19,10Y,0.1230
JP,2021-03-19,30Y,0.6740
JP,2021-03-22,2Y,-0.1420
JP,2021-03-22,5Y,-0.0920
JP,2021-03-22,10Y,0.0880
JP,2021-03-22,30Y,0.6380
JP,2021-03-23,2Y,-0.1370
JP,2021-03-23,5Y,-0.0860
JP,2021-03-23,10Y,0.0880
JP,2021-03-23,30Y,0.6290
JP,2021-03-24,2Y,-0.1410
JP,2021-03-24,5Y,-0.0970
JP,2021-03-24,10Y,0.0780
JP,2021-03-24,30Y,0.6290
JP,2021-03-25,2Y,-0.1330
JP,2021-03-25,5Y,-0.0930
JP,2021-03-25,10Y,0.0920
JP,2021-03-25,30Y,0.6370
JP,2021-03-26,2Y,-0.1380
JP,2021-03-26,5Y,-0.0960
JP,2021-03-26,10Y,0.0880
JP,2021-03-26,30Y,0.6560
JP,2021-03-29,2Y,-0.1390
JP,2021-03-29,5Y,-0.0970
JP,2021-03-29,10Y,0.0790
JP,2021-03-29,30Y,0.6380
JP,2021-03-30,2Y,-0.1260
JP,2021-03-30,5Y,-0.0890
JP,2021-03-30,10Y,0.0990
JP,2021-03-30,30Y,0.6480
JP,2021-03-31,2Y,-0.1300
JP,2021-03-31,5Y,-0.0830
JP,2021-03-31,10Y,0.1040
JP,2021-03-31,30Y,0.6690
JP,2021-04-01,2Y,-0.1250
JP,2021-04-01,5Y,-0.0720
JP,2021-04-01,10Y,0.1220
JP,2021-04-01,30Y,0.6970
JP,2021-04-02,2Y,-0.1250
JP,2021-04-02,5Y,-0.0720
JP,2021-04-02,10Y,0.1170
JP,2021-04-02,30Y,0.6970
JP,2021-04-05,2Y,-0.1200
JP,2021-04-05,5Y,-0.0750
JP,2021-04-05,10Y,0.1170
JP,2021-04-05,30Y,0.6970
JP,2021-04-06,2Y,-0.1210
JP,2021-04-06,5Y,-0.0800
JP,2021-04-06,10Y,0.1070
JP,2021-04-06,30Y,0.6820
JP,2021-04-07,2Y,-0.1210
JP,2021-04-07,5Y,-0.0870
JP,2021-04-07,10Y,0.0980
JP,2021-04-07,30Y,0.6540
JP,2021-04-08,2Y,-0.1260
JP,2021-04-08,5Y,-0.0990
JP,2021-04-08,10Y,0.0990
JP,2021-04-08,30Y,0.6730
JP,2021-04-09,2Y,-0.1260
JP,2021-04-09,5Y,-0.0920
JP,2021-04-09,10Y,0.1020
JP,2021-04-09,30Y,0.6780
JP,2021-04-12,2Y,-0.1260
JP,2021-04-12,5Y,-0.0920
JP,2021-04-12,10Y,0.1080
JP,2021-04-12,30Y,0.6820
JP,2021-04-13,2Y,-0.1320
JP,2021-04-13,5Y,-0.0980
JP,2021-04-13,10Y,0.1030
JP,2021-04-13,30Y,0.6730
JP,2021-04-14,2Y,-0.1320
JP,2021-04-14,5Y,-0.1020
JP,2021-04-14,10Y,0.0890
JP,2021-04-14,30Y,0.6500
JP,2021-04-15,2Y,-0.1330
JP,2021-04-15,5Y,-0.0980
JP,2021-04-15,10Y,0.0890
JP,2021-04-15,30Y,0.6540
JP,2021-04-16,2Y,-0.1330
JP,2021-04-16,5Y,-0.1020
JP,2021-04-16,10Y,0.0890
JP,2021-04-16,30Y,0.6550
JP,2021-04-19,2Y,-0.1320
JP,2021-04-19,5Y,-0.0950
JP,2021-04-19,10Y,0.0840
JP,2021-04-19,30Y,0.6550
JP,2021-04-20,2Y,-0.1290
JP,2021-04-20,5Y,-0.0950
JP,2021-04-20,10Y,0.0840
JP,2021-04-20,30Y,0.6460
JP,2021-04-21,2Y,-0.1340
JP,2021-04-21,5Y,-0.1020
JP,2021-04-21,10Y,0.0750
JP,2021-04-21,30Y,0.6310
JP,2021-04-22,2Y,-0.1350
JP,2021-04-22,5Y,-0.1060
JP,2021-04-22,10Y,0.0700
JP,2021-04-22,30Y,0.6360
JP,2021-04-23,2Y,-0.1350
JP,2021-04-23,5Y,-0.1060
JP,2021-04-23,10Y,0.0700
JP,2021-04-23,30Y,0.6410
JP,2021-04-26,2Y,-0.1360
JP,2021-04-26,5Y,-0.1020
JP,2021-04-26,10Y,0.0750
JP,2021-04-26,30Y,0.6510
JP,2021-04-27,2Y,-0.1360
JP,2021-04-27,5Y,-0.1020
JP,2021-04-27,10Y,0.0860
JP,2021-04-27,30Y,0.6460
JP,2021-04-28,2Y,-0.1300
JP,2021-04-28,5Y,-0.0920
JP,2021-04-28,10Y,0.0950
JP,2021-04-28,30Y,0.6550
JP,2021-04-30,2Y,-0.1300
JP,2021-04-30,5Y,-0.0920
JP,2021-04-30,10Y,0.0950
JP,2021-04-30,30Y,0.6600
JP,2021-05-06,2Y,-0.1260
JP,2021-05-06,5Y,-0.0910
JP,2021-05-06,10Y,0.0910
JP,2021-05-06,30Y,0.6550
JP,2021-05-07,2Y,-0.1310
JP,2021-05-07,5Y,-0.0950
JP,2021-05-07,10Y,0.0860
JP,2021-05-07,30Y,0.6550
JP,2021-05-10,2Y,-0.1320
JP,2021-05-10,5Y,-0.0910
JP,2021-05-10,10Y,0.0870
JP,2021-05-10,30Y,0.6510
JP,2021-05-11,2Y,-0.1320
JP,2021-05-11,5Y,-0.0950
JP,2021-05-11,10Y,0.0770
JP,2021-05-11,30Y,0.6410
JP,2021-05-12,2Y,-0.1270
JP,2021-05-12,5Y,-0.0890
JP,2021-05-12,10Y,0.0820
JP,2021-05-12,30Y,0.6410
JP,2021-05-13,2Y,-0.1270
JP,2021-05-13,5Y,-0.0850
JP,2021-05-13,10Y,0.0980
JP,2021-05-13,30Y,0.6730
JP,2021-05-14,2Y,-0.1280
JP,2021-05-14,5Y,-0.0960
JP,2021-05-14,10Y,0.0870
JP,2021-05-14,30Y,0.6550
JP,2021-05-17,2Y,-0.1300
JP,2021-05-17,5Y,-0.0960
JP,2021-05-17,10Y,0.0820
JP,2021-05-17,30Y,0.6540
JP,2021-05-18,2Y,-0.1290
JP,2021-05-18,5Y,-0.0960
JP,2021-05-18,10Y,0.0820
JP,2021-05-18,30Y,0.6600
JP,2021-05-19,2Y,-0.1290
JP,2021-05-19,5Y,-0.0960
JP,2021-05-19,10Y,0.0770
JP,2021-05-19,30Y,0.6600
JP,2021-05-20,2Y,-0.1290
JP,2021-05-20,5Y,-0.0890
JP,2021-05-20,10Y,0.0880
JP,2021-05-20,30Y,0.6690
JP,2021-05-21,2Y,-0.1290
JP,2021-05-21,5Y,-0.0890
JP,2021-05-21,10Y,0.0860
JP,2021-05-21,30Y,0.6780
JP,2021-05-24,2Y,-0.1300
JP,2021-05-24,5Y,-0.0940
JP,2021-05-24,10Y,0.0830
JP,2021-05-24,30Y,0.6750
JP,2021-05-25,2Y,-0.1300
JP,2021-05-25,5Y,-0.0940
JP,2021-05-25,10Y,0.0780
JP,2021-05-25,30Y,0.6740
JP,2021-05-26,2Y,-0.1300
JP,2021-05-26,5Y,-0.0940
JP,2021-05-26,10Y,0.0770
JP,2021-05-26,30Y,0.6750
JP,2021-05-27,2Y,-0.1360
JP,2021-05-27,5Y,-0.1000
JP,2021-05-27,10Y,0.0790
JP,2021-05-27,30Y,0.6700
JP,2021-05-28,2Y,-0.1360
JP,2021-05-28,5Y,-0.0890
JP,2021-05-28,10Y,0.0890
JP,2021-05-28,30Y,0.6750
JP,2021-05-31,2Y,-0.1250
JP,2021-05-31,5Y,-0.0930
JP,2021-05-31,10Y,0.0840
JP,2021-05-31,30Y,0.6750
JP,2021-06-01,2Y,-0.1250
JP,2021-06-01,5Y,-0.0920
JP,2021-06-01,10Y,0.0850
JP,2021-06-01,30Y,0.6830
JP,2021-06-02,2Y,-0.1250
JP,2021-06-02,5Y,-0.0920
JP,2021-06-02,10Y,0.0840
JP,2021-06-02,30Y,0.6900
JP,2021-06-03,2Y,-0.1200
JP,2021-06-03,5Y,-0.0920
JP,2021-06-03,10Y,0.0900
JP,2021-06-03,30Y,0.6870
JP,2021-06-04,2Y,-0.1200
JP,2021-06-04,5Y,-0.0920
JP,2021-06-04,10Y,0.0920
JP,2021-06-04,30Y,0.6920
JP,2021-06-07,2Y,-0.1200
JP,2021-06-07,5Y,-0.0920
JP,2021-06-07,10Y,0.0840
JP,2021-06-07,30Y,0.6920
JP,2021-06-08,2Y,-0.1210
JP,2021-06-08,5Y,-0.0970
JP,2021-06-08,10Y,0.0800
JP,2021-06-08,30Y,0.6830
JP,2021-06-09,2Y,-0.1210
JP,2021-06-09,5Y,-0.0980
JP,2021-06-09,10Y,0.0750
JP,2021-06-09,30Y,0.6700
JP,2021-06-10,2Y,-0.1260
JP,2021-06-10,5Y,-0.1100
JP,2021-06-10,10Y,0.0560
JP,2021-06-10,30Y,0.6640
JP,2021-06-11,2Y,-0.1260
JP,2021-06-11,5Y,-0.1150
JP,2021-06-11,10Y,0.0400
JP,2021-06-11,30Y,0.6610
JP,2021-06-14,2Y,-0.1260
JP,2021-06-14,5Y,-0.1110
JP,2021-06-14,10Y,0.0450
JP,2021-06-14,30Y,0.6610
JP,2021-06-15,2Y,-0.1270
JP,2021-06-15,5Y,-0.1080
JP,2021-06-15,10Y,0.0560
JP,2021-06-15,30Y,0.6750
JP,2021-06-16,2Y,-0.1280
JP,2021-06-16,5Y,-0.1020
JP,2021-06-16,10Y,0.0560
JP,2021-06-16,30Y,0.6860
JP,2021-06-17,2Y,-0.1230
JP,2021-06-17,5Y,-0.0950
JP,2021-06-17,10Y,0.0700
JP,2021-06-17,30Y,0.6910
JP,2021-06-18,2Y,-0.1230
JP,2021-06-18,5Y,-0.0990
JP,2021-06-18,10Y,0.0660
JP,2021-06-18,30Y,0.6770
JP,2021-06-21,2Y,-0.1210
JP,2021-06-21,5Y,-0.1040
JP,2021-06-21,10Y,0.0530
JP,2021-06-21,30Y,0.6780
JP,2021-06-22,2Y,-0.1150
JP,2021-06-22,5Y,-0.0960
JP,2021-06-22,10Y,0.0630
JP,2021-06-22,30Y,0.6780
JP,2021-06-23,2Y,-0.1160
JP,2021-06-23,5Y,-0.0950
JP,2021-06-23,10Y,0.0630
JP,2021-06-23,30Y,0.6680
JP,2021-06-24,2Y,-0.1160
JP,2021-06-24,5Y,-0.0920
JP,2021-06-24,10Y,0.0640
JP,2021-06-24,30Y,0.6720
JP,2021-06-25,2Y,-0.1160
JP,2021-06-25,5Y,-0.1000
JP,2021-06-25,10Y,0.0590
JP,2021-06-25,30Y,0.6820
JP,2021-06-28,2Y,-0.1150
JP,2021-06-28,5Y,-0.0920
JP,2021-06-28,10Y,0.0700
JP,2021-06-28,30Y,0.6910
JP,2021-06-29,2Y,-0.1140
JP,2021-06-29,5Y,-0.0920
JP,2021-06-29,10Y,0.0700
JP,2021-06-29,30Y,0.6910
JP,2021-06-30,2Y,-0.1150
JP,2021-06-30,5Y,-0.0980
JP,2021-06-30,10Y,0.0700
JP,2021-06-30,30Y,0.6910
JP,2021-07-01,2Y,-0.1200
JP,2021-07-01,5Y,-0.1070
JP,2021-07-01,10Y,0.0520
JP,2021-07-01,30Y,0.6820
JP,2021-07-02,2Y,-0.1200
JP,2021-07-02,5Y,-0.1070
JP,2021-07-02,10Y,0.0420
JP,2021-07-02,30Y,0.6720
JP,2021-07-05,2Y,-0.1160
JP,2021-07-05,5Y,-0.1140
JP,2021-07-05,10Y,0.0320
JP,2021-07-05,30Y,0.6780
JP,2021-07-06,2Y,-0.1110
JP,2021-07-06,5Y,-0.1050
JP,2021-07-06,10Y,0.0430
JP,2021-07-06,30Y,0.6730
JP,2021-07-07,2Y,-0.1110
JP,2021-07-07,5Y,-0.1090
JP,2021-07-07,10Y,0.0330
JP,2021-07-07,30Y,0.6740
JP,2021-07-08,2Y,-0.1170
JP,2021-07-08,5Y,-0.1190
JP,2021-07-08,10Y,0.0280
JP,2021-07-08,30Y,0.6580
JP,2021-07-09,2Y,-0.1170
JP,2021-07-09,5Y,-0.1190
JP,2021-07-09,10Y,0.0290
JP,2021-07-09,30Y,0.6690
JP,2021-07-12,2Y,-0.1170
JP,2021-07-12,5Y,-0.1190
JP,2021-07-12,10Y,0.0280
JP,2021-07-12,30Y,0.6690
JP,2021-07-13,2Y,-0.1220
JP,2021-07-13,5Y,-0.1200
JP,2021-07-13,10Y,0.0230
JP,2021-07-13,30Y,0.6690
JP,2021-07-14,2Y,-0.1280
JP,2021-07-14,5Y,-0.1230
JP,2021-07-14,10Y,0.0190
JP,2021-07-14,30Y,0.6690
JP,2021-07-15,2Y,-0.1280
JP,2021-07-15,5Y,-0.1270
JP,2021-07-15,10Y,0.0140
JP,2021-07-15,30Y,0.6410
JP,2021-07-16,2Y,-0.1280
JP,2021-07-16,5Y,-0.1230
JP,2021-07-16,10Y,0.0190
JP,2021-07-16,30Y,0.6460
JP,2021-07-19,2Y,-0.1340
JP,2021-07-19,5Y,-0.1280
JP,2021-07-19,10Y,0.0180
JP,2021-07-19,30Y,0.6510
JP,2021-07-20,2Y,-0.1340
JP,2021-07-20,5Y,-0.1340
JP,2021-07-20,10Y,0.0140
JP,2021-07-20,30Y,0.6450
JP,2021-07-21,2Y,-0.1340
JP,2021-07-21,5Y,-0.1340
JP,2021-07-21,10Y,0.0150
JP,2021-07-21,30Y,0.6610
JP,2021-07-26,2Y,-0.1350
JP,2021-07-26,5Y,-0.1340
JP,2021-07-26,10Y,0.0150
JP,2021-07-26,30Y,0.6520
JP,2021-07-27,2Y,-0.1300
JP,2021-07-27,5Y,-0.1280
JP,2021-07-27,10Y,0.0200
JP,2021-07-27,30Y,0.6560
JP,2021-07-28,2Y,-0.1300
JP,2021-07-28,5Y,-0.1280
JP,2021-07-28,10Y,0.0160
JP,2021-07-28,30Y,0.6470
JP,2021-07-29,2Y,-0.1250
JP,2021-07-29,5Y,-0.1280
JP,2021-07-29,10Y,0.0220
JP,2021-07-29,30Y,0.6420
JP,2021-07-30,2Y,-0.1250
JP,2021-07-30,5Y,-0.1230
JP,2021-07-30,10Y,0.0220
JP,2021-07-30,30Y,0.6420
JP,2021-08-02,2Y,-0.1300
JP,2021-08-02,5Y,-0.1230
JP,2021-08-02,10Y,0.0220
JP,2021-08-02,30Y,0.6420
JP,2021-08-03,2Y,-0.1250
JP,2021-08-03,5Y,-0.1290
JP,2021-08-03,10Y,0.0120
JP,2021-08-03,30Y,0.6380
JP,2021-08-04,2Y,-0.1300
JP,2021-08-04,5Y,-0.1330
JP,2021-08-04,10Y,0.0070
JP,2021-08-04,30Y,0.6340
JP,2021-08-05,2Y,-0.1360
JP,2021-08-05,5Y,-0.1330
JP,2021-08-05,10Y,0.0120
JP,2021-08-05,30Y,0.6390
JP,2021-08-06,2Y,-0.1360
JP,2021-08-06,5Y,-0.1280
JP,2021-08-06,10Y,0.0170
JP,2021-08-06,30Y,0.6430
JP,2021-08-10,2Y,-0.1310
JP,2021-08-10,5Y,-0.1230
JP,2021-08-10,10Y,0.0280
JP,2021-08-10,30Y,0.6480
JP,2021-08-11,2Y,-0.1310
JP,2021-08-11,5Y,-0.1180
JP,2021-08-11,10Y,0.0440
JP,2021-08-11,30Y,0.6570
JP,2021-08-12,2Y,-0.1310
JP,2021-08-12,5Y,-0.1230
JP,2021-08-12,10Y,0.0280
JP,2021-08-12,30Y,0.6480
JP,2021-08-13,2Y,-0.1360
JP,2021-08-13,5Y,-0.1240
JP,2021-08-13,10Y,0.0290
JP,2021-08-13,30Y,0.6530
JP,2021-08-16,2Y,-0.1360
JP,2021-08-16,5Y,-0.1280
JP,2021-08-16,10Y,0.0180
JP,2021-08-16,30Y,0.6480
JP,2021-08-17,2Y,-0.1420
JP,2021-08-17,5Y,-0.1340
JP,2021-08-17,10Y,0.0120
JP,2021-08-17,30Y,0.6430
JP,2021-08-18,2Y,-0.1420
JP,2021-08-18,5Y,-0.1340
JP,2021-08-18,10Y,0.0180
JP,2021-08-18,30Y,0.6520
JP,2021-08-19,2Y,-0.1420
JP,2021-08-19,5Y,-0.1280
JP,2021-08-19,10Y,0.0180
JP,2021-08-19,30Y,0.6520
JP,2021-08-20,2Y,-0.1420
JP,2021-08-20,5Y,-0.1290
JP,2021-08-20,10Y,0.0130
JP,2021-08-20,30Y,0.6520
JP,2021-08-23,2Y,-0.1390
JP,2021-08-23,5Y,-0.1240
JP,2021-08-23,10Y,0.0250
JP,2021-08-23,30Y,0.6530
JP,2021-08-24,2Y,-0.1390
JP,2021-08-24,5Y,-0.1180
JP,2021-08-24,10Y,0.0250
JP,2021-08-24,30Y,0.6580
JP,2021-08-25,2Y,-0.1380
JP,2021-08-25,5Y,-0.1190
JP,2021-08-25,10Y,0.0260
JP,2021-08-25,30Y,0.6530
JP,2021-08-26,2Y,-0.1330
JP,2021-08-26,5Y,-0.1170
JP,2021-08-26,10Y,0.0240
JP,2021-08-26,30Y,0.6430
JP,2021-08-27,2Y,-0.1330
JP,2021-08-27,5Y,-0.1150
JP,2021-08-27,10Y,0.0290
JP,2021-08-27,30Y,0.6480
JP,2021-08-30,2Y,-0.1280
JP,2021-08-30,5Y,-0.1180
JP,2021-08-30,10Y,0.0250
JP,2021-08-30,30Y,0.6530
JP,2021-08-31,2Y,-0.1300
JP,2021-08-31,5Y,-0.1180
JP,2021-08-31,10Y,0.0300
JP,2021-08-31,30Y,0.6540
JP,2021-09-01,2Y,-0.1300
JP,2021-09-01,5Y,-0.1070
JP,2021-09-01,10Y,0.0350
JP,2021-09-01,30Y,0.6540
JP,2021-09-02,2Y,-0.1300
JP,2021-09-02,5Y,-0.1070
JP,2021-09-02,10Y,0.0400
JP,2021-09-02,30Y,0.6470
JP,2021-09-03,2Y,-0.1250
JP,2021-09-03,5Y,-0.1040
JP,2021-09-03,10Y,0.0460
JP,2021-09-03,30Y,0.6540
JP,2021-09-06,2Y,-0.1200
JP,2021-09-06,5Y,-0.0970
JP,2021-09-06,10Y,0.0510
JP,2021-09-06,30Y,0.6640
JP,2021-09-07,2Y,-0.1250
JP,2021-09-07,5Y,-0.0970
JP,2021-09-07,10Y,0.0460
JP,2021-09-07,30Y,0.6640
JP,2021-09-08,2Y,-0.1250
JP,2021-09-08,5Y,-0.0960
JP,2021-09-08,10Y,0.0530
JP,2021-09-08,30Y,0.6710
JP,2021-09-09,2Y,-0.1250
JP,2021-09-09,5Y,-0.1000
JP,2021-09-09,10Y,0.0470
JP,2021-09-09,30Y,0.6620
JP,2021-09-10,2Y,-0.1250
JP,2021-09-10,5Y,-0.1010
JP,2021-09-10,10Y,0.0510
JP,2021-09-10,30Y,0.6570
JP,2021-09-13,2Y,-0.1260
JP,2021-09-13,5Y,-0.1010
JP,2021-09-13,10Y,0.0510
JP,2021-09-13,30Y,0.6570
JP,2021-09-14,2Y,-0.1260
JP,2021-09-14,5Y,-0.1010
JP,2021-09-14,10Y,0.0510
JP,2021-09-14,30Y,0.6500
JP,2021-09-15,2Y,-0.1310
JP,2021-09-15,5Y,-0.1080
JP,2021-09-15,10Y,0.0410
JP,2021-09-15,30Y,0.6500
JP,2021-09-16,2Y,-0.1270
JP,2021-09-16,5Y,-0.1000
JP,2021-09-16,10Y,0.0520
JP,2021-09-16,30Y,0.6520
JP,2021-09-17,2Y,-0.1270
JP,2021-09-17,5Y,-0.0950
JP,2021-09-17,10Y,0.0570
JP,2021-09-17,30Y,0.6570
JP,2021-09-21,2Y,-0.1330
JP,2021-09-21,5Y,-0.1020
JP,2021-09-21,10Y,0.0470
JP,2021-09-21,30Y,0.6570
JP,2021-09-22,2Y,-0.1330
JP,2021-09-22,5Y,-0.1080
JP,2021-09-22,10Y,0.0440
JP,2021-09-22,30Y,0.6570
JP,2021-09-24,2Y,-0.1280
JP,2021-09-24,5Y,-0.0910
JP,2021-09-24,10Y,0.0630
JP,2021-09-24,30Y,0.6760
JP,2021-09-27,2Y,-0.1290
JP,2021-09-27,5Y,-0.0910
JP,2021-09-27,10Y,0.0630
JP,2021-09-27,30Y,0.6850
JP,2021-09-28,2Y,-0.1290
JP,2021-09-28,5Y,-0.0810
JP,2021-09-28,10Y,0.0840
JP,2021-09-28,30Y,0.6950
JP,2021-09-29,2Y,-0.1250
JP,2021-09-29,5Y,-0.0800
JP,2021-09-29,10Y,0.0800
JP,2021-09-29,30Y,0.6810
JP,2021-09-30,2Y,-0.1150
JP,2021-09-30,5Y,-0.0790
JP,2021-09-30,10Y,0.0810
JP,2021-09-30,30Y,0.6770
JP,2021-10-01,2Y,-0.1250
JP,2021-10-01,5Y,-0.0950
JP,2021-10-01,10Y,0.0640
JP,2021-10-01,30Y,0.6630
JP,2021-10-04,2Y,-0.1200
JP,2021-10-04,5Y,-0.0960
JP,2021-10-04,10Y,0.0590
JP,2021-10-04,30Y,0.6720
JP,2021-10-05,2Y,-0.1200
JP,2021-10-05,5Y,-0.0900
JP,2021-10-05,10Y,0.0620
JP,2021-10-05,30Y,0.6810
JP,2021-10-06,2Y,-0.1160
JP,2021-10-06,5Y,-0.0790
JP,2021-10-06,10Y,0.0830
JP,2021-10-06,30Y,0.6880
JP,2021-10-07,2Y,-0.1210
JP,2021-10-07,5Y,-0.0830
JP,2021-10-07,10Y,0.0730
JP,2021-10-07,30Y,0.6820
JP,2021-10-08,2Y,-0.1160
JP,2021-10-08,5Y,-0.0790
JP,2021-10-08,10Y,0.0830
JP,2021-10-08,30Y,0.6900
JP,2021-10-11,2Y,-0.1160
JP,2021-10-11,5Y,-0.0760
JP,2021-10-11,10Y,0.0930
JP,2021-10-11,30Y,0.7000
JP,2021-10-12,2Y,-0.1160
JP,2021-10-12,5Y,-0.0730
JP,2021-10-12,10Y,0.0930
JP,2021-10-12,30Y,0.6960
JP,2021-10-13,2Y,-0.1170
JP,2021-10-13,5Y,-0.0730
JP,2021-10-13,10Y,0.0880
JP,2021-10-13,30Y,0.6910
JP,2021-10-14,2Y,-0.1170
JP,2021-10-14,5Y,-0.0790
JP,2021-10-14,10Y,0.0840
JP,2021-10-14,30Y,0.6880
JP,2021-10-15,2Y,-0.1170
JP,2021-10-15,5Y,-0.0830
JP,2021-10-15,10Y,0.0790
JP,2021-10-15,30Y,0.6880
JP,2021-10-18,2Y,-0.1190
JP,2021-10-18,5Y,-0.0720
JP,2021-10-18,10Y,0.0940
JP,2021-10-18,30Y,0.6970
JP,2021-10-19,2Y,-0.1200
JP,2021-10-19,5Y,-0.0730
JP,2021-10-19,10Y,0.0900
JP,2021-10-19,30Y,0.6930
JP,2021-10-20,2Y,-0.1140
JP,2021-10-20,5Y,-0.0730
JP,2021-10-20,10Y,0.0950
JP,2021-10-20,30Y,0.6970
JP,2021-10-21,2Y,-0.1140
JP,2021-10-21,5Y,-0.0730
JP,2021-10-21,10Y,0.0900
JP,2021-10-21,30Y,0.6930
JP,2021-10-22,2Y,-0.1140
JP,2021-10-22,5Y,-0.0670
JP,2021-10-22,10Y,0.0950
JP,2021-10-22,30Y,0.7020
JP,2021-10-25,2Y,-0.1080
JP,2021-10-25,5Y,-0.0680
JP,2021-10-25,10Y,0.1000
JP,2021-10-25,30Y,0.7070
JP,2021-10-26,2Y,-0.1100
JP,2021-10-26,5Y,-0.0570
JP,2021-10-26,10Y,0.1040
JP,2021-10-26,30Y,0.6970
JP,2021-10-27,2Y,-0.1010
JP,2021-10-27,5Y,-0.0630
JP,2021-10-27,10Y,0.1010
JP,2021-10-27,30Y,0.6930
JP,2021-10-28,2Y,-0.1050
JP,2021-10-28,5Y,-0.0740
JP,2021-10-28,10Y,0.0910
JP,2021-10-28,30Y,0.6840
JP,2021-10-29,2Y,-0.1050
JP,2021-10-29,5Y,-0.0730
JP,2021-10-29,10Y,0.1010
JP,2021-10-29,30Y,0.6740
JP,2021-11-01,2Y,-0.1050
JP,2021-11-01,5Y,-0.0770
JP,2021-11-01,10Y,0.0970
JP,2021-11-01,30Y,0.6740
JP,2021-11-02,2Y,-0.1050
JP,2021-11-02,5Y,-0.0840
JP,2021-11-02,10Y,0.0870
JP,2021-11-02,30Y,0.6840
JP,2021-11-04,2Y,-0.1000
JP,2021-11-04,5Y,-0.0840
JP,2021-11-04,10Y,0.0810
JP,2021-11-04,30Y,0.6830
JP,2021-11-05,2Y,-0.1100
JP,2021-11-05,5Y,-0.0980
JP,2021-11-05,10Y,0.0670
JP,2021-11-05,30Y,0.6790
JP,2021-11-08,2Y,-0.1170
JP,2021-11-08,5Y,-0.0990
JP,2021-11-08,10Y,0.0620
JP,2021-11-08,30Y,0.6790
JP,2021-11-09,2Y,-0.1160
JP,2021-11-09,5Y,-0.0920
JP,2021-11-09,10Y,0.0680
JP,2021-11-09,30Y,0.6840
JP,2021-11-10,2Y,-0.1160
JP,2021-11-10,5Y,-0.0920
JP,2021-11-10,10Y,0.0620
JP,2021-11-10,30Y,0.6700
JP,2021-11-11,2Y,-0.1160
JP,2021-11-11,5Y,-0.0870
JP,2021-11-11,10Y,0.0720
JP,2021-11-11,30Y,0.6840
JP,2021-11-12,2Y,-0.1160
JP,2021-11-12,5Y,-0.0790
JP,2021-11-12,10Y,0.0780
JP,2021-11-12,30Y,0.6790
JP,2021-11-15,2Y,-0.1230
JP,2021-11-15,5Y,-0.0830
JP,2021-11-15,10Y,0.0720
JP,2021-11-15,30Y,0.6800
JP,2021-11-16,2Y,-0.1250
JP,2021-11-16,5Y,-0.0790
JP,2021-11-16,10Y,0.0780
JP,2021-11-16,30Y,0.6800
JP,2021-11-17,2Y,-0.1280
JP,2021-11-17,5Y,-0.0820
JP,2021-11-17,10Y,0.0790
JP,2021-11-17,30Y,0.6850
JP,2021-11-18,2Y,-0.1250
JP,2021-11-18,5Y,-0.0720
JP,2021-11-18,10Y,0.0890
JP,2021-11-18,30Y,0.6850
JP,2021-11-19,2Y,-0.1290
JP,2021-11-19,5Y,-0.0780
JP,2021-11-19,10Y,0.0830
JP,2021-11-19,30Y,0.6750
JP,2021-11-22,2Y,-0.1350
JP,2021-11-22,5Y,-0.0870
JP,2021-11-22,10Y,0.0790
JP,2021-11-22,30Y,0.6850
JP,2021-11-24,2Y,-0.1300
JP,2021-11-24,5Y,-0.0820
JP,2021-11-24,10Y,0.0910
JP,2021-11-24,30Y,0.6890
JP,2021-11-25,2Y,-0.1250
JP,2021-11-25,5Y,-0.0710
JP,2021-11-25,10Y,0.0900
JP,2021-11-25,30Y,0.6830
JP,2021-11-26,2Y,-0.1320
JP,2021-11-26,5Y,-0.0810
JP,2021-11-26,10Y,0.0790
JP,2021-11-26,30Y,0.6780
JP,2021-11-29,2Y,-0.1310
JP,2021-11-29,5Y,-0.0810
JP,2021-11-29,10Y,0.0810
JP,2021-11-29,30Y,0.6880
JP,2021-11-30,2Y,-0.1200
JP,2021-11-30,5Y,-0.0930
JP,2021-11-30,10Y,0.0670
JP,2021-11-30,30Y,0.6710
JP,2021-12-01,2Y,-0.1200
JP,2021-12-01,5Y,-0.0860
JP,2021-12-01,10Y,0.0720
JP,2021-12-01,30Y,0.6710
JP,2021-12-02,2Y,-0.1200
JP,2021-12-02,5Y,-0.0930
JP,2021-12-02,10Y,0.0660
JP,2021-12-02,30Y,0.6750
JP,2021-12-03,2Y,-0.1150
JP,2021-12-03,5Y,-0.0990
JP,2021-12-03,10Y,0.0630
JP,2021-12-03,30Y,0.6700
JP,2021-12-06,2Y,-0.1160
JP,2021-12-06,5Y,-0.1040
JP,2021-12-06,10Y,0.0480
JP,2021-12-06,30Y,0.6660
JP,2021-12-07,2Y,-0.1160
JP,2021-12-07,5Y,-0.0940
JP,2021-12-07,10Y,0.0630
JP,2021-12-07,30Y,0.6790
JP,2021-12-08,2Y,-0.1110
JP,2021-12-08,5Y,-0.0940
JP,2021-12-08,10Y,0.0580
JP,2021-12-08,30Y,0.6730
JP,2021-12-09,2Y,-0.1060
JP,2021-12-09,5Y,-0.0870
JP,2021-12-09,10Y,0.0580
JP,2021-12-09,30Y,0.6760
JP,2021-12-10,2Y,-0.1070
JP,2021-12-10,5Y,-0.0870
JP,2021-12-10,10Y,0.0630
JP,2021-12-10,30Y,0.6750
JP,2021-12-13,2Y,-0.1070
JP,2021-12-13,5Y,-0.0930
JP,2021-12-13,10Y,0.0580
JP,2021-12-13,30Y,0.6670
JP,2021-12-14,2Y,-0.1120
JP,2021-12-14,5Y,-0.0990
JP,2021-12-14,10Y,0.0600
JP,2021-12-14,30Y,0.6680
JP,2021-12-15,2Y,-0.1120
JP,2021-12-15,5Y,-0.1000
JP,2021-12-15,10Y,0.0590
JP,2021-12-15,30Y,0.6680
JP,2021-12-16,2Y,-0.1130
JP,2021-12-16,5Y,-0.1020
JP,2021-12-16,10Y,0.0540
JP,2021-12-16,30Y,0.6580
JP,2021-12-17,2Y,-0.1120
JP,2021-12-17,5Y,-0.1010
JP,2021-12-17,10Y,0.0600
JP,2021-12-17,30Y,0.6590
JP,2021-12-20,2Y,-0.1130
JP,2021-12-20,5Y,-0.1090
JP,2021-12-20,10Y,0.0500
JP,2021-12-20,30Y,0.6580
JP,2021-12-21,2Y,-0.1070
JP,2021-12-21,5Y,-0.1000
JP,2021-12-21,10Y,0.0670
JP,2021-12-21,30Y,0.6640
JP,2021-12-22,2Y,-0.1030
JP,2021-12-22,5Y,-0.0900
JP,2021-12-22,10Y,0.0720
JP,2021-12-22,30Y,0.6690
JP,2021-12-23,2Y,-0.0970
JP,2021-12-23,5Y,-0.0900
JP,2021-12-23,10Y,0.0780
JP,2021-12-23,30Y,0.6780
JP,2021-12-24,2Y,-0.0990
JP,2021-12-24,5Y,-0.0880
JP,2021-12-24,10Y,0.0790
JP,2021-12-24,30Y,0.6790
JP,2021-12-27,2Y,-0.0950
JP,2021-12-27,5Y,-0.0840
JP,2021-12-27,10Y,0.0780
JP,2021-12-27,30Y,0.6750
JP,2021-12-28,2Y,-0.0950
JP,2021-12-28,5Y,-0.0840
JP,2021-12-28,10Y,0.0780
JP,2021-12-28,30Y,0.6840
JP,2021-12-29,2Y,-0.1000
JP,2021-12-29,5Y,-0.0840
JP,2021-12-29,10Y,0.0730
JP,2021-12-29,30Y,0.6840
JP,2021-12-30,2Y,-0.0950
JP,2021-12-30,5Y,-0.0750
JP,2021-12-30,10Y,0.0890
JP,2021-12-30,30Y,0.6930
JP,2022-01-04,2Y,-0.0850
JP,2022-01-04,5Y,-0.0670
JP,2022-01-04,10Y,0.1040
JP,2022-01-04,30Y,0.6930
JP,2022-01-05,2Y,-0.0860
JP,2022-01-05,5Y,-0.0670
JP,2022-01-05,10Y,0.0980
JP,2022-01-05,30Y,0.6970
JP,2022-01-06,2Y,-0.0810
JP,2022-01-06,5Y,-0.0490
JP,2022-01-06,10Y,0.1180
JP,2022-01-06,30Y,0.7100
JP,2022-01-07,2Y,-0.0760
JP,2022-01-07,5Y,-0.0370
JP,2022-01-07,10Y,0.1330
JP,2022-01-07,30Y,0.7090
JP,2022-01-11,2Y,-0.0780
JP,2022-01-11,5Y,-0.0230
JP,2022-01-11,10Y,0.1530
JP,2022-01-11,30Y,0.7140
JP,2022-01-12,2Y,-0.0830
JP,2022-01-12,5Y,-0.0430
JP,2022-01-12,10Y,0.1290
JP,2022-01-12,30Y,0.7000
JP,2022-01-13,2Y,-0.0830
JP,2022-01-13,5Y,-0.0380
JP,2022-01-13,10Y,0.1290
JP,2022-01-13,30Y,0.7040
JP,2022-01-14,2Y,-0.0730
JP,2022-01-14,5Y,-0.0160
JP,2022-01-14,10Y,0.1500
JP,2022-01-14,30Y,0.7190
JP,2022-01-17,2Y,-0.0740
JP,2022-01-17,5Y,-0.0220
JP,2022-01-17,10Y,0.1450
JP,2022-01-17,30Y,0.7100
JP,2022-01-18,2Y,-0.0750
JP,2022-01-18,5Y,-0.0220
JP,2022-01-18,10Y,0.1500
JP,2022-01-18,30Y,0.7100
JP,2022-01-19,2Y,-0.0800
JP,2022-01-19,5Y,-0.0380
JP,2022-01-19,10Y,0.1390
JP,2022-01-19,30Y,0.7050
JP,2022-01-20,2Y,-0.0750
JP,2022-01-20,5Y,-0.0270
JP,2022-01-20,10Y,0.1450
JP,2022-01-20,30Y,0.7140
JP,2022-01-21,2Y,-0.0760
JP,2022-01-21,5Y,-0.0320
JP,2022-01-21,10Y,0.1350
JP,2022-01-21,30Y,0.7090
JP,2022-01-24,2Y,-0.0710
JP,2022-01-24,5Y,-0.0280
JP,2022-01-24,10Y,0.1410
JP,2022-01-24,30Y,0.7190
JP,2022-01-25,2Y,-0.0710
JP,2022-01-25,5Y,-0.0280
JP,2022-01-25,10Y,0.1410
JP,2022-01-25,30Y,0.7180
JP,2022-01-26,2Y,-0.0710
JP,2022-01-26,5Y,-0.0220
JP,2022-01-26,10Y,0.1410
JP,2022-01-26,30Y,0.7190
JP,2022-01-27,2Y,-0.0550
JP,2022-01-27,5Y,-0.0120
JP,2022-01-27,10Y,0.1610
JP,2022-01-27,30Y,0.7360
JP,2022-01-28,2Y,-0.0550
JP,2022-01-28,5Y,-0.0170
JP,2022-01-28,10Y,0.1720
JP,2022-01-28,30Y,0.7510
JP,2022-01-31,2Y,-0.0550
JP,2022-01-31,5Y,-0.0170
JP,2022-01-31,10Y,0.1770
JP,2022-01-31,30Y,0.7680
JP,2022-02-01,2Y,-0.0500
JP,2022-02-01,5Y,0.0000
JP,2022-02-01,10Y,0.1870
JP,2022-02-01,30Y,0.7820
JP,2022-02-02,2Y,-0.0500
JP,2022-02-02,5Y,-0.0060
JP,2022-02-02,10Y,0.1820
JP,2022-02-02,30Y,0.7910
JP,2022-02-03,2Y,-0.0500
JP,2022-02-03,5Y,-0.0060
JP,2022-02-03,10Y,0.1820
JP,2022-02-03,30Y,0.7780
JP,2022-02-04,2Y,-0.0450
JP,2022-02-04,5Y,0.0080
JP,2022-02-04,10Y,0.2030
JP,2022-02-04,30Y,0.7920
JP,2022-02-07,2Y,-0.0450
JP,2022-02-07,5Y,0.0080
JP,2022-02-07,10Y,0.2020
JP,2022-02-07,30Y,0.8140
JP,2022-02-08,2Y,-0.0400
JP,2022-02-08,5Y,0.0190
JP,2022-02-08,10Y,0.2130
JP,2022-02-08,30Y,0.8410
JP,2022-02-09,2Y,-0.0400
JP,2022-02-09,5Y,0.0190
JP,2022-02-09,10Y,0.2120
JP,2022-02-09,30Y,0.8180
JP,2022-02-10,2Y,-0.0310
JP,2022-02-10,5Y,0.0350
JP,2022-02-10,10Y,0.2330
JP,2022-02-10,30Y,0.8540
JP,2022-02-14,2Y,-0.0290
JP,2022-02-14,5Y,0.0390
JP,2022-02-14,10Y,0.2230
JP,2022-02-14,30Y,0.8670
JP,2022-02-15,2Y,-0.0240
JP,2022-02-15,5Y,0.0440
JP,2022-02-15,10Y,0.2190
JP,2022-02-15,30Y,0.8770
JP,2022-02-16,2Y,-0.0190
JP,2022-02-16,5Y,0.0550
JP,2022-02-16,10Y,0.2230
JP,2022-02-16,30Y,0.9060
JP,2022-02-17,2Y,-0.0080
JP,2022-02-17,5Y,0.0610
JP,2022-02-17,10Y,0.2270
JP,2022-02-17,30Y,0.9590
JP,2022-02-18,2Y,-0.0080
JP,2022-02-18,5Y,0.0540
JP,2022-02-18,10Y,0.2230
JP,2022-02-18,30Y,0.9110
JP,2022-02-21,2Y,-0.0150
JP,2022-02-21,5Y,0.0440
JP,2022-02-21,10Y,0.2130
JP,2022-02-21,30Y,0.8720
JP,2022-02-22,2Y,-0.0260
JP,2022-02-22,5Y,0.0250
JP,2022-02-22,10Y,0.1970
JP,2022-02-22,30Y,0.8450
JP,2022-02-24,2Y,-0.0260
JP,2022-02-24,5Y,0.0250
JP,2022-02-24,10Y,0.1930
JP,2022-02-24,30Y,0.8590
JP,2022-02-25,2Y,-0.0250
JP,2022-02-25,5Y,0.0350
JP,2022-02-25,10Y,0.2140
JP,2022-02-25,30Y,0.8980
JP,2022-02-28,2Y,-0.0350
JP,2022-02-28,5Y,0.0120
JP,2022-02-28,10Y,0.1910
JP,2022-02-28,30Y,0.8670
JP,2022-03-01,2Y,-0.0350
JP,2022-03-01,5Y,0.0100
JP,2022-03-01,10Y,0.1860
JP,2022-03-01,30Y,0.8760
JP,2022-03-02,2Y,-0.0450
JP,2022-03-02,5Y,-0.0220
JP,2022-03-02,10Y,0.1440
JP,2022-03-02,30Y,0.8400
JP,2022-03-03,2Y,-0.0350
JP,2022-03-03,5Y,0.0030
JP,2022-03-03,10Y,0.1780
JP,2022-03-03,30Y,0.8410
JP,2022-03-04,2Y,-0.0400
JP,2022-03-04,5Y,0.0030
JP,2022-03-04,10Y,0.1640
JP,2022-03-04,30Y,0.8230
JP,2022-03-07,2Y,-0.0500
JP,2022-03-07,5Y,-0.0120
JP,2022-03-07,10Y,0.1530
JP,2022-03-07,30Y,0.8130
JP,2022-03-08,2Y,-0.0450
JP,2022-03-08,5Y,-0.0080
JP,2022-03-08,10Y,0.1650
JP,2022-03-08,30Y,0.8590
JP,2022-03-09,2Y,-0.0400
JP,2022-03-09,5Y,-0.0010
JP,2022-03-09,10Y,0.1740
JP,2022-03-09,30Y,0.8500
JP,2022-03-10,2Y,-0.0300
JP,2022-03-10,5Y,0.0200
JP,2022-03-10,10Y,0.1980
JP,2022-03-10,30Y,0.8590
JP,2022-03-11,2Y,-0.0300
JP,2022-03-11,5Y,0.0190
JP,2022-03-11,10Y,0.1930
JP,2022-03-11,30Y,0.8590
JP,2022-03-14,2Y,-0.0300
JP,2022-03-14,5Y,0.0300
JP,2022-03-14,10Y,0.2040
JP,2022-03-14,30Y,0.8490
JP,2022-03-15,2Y,-0.0250
JP,2022-03-15,5Y,0.0400
JP,2022-03-15,10Y,0.2190
JP,2022-03-15,30Y,0.8850
JP,2022-03-16,2Y,-0.0250
JP,2022-03-16,5Y,0.0340
JP,2022-03-16,10Y,0.2130
JP,2022-03-16,30Y,0.8760
JP,2022-03-17,2Y,-0.0250
JP,2022-03-17,5Y,0.0330
JP,2022-03-17,10Y,0.2130
JP,2022-03-17,30Y,0.8750
JP,2022-03-18,2Y,-0.0180
JP,2022-03-18,5Y,0.0400
JP,2022-03-18,10Y,0.2180
JP,2022-03-18,30Y,0.8730
JP,2022-03-22,2Y,-0.0180
JP,2022-03-22,5Y,0.0490
JP,2022-03-22,10Y,0.2290
JP,2022-03-22,30Y,0.8950
JP,2022-03-23,2Y,-0.0230
JP,2022-03-23,5Y,0.0500
JP,2022-03-23,10Y,0.2340
JP,2022-03-23,30Y,0.9130
JP,2022-03-24,2Y,-0.0230
JP,2022-03-24,5Y,0.0550
JP,2022-03-24,10Y,0.2430
JP,2022-03-24,30Y,0.9120
JP,2022-03-25,2Y,-0.0230
JP,2022-03-25,5Y,0.0560
JP,2022-03-25,10Y,0.2480
JP,2022-03-25,30Y,0.9380
JP,2022-03-28,2Y,-0.0180
JP,2022-03-28,5Y,0.0670
JP,2022-03-28,10Y,0.2630
JP,2022-03-28,30Y,0.9820
JP,2022-03-29,2Y,-0.0210
JP,2022-03-29,5Y,0.0760
JP,2022-03-29,10Y,0.2550
JP,2022-03-29,30Y,1.0290
JP,2022-03-30,2Y,-0.0310
JP,2022-03-30,5Y,0.0500
JP,2022-03-30,10Y,0.2240
JP,2022-03-30,30Y,0.9690
JP,2022-03-31,2Y,-0.0300
JP,2022-03-31,5Y,0.0360
JP,2022-03-31,10Y,0.2180
JP,2022-03-31,30Y,0.9060
JP,2022-04-01,2Y,-0.0400
JP,2022-04-01,5Y,0.0260
JP,2022-04-01,10Y,0.2260
JP,2022-04-01,30Y,0.9180
JP,2022-04-04,2Y,-0.0400
JP,2022-04-04,5Y,0.0220
JP,2022-04-04,10Y,0.2230
JP,2022-04-04,30Y,0.9280
JP,2022-04-05,2Y,-0.0400
JP,2022-04-05,5Y,0.0270
JP,2022-04-05,10Y,0.2120
JP,2022-04-05,30Y,0.9400
JP,2022-04-06,2Y,-0.0350
JP,2022-04-06,5Y,0.0470
JP,2022-04-06,10Y,0.2380
JP,2022-04-06,30Y,0.9910
JP,2022-04-07,2Y,-0.0400
JP,2022-04-07,5Y,0.0410
JP,2022-04-07,10Y,0.2320
JP,2022-04-07,30Y,0.9900
JP,2022-04-08,2Y,-0.0800
JP,2022-04-08,5Y,0.0240
JP,2022-04-08,10Y,0.2270
JP,2022-04-08,30Y,0.9690
JP,2022-04-11,2Y,-0.0860
JP,2022-04-11,5Y,0.0360
JP,2022-04-11,10Y,0.2360
JP,2022-04-11,30Y,0.9960
JP,2022-04-12,2Y,-0.0800
JP,2022-04-12,5Y,0.0280
JP,2022-04-12,10Y,0.2410
JP,2022-04-12,30Y,0.9960
JP,2022-04-13,2Y,-0.0650
JP,2022-04-13,5Y,0.0340
JP,2022-04-13,10Y,0.2360
JP,2022-04-13,30Y,0.9820
JP,2022-04-14,2Y,-0.0610
JP,2022-04-14,5Y,0.0280
JP,2022-04-14,10Y,0.2370
JP,2022-04-14,30Y,0.9470
JP,2022-04-15,2Y,-0.0610
JP,2022-04-15,5Y,0.0290
JP,2022-04-15,10Y,0.2420
JP,2022-04-15,30Y,0.9380
JP,2022-04-18,2Y,-0.0560
JP,2022-04-18,5Y,0.0290
JP,2022-04-18,10Y,0.2420
JP,2022-04-18,30Y,0.9610
JP,2022-04-19,2Y,-0.0460
JP,2022-04-19,5Y,0.0300
JP,2022-04-19,10Y,0.2440
JP,2022-04-19,30Y,0.9700
JP,2022-04-20,2Y,-0.0460
JP,2022-04-20,5Y,0.0370
JP,2022-04-20,10Y,0.2530
JP,2022-04-20,30Y,0.9840
JP,2022-04-21,2Y,-0.0490
JP,2022-04-21,5Y,0.0210
JP,2022-04-21,10Y,0.2490
JP,2022-04-21,30Y,0.9880
JP,2022-04-22,2Y,-0.0570
JP,2022-04-22,5Y,0.0210
JP,2022-04-22,10Y,0.2500
JP,2022-04-22,30Y,1.0150
JP,2022-04-25,2Y,-0.0520
JP,2022-04-25,5Y,0.0170
JP,2022-04-25,10Y,0.2500
JP,2022-04-25,30Y,1.0020
JP,2022-04-26,2Y,-0.0570
JP,2022-04-26,5Y,0.0160
JP,2022-04-26,10Y,0.2510
JP,2022-04-26,30Y,0.9880
JP,2022-04-27,2Y,-0.0560
JP,2022-04-27,5Y,0.0170
JP,2022-04-27,10Y,0.2500
JP,2022-04-27,30Y,0.9790
JP,2022-04-28,2Y,-0.0600
JP,2022-04-28,5Y,0.0050
JP,2022-04-28,10Y,0.2200
JP,2022-04-28,30Y,0.9740
JP,2022-05-02,2Y,-0.0500
JP,2022-05-02,5Y,0.0170
JP,2022-05-02,10Y,0.2310
JP,2022-05-02,30Y,0.9890
JP,2022-05-06,2Y,-0.0450
JP,2022-05-06,5Y,0.0240
JP,2022-05-06,10Y,0.2470
JP,2022-05-06,30Y,1.0120
JP,2022-05-09,2Y,-0.0460
JP,2022-05-09,5Y,0.0230
JP,2022-05-09,10Y,0.2530
JP,2022-05-09,30Y,1.0300
JP,2022-05-10,2Y,-0.0460
JP,2022-05-10,5Y,0.0230
JP,2022-05-10,10Y,0.2530
JP,2022-05-10,30Y,1.0290
JP,2022-05-11,2Y,-0.0460
JP,2022-05-11,5Y,0.0230
JP,2022-05-11,10Y,0.2530
JP,2022-05-11,30Y,1.0210
JP,2022-05-12,2Y,-0.0510
JP,2022-05-12,5Y,0.0180
JP,2022-05-12,10Y,0.2510
JP,2022-05-12,30Y,1.0070
JP,2022-05-13,2Y,-0.0570
JP,2022-05-13,5Y,0.0120
JP,2022-05-13,10Y,0.2470
JP,2022-05-13,30Y,0.9980
JP,2022-05-16,2Y,-0.0560
JP,2022-05-16,5Y,0.0190
JP,2022-05-16,10Y,0.2470
JP,2022-05-16,30Y,1.0020
JP,2022-05-17,2Y,-0.0560
JP,2022-05-17,5Y,0.0190
JP,2022-05-17,10Y,0.2470
JP,2022-05-17,30Y,1.0160
JP,2022-05-18,2Y,-0.0560
JP,2022-05-18,5Y,0.0220
JP,2022-05-18,10Y,0.2460
JP,2022-05-18,30Y,1.0210
JP,2022-05-19,2Y,-0.0560
JP,2022-05-19,5Y,0.0220
JP,2022-05-19,10Y,0.2460
JP,2022-05-19,30Y,1.0070
JP,2022-05-20,2Y,-0.0560
JP,2022-05-20,5Y,0.0180
JP,2022-05-20,10Y,0.2430
JP,2022-05-20,30Y,0.9890
JP,2022-05-23,2Y,-0.0620
JP,2022-05-23,5Y,0.0190
JP,2022-05-23,10Y,0.2440
JP,2022-05-23,30Y,0.9890
JP,2022-05-24,2Y,-0.0670
JP,2022-05-24,5Y,0.0080
JP,2022-05-24,10Y,0.2390
JP,2022-05-24,30Y,0.9700
JP,2022-05-25,2Y,-0.0750
JP,2022-05-25,5Y,-0.0080
JP,2022-05-25,10Y,0.2150
JP,2022-05-25,30Y,0.9620
JP,2022-05-26,2Y,-0.0620
JP,2022-05-26,5Y,0.0080
JP,2022-05-26,10Y,0.2400
JP,2022-05-26,30Y,1.0020
JP,2022-05-27,2Y,-0.0670
JP,2022-05-27,5Y,0.0040
JP,2022-05-27,10Y,0.2360
JP,2022-05-27,30Y,0.9890
JP,2022-05-30,2Y,-0.0680
JP,2022-05-30,5Y,0.0080
JP,2022-05-30,10Y,0.2410
JP,2022-05-30,30Y,1.0010
JP,2022-05-31,2Y,-0.0700
JP,2022-05-31,5Y,0.0100
JP,2022-05-31,10Y,0.2460
JP,2022-05-31,30Y,1.0210
JP,2022-06-01,2Y,-0.0750
JP,2022-06-01,5Y,-0.0010
JP,2022-06-01,10Y,0.2420
JP,2022-06-01,30Y,1.0340
JP,2022-06-02,2Y,-0.0700
JP,2022-06-02,5Y,0.0060
JP,2022-06-02,10Y,0.2510
JP,2022-06-02,30Y,1.0380
JP,2022-06-03,2Y,-0.0700
JP,2022-06-03,5Y,-0.0010
JP,2022-06-03,10Y,0.2410
JP,2022-06-03,30Y,1.0250
JP,2022-06-06,2Y,-0.0650
JP,2022-06-06,5Y,0.0060
JP,2022-06-06,10Y,0.2520
JP,2022-06-06,30Y,1.0290
JP,2022-06-07,2Y,-0.0700
JP,2022-06-07,5Y,0.0090
JP,2022-06-07,10Y,0.2570
JP,2022-06-07,30Y,1.0520
JP,2022-06-08,2Y,-0.0700
JP,2022-06-08,5Y,0.0030
JP,2022-06-08,10Y,0.2570
JP,2022-06-08,30Y,1.0550
JP,2022-06-09,2Y,-0.0750
JP,2022-06-09,5Y,0.0030
JP,2022-06-09,10Y,0.2550
JP,2022-06-09,30Y,1.0740
JP,2022-06-10,2Y,-0.0810
JP,2022-06-10,5Y,0.0070
JP,2022-06-10,10Y,0.2610
JP,2022-06-10,30Y,1.0790
JP,2022-06-13,2Y,-0.0510
JP,2022-06-13,5Y,0.0470
JP,2022-06-13,10Y,0.2640
JP,2022-06-13,30Y,1.1630
JP,2022-06-14,2Y,-0.0500
JP,2022-06-14,5Y,0.0920
JP,2022-06-14,10Y,0.2640
JP,2022-06-14,30Y,1.1570
JP,2022-06-15,2Y,-0.0600
JP,2022-06-15,5Y,0.0870
JP,2022-06-15,10Y,0.2710
JP,2022-06-15,30Y,1.2110
JP,2022-06-16,2Y,-0.0840
JP,2022-06-16,5Y,0.0460
JP,2022-06-16,10Y,0.2690
JP,2022-06-16,30Y,1.1480
JP,2022-06-17,2Y,-0.0710
JP,2022-06-17,5Y,0.0620
JP,2022-06-17,10Y,0.2390
JP,2022-06-17,30Y,1.1520
JP,2022-06-20,2Y,-0.0590
JP,2022-06-20,5Y,0.0820
JP,2022-06-20,10Y,0.2480
JP,2022-06-20,30Y,1.1880
JP,2022-06-21,2Y,-0.0660
JP,2022-06-21,5Y,0.0960
JP,2022-06-21,10Y,0.2520
JP,2022-06-21,30Y,1.2170
JP,2022-06-22,2Y,-0.0790
JP,2022-06-22,5Y,0.0870
JP,2022-06-22,10Y,0.2550
JP,2022-06-22,30Y,1.2260
JP,2022-06-23,2Y,-0.0850
JP,2022-06-23,5Y,0.0660
JP,2022-06-23,10Y,0.2460
JP,2022-06-23,30Y,1.2030
JP,2022-06-24,2Y,-0.0790
JP,2022-06-24,5Y,0.0490
JP,2022-06-24,10Y,0.2400
JP,2022-06-24,30Y,1.2110
JP,2022-06-27,2Y,-0.0660
JP,2022-06-27,5Y,0.0610
JP,2022-06-27,10Y,0.2520
JP,2022-06-27,30Y,1.2500
JP,2022-06-28,2Y,-0.0450
JP,2022-06-28,5Y,0.0680
JP,2022-06-28,10Y,0.2520
JP,2022-06-28,30Y,1.2570
JP,2022-06-29,2Y,-0.0500
JP,2022-06-29,5Y,0.0560
JP,2022-06-29,10Y,0.2460
JP,2022-06-29,30Y,1.2400
JP,2022-06-30,2Y,-0.0650
JP,2022-06-30,5Y,0.0420
JP,2022-06-30,10Y,0.2420
JP,2022-06-30,30Y,1.2130
JP,2022-07-01,2Y,-0.0700
JP,2022-07-01,5Y,0.0260
JP,2022-07-01,10Y,0.2290
JP,2022-07-01,30Y,1.2050
JP,2022-07-04,2Y,-0.0650
JP,2022-07-04,5Y,0.0310
JP,2022-07-04,10Y,0.2350
JP,2022-07-04,30Y,1.2280
JP,2022-07-05,2Y,-0.0600
JP,2022-07-05,5Y,0.0310
JP,2022-07-05,10Y,0.2530
JP,2022-07-05,30Y,1.2550
JP,2022-07-06,2Y,-0.0650
JP,2022-07-06,5Y,0.0250
JP,2022-07-06,10Y,0.2480
JP,2022-07-06,30Y,1.2370
JP,2022-07-07,2Y,-0.0710
JP,2022-07-07,5Y,0.0240
JP,2022-07-07,10Y,0.2490
JP,2022-07-07,30Y,1.2350
JP,2022-07-08,2Y,-0.0700
JP,2022-07-08,5Y,0.0350
JP,2022-07-08,10Y,0.2480
JP,2022-07-08,30Y,1.2490
JP,2022-07-11,2Y,-0.0700
JP,2022-07-11,5Y,0.0450
JP,2022-07-11,10Y,0.2440
JP,2022-07-11,30Y,1.2830
JP,2022-07-12,2Y,-0.0700
JP,2022-07-12,5Y,0.0390
JP,2022-07-12,10Y,0.2440
JP,2022-07-12,30Y,1.3010
JP,2022-07-13,2Y,-0.0760
JP,2022-07-13,5Y,0.0250
JP,2022-07-13,10Y,0.2350
JP,2022-07-13,30Y,1.2670
JP,2022-07-14,2Y,-0.0600
JP,2022-07-14,5Y,0.0360
JP,2022-07-14,10Y,0.2350
JP,2022-07-14,30Y,1.2490
JP,2022-07-15,2Y,-0.0610
JP,2022-07-15,5Y,0.0320
JP,2022-07-15,10Y,0.2350
JP,2022-07-15,30Y,1.2130
JP,2022-07-19,2Y,-0.0770
JP,2022-07-19,5Y,0.0260
JP,2022-07-19,10Y,0.2380
JP,2022-07-19,30Y,1.2670
JP,2022-07-20,2Y,-0.0770
JP,2022-07-20,5Y,0.0300
JP,2022-07-20,10Y,0.2440
JP,2022-07-20,30Y,1.2760
JP,2022-07-21,2Y,-0.0750
JP,2022-07-21,5Y,0.0200
JP,2022-07-21,10Y,0.2390
JP,2022-07-21,30Y,1.2630
JP,2022-07-22,2Y,-0.0770
JP,2022-07-22,5Y,0.0100
JP,2022-07-22,10Y,0.2220
JP,2022-07-22,30Y,1.2370
JP,2022-07-25,2Y,-0.0750
JP,2022-07-25,5Y,0.0020
JP,2022-07-25,10Y,0.2080
JP,2022-07-25,30Y,1.2220
JP,2022-07-26,2Y,-0.0770
JP,2022-07-26,5Y,0.0020
JP,2022-07-26,10Y,0.2150
JP,2022-07-26,30Y,1.1880
JP,2022-07-27,2Y,-0.0780
JP,2022-07-27,5Y,0.0020
JP,2022-07-27,10Y,0.2110
JP,2022-07-27,30Y,1.1740
JP,2022-07-28,2Y,-0.0760
JP,2022-07-28,5Y,-0.0080
JP,2022-07-28,10Y,0.2090
JP,2022-07-28,30Y,1.2180
JP,2022-07-29,2Y,-0.0900
JP,2022-07-29,5Y,-0.0250
JP,2022-07-29,10Y,0.1850
JP,2022-07-29,30Y,1.2040
JP,2022-08-01,2Y,-0.0900
JP,2022-08-01,5Y,-0.0180
JP,2022-08-01,10Y,0.1900
JP,2022-08-01,30Y,1.2380
JP,2022-08-02,2Y,-0.0900
JP,2022-08-02,5Y,-0.0240
JP,2022-08-02,10Y,0.1800
JP,2022-08-02,30Y,1.2020
JP,2022-08-03,2Y,-0.0850
JP,2022-08-03,5Y,-0.0130
JP,2022-08-03,10Y,0.1950
JP,2022-08-03,30Y,1.2200
JP,2022-08-04,2Y,-0.0950
JP,2022-08-04,5Y,-0.0240
JP,2022-08-04,10Y,0.1810
JP,2022-08-04,30Y,1.1970
JP,2022-08-05,2Y,-0.1000
JP,2022-08-05,5Y,-0.0330
JP,2022-08-05,10Y,0.1720
JP,2022-08-05,30Y,1.1700
JP,2022-08-08,2Y,-0.1010
JP,2022-08-08,5Y,-0.0280
JP,2022-08-08,10Y,0.1820
JP,2022-08-08,30Y,1.1620
JP,2022-08-09,2Y,-0.1010
JP,2022-08-09,5Y,-0.0330
JP,2022-08-09,10Y,0.1720
JP,2022-08-09,30Y,1.1350
JP,2022-08-10,2Y,-0.0900
JP,2022-08-10,5Y,-0.0080
JP,2022-08-10,10Y,0.2020
JP,2022-08-10,30Y,1.1300
JP,2022-08-12,2Y,-0.0860
JP,2022-08-12,5Y,-0.0030
JP,2022-08-12,10Y,0.1970
JP,2022-08-12,30Y,1.1200
JP,2022-08-15,2Y,-0.0850
JP,2022-08-15,5Y,0.0030
JP,2022-08-15,10Y,0.1970
JP,2022-08-15,30Y,1.1350
JP,2022-08-16,2Y,-0.0900
JP,2022-08-16,5Y,-0.0070
JP,2022-08-16,10Y,0.1780
JP,2022-08-16,30Y,1.1020
JP,2022-08-17,2Y,-0.0900
JP,2022-08-17,5Y,-0.0030
JP,2022-08-17,10Y,0.1920
JP,2022-08-17,30Y,1.0880
JP,2022-08-18,2Y,-0.0860
JP,2022-08-18,5Y,0.0080
JP,2022-08-18,10Y,0.2080
JP,2022-08-18,30Y,1.1210
JP,2022-08-19,2Y,-0.0860
JP,2022-08-19,5Y,0.0050
JP,2022-08-19,10Y,0.2080
JP,2022-08-19,30Y,1.0980
JP,2022-08-22,2Y,-0.0810
JP,2022-08-22,5Y,0.0220
JP,2022-08-22,10Y,0.2350
JP,2022-08-22,30Y,1.1490
JP,2022-08-23,2Y,-0.0860
JP,2022-08-23,5Y,0.0160
JP,2022-08-23,10Y,0.2310
JP,2022-08-23,30Y,1.1720
JP,2022-08-24,2Y,-0.0860
JP,2022-08-24,5Y,0.0280
JP,2022-08-24,10Y,0.2360
JP,2022-08-24,30Y,1.1680
JP,2022-08-25,2Y,-0.0870
JP,2022-08-25,5Y,0.0350
JP,2022-08-25,10Y,0.2410
JP,2022-08-25,30Y,1.1720
JP,2022-08-26,2Y,-0.0870
JP,2022-08-26,5Y,0.0230
JP,2022-08-26,10Y,0.2300
JP,2022-08-26,30Y,1.1680
JP,2022-08-29,2Y,-0.0790
JP,2022-08-29,5Y,0.0410
JP,2022-08-29,10Y,0.2540
JP,2022-08-29,30Y,1.2130
JP,2022-08-30,2Y,-0.0900
JP,2022-08-30,5Y,0.0190
JP,2022-08-30,10Y,0.2340
JP,2022-08-30,30Y,1.2130
JP,2022-08-31,2Y,-0.0850
JP,2022-08-31,5Y,0.0190
JP,2022-08-31,10Y,0.2350
JP,2022-08-31,30Y,1.2040
JP,2022-09-01,2Y,-0.0800
JP,2022-09-01,5Y,0.0300
JP,2022-09-01,10Y,0.2500
JP,2022-09-01,30Y,1.2360
JP,2022-09-02,2Y,-0.0850
JP,2022-09-02,5Y,0.0380
JP,2022-09-02,10Y,0.2500
JP,2022-09-02,30Y,1.2730
JP,2022-09-05,2Y,-0.0850
JP,2022-09-05,5Y,0.0260
JP,2022-09-05,10Y,0.2450
JP,2022-09-05,30Y,1.2540
JP,2022-09-06,2Y,-0.0810
JP,2022-09-06,5Y,0.0370
JP,2022-09-06,10Y,0.2530
JP,2022-09-06,30Y,1.2630
JP,2022-09-07,2Y,-0.0810
JP,2022-09-07,5Y,0.0430
JP,2022-09-07,10Y,0.2630
JP,2022-09-07,30Y,1.3070
JP,2022-09-08,2Y,-0.0810
JP,2022-09-08,5Y,0.0460
JP,2022-09-08,10Y,0.2630
JP,2022-09-08,30Y,1.3030
JP,2022-09-09,2Y,-0.0810
JP,2022-09-09,5Y,0.0630
JP,2022-09-09,10Y,0.2650
JP,2022-09-09,30Y,1.3160
JP,2022-09-12,2Y,-0.0760
JP,2022-09-12,5Y,0.0670
JP,2022-09-12,10Y,0.2650
JP,2022-09-12,30Y,1.2890
JP,2022-09-13,2Y,-0.0760
JP,2022-09-13,5Y,0.0470
JP,2022-09-13,10Y,0.2600
JP,2022-09-13,30Y,1.2360
JP,2022-09-14,2Y,-0.0760
JP,2022-09-14,5Y,0.0590
JP,2022-09-14,10Y,0.2700
JP,2022-09-14,30Y,1.1990
JP,2022-09-15,2Y,-0.0760
JP,2022-09-15,5Y,0.0630
JP,2022-09-15,10Y,0.2720
JP,2022-09-15,30Y,1.2620
JP,2022-09-16,2Y,-0.0710
JP,2022-09-16,5Y,0.0690
JP,2022-09-16,10Y,0.2730
JP,2022-09-16,30Y,1.2930
JP,2022-09-20,2Y,-0.0700
JP,2022-09-20,5Y,0.0690
JP,2022-09-20,10Y,0.2740
JP,2022-09-20,30Y,1.3170
JP,2022-09-21,2Y,-0.0550
JP,2022-09-21,5Y,0.0850
JP,2022-09-21,10Y,0.2870
JP,2022-09-21,30Y,1.3210
JP,2022-09-22,2Y,-0.0660
JP,2022-09-22,5Y,0.0640
JP,2022-09-22,10Y,0.2700
JP,2022-09-22,30Y,1.3120
JP,2022-09-26,2Y,-0.0560
JP,2022-09-26,5Y,0.0920
JP,2022-09-26,10Y,0.2870
JP,2022-09-26,30Y,1.3790
JP,2022-09-27,2Y,-0.0450
JP,2022-09-27,5Y,0.1140
JP,2022-09-27,10Y,0.2940
JP,2022-09-27,30Y,1.4270
JP,2022-09-28,2Y,-0.0400
JP,2022-09-28,5Y,0.1000
JP,2022-09-28,10Y,0.2840
JP,2022-09-28,30Y,1.4620
JP,2022-09-29,2Y,-0.0500
JP,2022-09-29,5Y,0.0950
JP,2022-09-29,10Y,0.2830
JP,2022-09-29,30Y,1.3960
JP,2022-09-30,2Y,-0.0500
JP,2022-09-30,5Y,0.0880
JP,2022-09-30,10Y,0.2770
JP,2022-09-30,30Y,1.3910
JP,2022-10-03,2Y,-0.0550
JP,2022-10-03,5Y,0.0720
JP,2022-10-03,10Y,0.2670
JP,2022-10-03,30Y,1.3300
JP,2022-10-04,2Y,-0.0600
JP,2022-10-04,5Y,0.0560
JP,2022-10-04,10Y,0.2490
JP,2022-10-04,30Y,1.3250
JP,2022-10-05,2Y,-0.0650
JP,2022-10-05,5Y,0.0560
JP,2022-10-05,10Y,0.2490
JP,2022-10-05,30Y,1.3440
JP,2022-10-06,2Y,-0.0700
JP,2022-10-06,5Y,0.0560
JP,2022-10-06,10Y,0.2490
JP,2022-10-06,30Y,1.3580
JP,2022-10-07,2Y,-0.0650
JP,2022-10-07,5Y,0.0660
JP,2022-10-07,10Y,0.2500
JP,2022-10-07,30Y,1.3690
JP,2022-10-11,2Y,-0.0540
JP,2022-10-11,5Y,0.0820
JP,2022-10-11,10Y,0.2560
JP,2022-10-11,30Y,1.4350
JP,2022-10-12,2Y,-0.0540
JP,2022-10-12,5Y,0.0800
JP,2022-10-12,10Y,0.2570
JP,2022-10-12,30Y,1.4680
JP,2022-10-13,2Y,-0.0500
JP,2022-10-13,5Y,0.0900
JP,2022-10-13,10Y,0.2520
JP,2022-10-13,30Y,1.4650
JP,2022-10-14,2Y,-0.0500
JP,2022-10-14,5Y,0.0860
JP,2022-10-14,10Y,0.2530
JP,2022-10-14,30Y,1.4560
JP,2022-10-17,2Y,-0.0500
JP,2022-10-17,5Y,0.0970
JP,2022-10-17,10Y,0.2590
JP,2022-10-17,30Y,1.4950
JP,2022-10-18,2Y,-0.0500
JP,2022-10-18,5Y,0.0970
JP,2022-10-18,10Y,0.2590
JP,2022-10-18,30Y,1.4990
JP,2022-10-19,2Y,-0.0340
JP,2022-10-19,5Y,0.1120
JP,2022-10-19,10Y,0.2590
JP,2022-10-19,30Y,1.4950
JP,2022-10-20,2Y,-0.0210
JP,2022-10-20,5Y,0.1320
JP,2022-10-20,10Y,0.2610
JP,2022-10-20,30Y,1.5070
JP,2022-10-21,2Y,-0.0030
JP,2022-10-21,5Y,0.1420
JP,2022-10-21,10Y,0.2610
JP,2022-10-21,30Y,1.5580
JP,2022-10-24,2Y,0.0010
JP,2022-10-24,5Y,0.1430
JP,2022-10-24,10Y,0.2630
JP,2022-10-24,30Y,1.6170
JP,2022-10-25,2Y,-0.0080
JP,2022-10-25,5Y,0.1230
JP,2022-10-25,10Y,0.2630
JP,2022-10-25,30Y,1.5490
JP,2022-10-26,2Y,-0.0190
JP,2022-10-26,5Y,0.0980
JP,2022-10-26,10Y,0.2640
JP,2022-10-26,30Y,1.5280
JP,2022-10-27,2Y,-0.0440
JP,2022-10-27,5Y,0.0700
JP,2022-10-27,10Y,0.2650
JP,2022-10-27,30Y,1.4690
JP,2022-10-28,2Y,-0.0490
JP,2022-10-28,5Y,0.0770
JP,2022-10-28,10Y,0.2540
JP,2022-10-28,30Y,1.4380
JP,2022-10-31,2Y,-0.0450
JP,2022-10-31,5Y,0.0820
JP,2022-10-31,10Y,0.2530
JP,2022-10-31,30Y,1.4170
JP,2022-11-01,2Y,-0.0450
JP,2022-11-01,5Y,0.0780
JP,2022-11-01,10Y,0.2640
JP,2022-11-01,30Y,1.4820
JP,2022-11-02,2Y,-0.0400
JP,2022-11-02,5Y,0.0820
JP,2022-11-02,10Y,0.2580
JP,2022-11-02,30Y,1.5180
JP,2022-11-04,2Y,-0.0400
JP,2022-11-04,5Y,0.0940
JP,2022-11-04,10Y,0.2630
JP,2022-11-04,30Y,1.5400
JP,2022-11-07,2Y,-0.0400
JP,2022-11-07,5Y,0.0940
JP,2022-11-07,10Y,0.2650
JP,2022-11-07,30Y,1.5560
JP,2022-11-08,2Y,-0.0400
JP,2022-11-08,5Y,0.0950
JP,2022-11-08,10Y,0.2670
JP,2022-11-08,30Y,1.5700
JP,2022-11-09,2Y,-0.0500
JP,2022-11-09,5Y,0.0800
JP,2022-11-09,10Y,0.2670
JP,2022-11-09,30Y,1.4970
JP,2022-11-10,2Y,-0.0500
JP,2022-11-10,5Y,0.0750
JP,2022-11-10,10Y,0.2630
JP,2022-11-10,30Y,1.5060
JP,2022-11-11,2Y,-0.0560
JP,2022-11-11,5Y,0.0540
JP,2022-11-11,10Y,0.2520
JP,2022-11-11,30Y,1.4370
JP,2022-11-14,2Y,-0.0500
JP,2022-11-14,5Y,0.0680
JP,2022-11-14,10Y,0.2590
JP,2022-11-14,30Y,1.4850
JP,2022-11-15,2Y,-0.0470
JP,2022-11-15,5Y,0.0740
JP,2022-11-15,10Y,0.2590
JP,2022-11-15,30Y,1.4540
JP,2022-11-16,2Y,-0.0420
JP,2022-11-16,5Y,0.0750
JP,2022-11-16,10Y,0.2600
JP,2022-11-16,30Y,1.4370
JP,2022-11-17,2Y,-0.0410
JP,2022-11-17,5Y,0.0770
JP,2022-11-17,10Y,0.2610
JP,2022-11-17,30Y,1.4020
JP,2022-11-18,2Y,-0.0190
JP,2022-11-18,5Y,0.0910
JP,2022-11-18,10Y,0.2670
JP,2022-11-18,30Y,1.4100
JP,2022-11-21,2Y,-0.0140
JP,2022-11-21,5Y,0.0910
JP,2022-11-21,10Y,0.2630
JP,2022-11-21,30Y,1.4450
JP,2022-11-22,2Y,-0.0190
JP,2022-11-22,5Y,0.0860
JP,2022-11-22,10Y,0.2630
JP,2022-11-22,30Y,1.4550
JP,2022-11-24,2Y,-0.0240
JP,2022-11-24,5Y,0.0800
JP,2022-11-24,10Y,0.2680
JP,2022-11-24,30Y,1.4460
JP,2022-11-25,2Y,-0.0180
JP,2022-11-25,5Y,0.1040
JP,2022-11-25,10Y,0.2750
JP,2022-11-25,30Y,1.4740
JP,2022-11-28,2Y,-0.0190
JP,2022-11-28,5Y,0.1040
JP,2022-11-28,10Y,0.2780
JP,2022-11-28,30Y,1.4790
JP,2022-11-29,2Y,-0.0300
JP,2022-11-29,5Y,0.1200
JP,2022-11-29,10Y,0.2780
JP,2022-11-29,30Y,1.5090
JP,2022-11-30,2Y,-0.0300
JP,2022-11-30,5Y,0.1200
JP,2022-11-30,10Y,0.2760
JP,2022-11-30,30Y,1.5000
JP,2022-12-01,2Y,-0.0300
JP,2022-12-01,5Y,0.1090
JP,2022-12-01,10Y,0.2760
JP,2022-12-01,30Y,1.5050
JP,2022-12-02,2Y,-0.0250
JP,2022-12-02,5Y,0.1160
JP,2022-12-02,10Y,0.2790
JP,2022-12-02,30Y,1.4820
JP,2022-12-05,2Y,-0.0200
JP,2022-12-05,5Y,0.1260
JP,2022-12-05,10Y,0.2810
JP,2022-12-05,30Y,1.4780
JP,2022-12-06,2Y,-0.0100
JP,2022-12-06,5Y,0.1400
JP,2022-12-06,10Y,0.2820
JP,2022-12-06,30Y,1.4730
JP,2022-12-07,2Y,-0.0090
JP,2022-12-07,5Y,0.1330
JP,2022-12-07,10Y,0.2810
JP,2022-12-07,30Y,1.4660
JP,2022-12-08,2Y,-0.0090
JP,2022-12-08,5Y,0.1340
JP,2022-12-08,10Y,0.2780
JP,2022-12-08,30Y,1.4400
JP,2022-12-09,2Y,-0.0150
JP,2022-12-09,5Y,0.1260
JP,2022-12-09,10Y,0.2770
JP,2022-12-09,30Y,1.4010
JP,2022-12-12,2Y,-0.0140
JP,2022-12-12,5Y,0.1350
JP,2022-12-12,10Y,0.2800
JP,2022-12-12,30Y,1.4300
JP,2022-12-13,2Y,-0.0150
JP,2022-12-13,5Y,0.1360
JP,2022-12-13,10Y,0.2780
JP,2022-12-13,30Y,1.4030
JP,2022-12-14,2Y,-0.0150
JP,2022-12-14,5Y,0.1310
JP,2022-12-14,10Y,0.2770
JP,2022-12-14,30Y,1.3950
JP,2022-12-15,2Y,-0.0150
JP,2022-12-15,5Y,0.1390
JP,2022-12-15,10Y,0.2810
JP,2022-12-15,30Y,1.4170
JP,2022-12-16,2Y,-0.0190
JP,2022-12-16,5Y,0.1390
JP,2022-12-16,10Y,0.2800
JP,2022-12-16,30Y,1.4660
JP,2022-12-19,2Y,-0.0090
JP,2022-12-19,5Y,0.1540
JP,2022-12-19,10Y,0.2820
JP,2022-12-19,30Y,1.5100
JP,2022-12-20,2Y,0.0110
JP,2022-12-20,5Y,0.1950
JP,2022-12-20,10Y,0.4320
JP,2022-12-20,30Y,1.5530
JP,2022-12-21,2Y,-0.0090
JP,2022-12-21,5Y,0.2610
JP,2022-12-21,10Y,0.5170
JP,2022-12-21,30Y,1.5280
JP,2022-12-22,2Y,0.0020
JP,2022-12-22,5Y,0.2350
JP,2022-12-22,10Y,0.4310
JP,2022-12-22,30Y,1.5200
JP,2022-12-23,2Y,0.0140
JP,2022-12-23,5Y,0.2170
JP,2022-12-23,10Y,0.4240
JP,2022-12-23,30Y,1.4950
JP,2022-12-26,2Y,0.0330
JP,2022-12-26,5Y,0.2570
JP,2022-12-26,10Y,0.4820
JP,2022-12-26,30Y,1.4950
JP,2022-12-27,2Y,0.0380
JP,2022-12-27,5Y,0.2620
JP,2022-12-27,10Y,0.5010
JP,2022-12-27,30Y,1.5200
JP,2022-12-28,2Y,0.0390
JP,2022-12-28,5Y,0.2620
JP,2022-12-28,10Y,0.4930
JP,2022-12-28,30Y,1.5490
JP,2022-12-29,2Y,0.0390
JP,2022-12-29,5Y,0.2620
JP,2022-12-29,10Y,0.4890
JP,2022-12-29,30Y,1.5860
JP,2022-12-30,2Y,0.0300
JP,2022-12-30,5Y,0.2530
JP,2022-12-30,10Y,0.4540
JP,2022-12-30,30Y,1.5780
JP,2023-01-04,2Y,0.0250
JP,2023-01-04,5Y,0.2460
JP,2023-01-04,10Y,0.4910
JP,2023-01-04,30Y,1.6100
JP,2023-01-05,2Y,0.0150
JP,2023-01-05,5Y,0.2340
JP,2023-01-05,10Y,0.5080
JP,2023-01-05,30Y,1.5860
JP,2023-01-06,2Y,0.0110
JP,2023-01-06,5Y,0.2300
JP,2023-01-06,10Y,0.5080
JP,2023-01-06,30Y,1.5730
JP,2023-01-10,2Y,0.0260
JP,2023-01-10,5Y,0.2580
JP,2023-01-10,10Y,0.5090
JP,2023-01-10,30Y,1.6170
JP,2023-01-11,2Y,0.0260
JP,2023-01-11,5Y,0.2620
JP,2023-01-11,10Y,0.5090
JP,2023-01-11,30Y,1.6090
JP,2023-01-12,2Y,0.0410
JP,2023-01-12,5Y,0.3020
JP,2023-01-12,10Y,0.5090
JP,2023-01-12,30Y,1.6490
JP,2023-01-13,2Y,0.0320
JP,2023-01-13,5Y,0.3280
JP,2023-01-13,10Y,0.5080
JP,2023-01-13,30Y,1.6100
JP,2023-01-16,2Y,0.0320
JP,2023-01-16,5Y,0.3190
JP,2023-01-16,10Y,0.5100
JP,2023-01-16,30Y,1.5590
JP,2023-01-17,2Y,0.0410
JP,2023-01-17,5Y,0.3290
JP,2023-01-17,10Y,0.5120
JP,2023-01-17,30Y,1.5460
JP,2023-01-18,2Y,0.0060
JP,2023-01-18,5Y,0.2380
JP,2023-01-18,10Y,0.4300
JP,2023-01-18,30Y,1.5340
JP,2023-01-19,2Y,-0.0010
JP,2023-01-19,5Y,0.2230
JP,2023-01-19,10Y,0.4220
JP,2023-01-19,30Y,1.5550
JP,2023-01-20,2Y,-0.0040
JP,2023-01-20,5Y,0.1980
JP,2023-01-20,10Y,0.4180
JP,2023-01-20,30Y,1.5600
JP,2023-01-23,2Y,-0.0150
JP,2023-01-23,5Y,0.1680
JP,2023-01-23,10Y,0.3960
JP,2023-01-23,30Y,1.5610
JP,2023-01-24,2Y,-0.0050
JP,2023-01-24,5Y,0.1850
JP,2023-01-24,10Y,0.4270
JP,2023-01-24,30Y,1.5420
JP,2023-01-25,2Y,-0.0100
JP,2023-01-25,5Y,0.1890
JP,2023-01-25,10Y,0.4570
JP,2023-01-25,30Y,1.5350
JP,2023-01-26,2Y,-0.0090
JP,2023-01-26,5Y,0.1890
JP,2023-01-26,10Y,0.4830
JP,2023-01-26,30Y,1.5260
JP,2023-01-27,2Y,0.0010
JP,2023-01-27,5Y,0.2000
JP,2023-01-27,10Y,0.4970
JP,2023-01-27,30Y,1.5740
JP,2023-01-30,2Y,-0.0040
JP,2023-01-30,5Y,0.1870
JP,2023-01-30,10Y,0.4970
JP,2023-01-30,30Y,1.5960
JP,2023-01-31,2Y,-0.0100
JP,2023-01-31,5Y,0.1980
JP,2023-01-31,10Y,0.5110
JP,2023-01-31,30Y,1.6000
JP,2023-02-01,2Y,-0.0200
JP,2023-02-01,5Y,0.1920
JP,2023-02-01,10Y,0.5000
JP,2023-02-01,30Y,1.5700
JP,2023-02-02,2Y,-0.0200
JP,2023-02-02,5Y,0.1920
JP,2023-02-02,10Y,0.5150
JP,2023-02-02,30Y,1.5310
JP,2023-02-03,2Y,-0.0300
JP,2023-02-03,5Y,0.1670
JP,2023-02-03,10Y,0.5030
JP,2023-02-03,30Y,1.5310
JP,2023-02-06,2Y,-0.0250
JP,2023-02-06,5Y,0.1790
JP,2023-02-06,10Y,0.5110
JP,2023-02-06,30Y,1.5390
JP,2023-02-07,2Y,-0.0290
JP,2023-02-07,5Y,0.1900
JP,2023-02-07,10Y,0.5110
JP,2023-02-07,30Y,1.5610
JP,2023-02-08,2Y,-0.0290
JP,2023-02-08,5Y,0.2000
JP,2023-02-08,10Y,0.5110
JP,2023-02-08,30Y,1.5440
JP,2023-02-09,2Y,-0.0350
JP,2023-02-09,5Y,0.2140
JP,2023-02-09,10Y,0.5110
JP,2023-02-09,30Y,1.5440
JP,2023-02-10,2Y,-0.0450
JP,2023-02-10,5Y,0.2150
JP,2023-02-10,10Y,0.5140
JP,2023-02-10,30Y,1.5620
JP,2023-02-13,2Y,-0.0550
JP,2023-02-13,5Y,0.2020
JP,2023-02-13,10Y,0.5240
JP,2023-02-13,30Y,1.5090
JP,2023-02-14,2Y,-0.0560
JP,2023-02-14,5Y,0.2080
JP,2023-02-14,10Y,0.5240
JP,2023-02-14,30Y,1.5050
JP,2023-02-15,2Y,-0.0510
JP,2023-02-15,5Y,0.2080
JP,2023-02-15,10Y,0.5250
JP,2023-02-15,30Y,1.4820
JP,2023-02-16,2Y,-0.0470
JP,2023-02-16,5Y,0.2260
JP,2023-02-16,10Y,0.5260
JP,2023-02-16,30Y,1.4860
JP,2023-02-17,2Y,-0.0470
JP,2023-02-17,5Y,0.2270
JP,2023-02-17,10Y,0.5280
JP,2023-02-17,30Y,1.5030
JP,2023-02-20,2Y,-0.0430
JP,2023-02-20,5Y,0.2350
JP,2023-02-20,10Y,0.5300
JP,2023-02-20,30Y,1.5070
JP,2023-02-21,2Y,-0.0290
JP,2023-02-21,5Y,0.2550
JP,2023-02-21,10Y,0.5310
JP,2023-02-21,30Y,1.5040
JP,2023-02-22,2Y,-0.0290
JP,2023-02-22,5Y,0.2610
JP,2023-02-22,10Y,0.5310
JP,2023-02-22,30Y,1.4730
JP,2023-02-24,2Y,-0.0290
JP,2023-02-24,5Y,0.2380
JP,2023-02-24,10Y,0.5300
JP,2023-02-24,30Y,1.4640
JP,2023-02-27,2Y,-0.0280
JP,2023-02-27,5Y,0.2450
JP,2023-02-27,10Y,0.5320
JP,2023-02-27,30Y,1.4550
JP,2023-02-28,2Y,-0.0260
JP,2023-02-28,5Y,0.2290
JP,2023-02-28,10Y,0.5240
JP,2023-02-28,30Y,1.3930
JP,2023-03-01,2Y,-0.0350
JP,2023-03-01,5Y,0.2190
JP,2023-03-01,10Y,0.5250
JP,2023-03-01,30Y,1.3890
JP,2023-03-02,2Y,-0.0350
JP,2023-03-02,5Y,0.2160
JP,2023-03-02,10Y,0.5270
JP,2023-03-02,30Y,1.4160
JP,2023-03-03,2Y,-0.0400
JP,2023-03-03,5Y,0.2130
JP,2023-03-03,10Y,0.5270
JP,2023-03-03,30Y,1.4430
JP,2023-03-06,2Y,-0.0390
JP,2023-03-06,5Y,0.2290
JP,2023-03-06,10Y,0.5300
JP,2023-03-06,30Y,1.4390
JP,2023-03-07,2Y,-0.0390
JP,2023-03-07,5Y,0.2190
JP,2023-03-07,10Y,0.5280
JP,2023-03-07,30Y,1.4480
JP,2023-03-08,2Y,-0.0400
JP,2023-03-08,5Y,0.2240
JP,2023-03-08,10Y,0.5290
JP,2023-03-08,30Y,1.4750
JP,2023-03-09,2Y,-0.0190
JP,2023-03-09,5Y,0.2470
JP,2023-03-09,10Y,0.5300
JP,2023-03-09,30Y,1.4750
JP,2023-03-10,2Y,-0.0300
JP,2023-03-10,5Y,0.2120
JP,2023-03-10,10Y,0.4280
JP,2023-03-10,30Y,1.4230
JP,2023-03-13,2Y,-0.0250
JP,2023-03-13,5Y,0.1920
JP,2023-03-13,10Y,0.3420
JP,2023-03-13,30Y,1.3350
JP,2023-03-14,2Y,-0.0400
JP,2023-03-14,5Y,0.1350
JP,2023-03-14,10Y,0.3140
JP,2023-03-14,30Y,1.2060
JP,2023-03-15,2Y,-0.0510
JP,2023-03-15,5Y,0.1450
JP,2023-03-15,10Y,0.3600
JP,2023-03-15,30Y,1.3230
JP,2023-03-16,2Y,-0.0700
JP,2023-03-16,5Y,0.1210
JP,2023-03-16,10Y,0.3250
JP,2023-03-16,30Y,1.3120
JP,2023-03-17,2Y,-0.0750
JP,2023-03-17,5Y,0.1160
JP,2023-03-17,10Y,0.3170
JP,2023-03-17,30Y,1.3300
JP,2023-03-20,2Y,-0.0770
JP,2023-03-20,5Y,0.0710
JP,2023-03-20,10Y,0.2810
JP,2023-03-20,30Y,1.2770
JP,2023-03-22,2Y,-0.0560
JP,2023-03-22,5Y,0.1140
JP,2023-03-22,10Y,0.3780
JP,2023-03-22,30Y,1.3400
JP,2023-03-23,2Y,-0.0630
JP,2023-03-23,5Y,0.0920
JP,2023-03-23,10Y,0.3390
JP,2023-03-23,30Y,1.3470
JP,2023-03-24,2Y,-0.0670
JP,2023-03-24,5Y,0.0770
JP,2023-03-24,10Y,0.3210
JP,2023-03-24,30Y,1.3570
JP,2023-03-27,2Y,-0.0670
JP,2023-03-27,5Y,0.0840
JP,2023-03-27,10Y,0.3300
JP,2023-03-27,30Y,1.3760
JP,2023-03-28,2Y,-0.0590
JP,2023-03-28,5Y,0.0940
JP,2023-03-28,10Y,0.3370
JP,2023-03-28,30Y,1.2920
JP,2023-03-29,2Y,-0.0700
JP,2023-03-29,5Y,0.0910
JP,2023-03-29,10Y,0.3350
JP,2023-03-29,30Y,1.2430
JP,2023-03-30,2Y,-0.0610
JP,2023-03-30,5Y,0.1010
JP,2023-03-30,10Y,0.3620
JP,2023-03-30,30Y,1.2580
JP,2023-03-31,2Y,-0.0610
JP,2023-03-31,5Y,0.1040
JP,2023-03-31,10Y,0.3890
JP,2023-03-31,30Y,1.2740
JP,2023-04-03,2Y,-0.0400
JP,2023-04-03,5Y,0.1380
JP,2023-04-03,10Y,0.4220
JP,2023-04-03,30Y,1.3350
JP,2023-04-04,2Y,-0.0250
JP,2023-04-04,5Y,0.1700
JP,2023-04-04,10Y,0.4780
JP,2023-04-04,30Y,1.3800
JP,2023-04-05,2Y,-0.0300
JP,2023-04-05,5Y,0.1780
JP,2023-04-05,10Y,0.4730
JP,2023-04-05,30Y,1.3770
JP,2023-04-06,2Y,-0.0450
JP,2023-04-06,5Y,0.1680
JP,2023-04-06,10Y,0.4720
JP,2023-04-06,30Y,1.3480
JP,2023-04-07,2Y,-0.0600
JP,2023-04-07,5Y,0.1680
JP,2023-04-07,10Y,0.4620
JP,2023-04-07,30Y,1.3180
JP,2023-04-10,2Y,-0.0450
JP,2023-04-10,5Y,0.1740
JP,2023-04-10,10Y,0.4680
JP,2023-04-10,30Y,1.3340
JP,2023-04-11,2Y,-0.0460
JP,2023-04-11,5Y,0.1550
JP,2023-04-11,10Y,0.4590
JP,2023-04-11,30Y,1.3350
JP,2023-04-12,2Y,-0.0450
JP,2023-04-12,5Y,0.1590
JP,2023-04-12,10Y,0.4690
JP,2023-04-12,30Y,1.3310
JP,2023-04-13,2Y,-0.0500
JP,2023-04-13,5Y,0.1590
JP,2023-04-13,10Y,0.4650
JP,2023-04-13,30Y,1.3050
JP,2023-04-14,2Y,-0.0400
JP,2023-04-14,5Y,0.1560
JP,2023-04-14,10Y,0.4650
JP,2023-04-14,30Y,1.3130
JP,2023-04-17,2Y,-0.0350
JP,2023-04-17,5Y,0.1700
JP,2023-04-17,10Y,0.4890
JP,2023-04-17,30Y,1.3430
JP,2023-04-18,2Y,-0.0400
JP,2023-04-18,5Y,0.1700
JP,2023-04-18,10Y,0.4800
JP,2023-04-18,30Y,1.3430
JP,2023-04-19,2Y,-0.0400
JP,2023-04-19,5Y,0.1700
JP,2023-04-19,10Y,0.4800
JP,2023-04-19,30Y,1.3260
JP,2023-04-20,2Y,-0.0400
JP,2023-04-20,5Y,0.1700
JP,2023-04-20,10Y,0.4800
JP,2023-04-20,30Y,1.3530
JP,2023-04-21,2Y,-0.0350
JP,2023-04-21,5Y,0.1620
JP,2023-04-21,10Y,0.4700
JP,2023-04-21,30Y,1.3440
JP,2023-04-24,2Y,-0.0380
JP,2023-04-24,5Y,0.1630
JP,2023-04-24,10Y,0.4760
JP,2023-04-24,30Y,1.3610
JP,2023-04-25,2Y,-0.0350
JP,2023-04-25,5Y,0.1680
JP,2023-04-25,10Y,0.4860
JP,2023-04-25,30Y,1.3480
JP,2023-04-26,2Y,-0.0400
JP,2023-04-26,5Y,0.1530
JP,2023-04-26,10Y,0.4660
JP,2023-04-26,30Y,1.3250
JP,2023-04-27,2Y,-0.0400
JP,2023-04-27,5Y,0.1530
JP,2023-04-27,10Y,0.4660
JP,2023-04-27,30Y,1.3420
JP,2023-04-28,2Y,-0.0450
JP,2023-04-28,5Y,0.1090
JP,2023-04-28,10Y,0.4030
JP,2023-04-28,30Y,1.2470
JP,2023-05-01,2Y,-0.0450
JP,2023-05-01,5Y,0.1130
JP,2023-05-01,10Y,0.4130
JP,2023-05-01,30Y,1.2790
JP,2023-05-02,2Y,-0.0350
JP,2023-05-02,5Y,0.1300
JP,2023-05-02,10Y,0.4280
JP,2023-05-02,30Y,1.2920
JP,2023-05-08,2Y,-0.0350
JP,2023-05-08,5Y,0.1240
JP,2023-05-08,10Y,0.4240
JP,2023-05-08,30Y,1.2790
JP,2023-05-09,2Y,-0.0300
JP,2023-05-09,5Y,0.1350
JP,2023-05-09,10Y,0.4350
JP,2023-05-09,30Y,1.2870
JP,2023-05-10,2Y,-0.0400
JP,2023-05-10,5Y,0.1250
JP,2023-05-10,10Y,0.4250
JP,2023-05-10,30Y,1.2780
JP,2023-05-11,2Y,-0.0450
JP,2023-05-11,5Y,0.1150
JP,2023-05-11,10Y,0.3990
JP,2023-05-11,30Y,1.2330
JP,2023-05-12,2Y,-0.0550
JP,2023-05-12,5Y,0.1100
JP,2023-05-12,10Y,0.3960
JP,2023-05-12,30Y,1.2620
JP,2023-05-15,2Y,-0.0490
JP,2023-05-15,5Y,0.1270
JP,2023-05-15,10Y,0.4210
JP,2023-05-15,30Y,1.2770
JP,2023-05-16,2Y,-0.0540
JP,2023-05-16,5Y,0.1160
JP,2023-05-16,10Y,0.4060
JP,2023-05-16,30Y,1.2560
JP,2023-05-17,2Y,-0.0660
JP,2023-05-17,5Y,0.1000
JP,2023-05-17,10Y,0.3750
JP,2023-05-17,30Y,1.2240
JP,2023-05-18,2Y,-0.0610
JP,2023-05-18,5Y,0.1060
JP,2023-05-18,10Y,0.3950
JP,2023-05-18,30Y,1.2460
JP,2023-05-19,2Y,-0.0610
JP,2023-05-19,5Y,0.1120
JP,2023-05-19,10Y,0.4150
JP,2023-05-19,30Y,1.2560
JP,2023-05-22,2Y,-0.0660
JP,2023-05-22,5Y,0.1030
JP,2023-05-22,10Y,0.3970
JP,2023-05-22,30Y,1.2380
JP,2023-05-23,2Y,-0.0610
JP,2023-05-23,5Y,0.1070
JP,2023-05-23,10Y,0.4100
JP,2023-05-23,30Y,1.2520
JP,2023-05-24,2Y,-0.0660
JP,2023-05-24,5Y,0.1120
JP,2023-05-24,10Y,0.4210
JP,2023-05-24,30Y,1.2690
JP,2023-05-25,2Y,-0.0660
JP,2023-05-25,5Y,0.1300
JP,2023-05-25,10Y,0.4410
JP,2023-05-25,30Y,1.2920
JP,2023-05-26,2Y,-0.0660
JP,2023-05-26,5Y,0.1150
JP,2023-05-26,10Y,0.4320
JP,2023-05-26,30Y,1.2650
JP,2023-05-29,2Y,-0.0610
JP,2023-05-29,5Y,0.1120
JP,2023-05-29,10Y,0.4530
JP,2023-05-29,30Y,1.2780
JP,2023-05-30,2Y,-0.0550
JP,2023-05-30,5Y,0.1120
JP,2023-05-30,10Y,0.4480
JP,2023-05-30,30Y,1.2640
JP,2023-05-31,2Y,-0.0600
JP,2023-05-31,5Y,0.0970
JP,2023-05-31,10Y,0.4480
JP,2023-05-31,30Y,1.2730
JP,2023-06-01,2Y,-0.0650
JP,2023-06-01,5Y,0.0930
JP,2023-06-01,10Y,0.4340
JP,2023-06-01,30Y,1.2770
JP,2023-06-02,2Y,-0.0750
JP,2023-06-02,5Y,0.0880
JP,2023-06-02,10Y,0.4300
JP,2023-06-02,30Y,1.2860
JP,2023-06-05,2Y,-0.0650
JP,2023-06-05,5Y,0.1070
JP,2023-06-05,10Y,0.4500
JP,2023-06-05,30Y,1.2870
JP,2023-06-06,2Y,-0.0650
JP,2023-06-06,5Y,0.0980
JP,2023-06-06,10Y,0.4400
JP,2023-06-06,30Y,1.2730
JP,2023-06-07,2Y,-0.0600
JP,2023-06-07,5Y,0.0920
JP,2023-06-07,10Y,0.4340
JP,2023-06-07,30Y,1.2690
JP,2023-06-08,2Y,-0.0600
JP,2023-06-08,5Y,0.1020
JP,2023-06-08,10Y,0.4550
JP,2023-06-08,30Y,1.2870
JP,2023-06-09,2Y,-0.0650
JP,2023-06-09,5Y,0.0980
JP,2023-06-09,10Y,0.4510
JP,2023-06-09,30Y,1.2780
JP,2023-06-12,2Y,-0.0700
JP,2023-06-12,5Y,0.0940
JP,2023-06-12,10Y,0.4460
JP,2023-06-12,30Y,1.2820
JP,2023-06-13,2Y,-0.0750
JP,2023-06-13,5Y,0.0860
JP,2023-06-13,10Y,0.4380
JP,2023-06-13,30Y,1.2600
JP,2023-06-14,2Y,-0.0710
JP,2023-06-14,5Y,0.0970
JP,2023-06-14,10Y,0.4470
JP,2023-06-14,30Y,1.2590
JP,2023-06-15,2Y,-0.0640
JP,2023-06-15,5Y,0.1030
JP,2023-06-15,10Y,0.4470
JP,2023-06-15,30Y,1.2560
JP,2023-06-16,2Y,-0.0650
JP,2023-06-16,5Y,0.0930
JP,2023-06-16,10Y,0.4220
JP,2023-06-16,30Y,1.2520
JP,2023-06-19,2Y,-0.0660
JP,2023-06-19,5Y,0.0930
JP,2023-06-19,10Y,0.4130
JP,2023-06-19,30Y,1.2390
JP,2023-06-20,2Y,-0.0660
JP,2023-06-20,5Y,0.0920
JP,2023-06-20,10Y,0.4060
JP,2023-06-20,30Y,1.2250
JP,2023-06-21,2Y,-0.0690
JP,2023-06-21,5Y,0.0870
JP,2023-06-21,10Y,0.3930
JP,2023-06-21,30Y,1.2260
JP,2023-06-22,2Y,-0.0710
JP,2023-06-22,5Y,0.0850
JP,2023-06-22,10Y,0.3950
JP,2023-06-22,30Y,1.2400
JP,2023-06-23,2Y,-0.0740
JP,2023-06-23,5Y,0.0730
JP,2023-06-23,10Y,0.3900
JP,2023-06-23,30Y,1.2350
JP,2023-06-26,2Y,-0.0770
JP,2023-06-26,5Y,0.0660
JP,2023-06-26,10Y,0.3780
JP,2023-06-26,30Y,1.2080
JP,2023-06-27,2Y,-0.0740
JP,2023-06-27,5Y,0.0750
JP,2023-06-27,10Y,0.3980
JP,2023-06-27,30Y,1.2130
JP,2023-06-28,2Y,-0.0640
JP,2023-06-28,5Y,0.0890
JP,2023-06-28,10Y,0.4140
JP,2023-06-28,30Y,1.2260
JP,2023-06-29,2Y,-0.0700
JP,2023-06-29,5Y,0.0850
JP,2023-06-29,10Y,0.4090
JP,2023-06-29,30Y,1.2310
JP,2023-06-30,2Y,-0.0750
JP,2023-06-30,5Y,0.0800
JP,2023-06-30,10Y,0.4260
JP,2023-06-30,30Y,1.2620
JP,2023-07-03,2Y,-0.0650
JP,2023-07-03,5Y,0.0840
JP,2023-07-03,10Y,0.4320
JP,2023-07-03,30Y,1.2620
JP,2023-07-04,2Y,-0.0700
JP,2023-07-04,5Y,0.0780
JP,2023-07-04,10Y,0.4000
JP,2023-07-04,30Y,1.2550
JP,2023-07-05,2Y,-0.0700
JP,2023-07-05,5Y,0.0720
JP,2023-07-05,10Y,0.3840
JP,2023-07-05,30Y,1.2270
JP,2023-07-06,2Y,-0.0600
JP,2023-07-06,5Y,0.0890
JP,2023-07-06,10Y,0.4090
JP,2023-07-06,30Y,1.2270
JP,2023-07-07,2Y,-0.0390
JP,2023-07-07,5Y,0.1230
JP,2023-07-07,10Y,0.4390
JP,2023-07-07,30Y,1.2660
JP,2023-07-10,2Y,-0.0290
JP,2023-07-10,5Y,0.1570
JP,2023-07-10,10Y,0.4680
JP,2023-07-10,30Y,1.3090
JP,2023-07-11,2Y,-0.0390
JP,2023-07-11,5Y,0.1220
JP,2023-07-11,10Y,0.4540
JP,2023-07-11,30Y,1.2920
JP,2023-07-12,2Y,-0.0340
JP,2023-07-12,5Y,0.1430
JP,2023-07-12,10Y,0.4800
JP,2023-07-12,30Y,1.3220
JP,2023-07-13,2Y,-0.0340
JP,2023-07-13,5Y,0.1320
JP,2023-07-13,10Y,0.4700
JP,2023-07-13,30Y,1.3310
JP,2023-07-14,2Y,-0.0380
JP,2023-07-14,5Y,0.1330
JP,2023-07-14,10Y,0.4800
JP,2023-07-14,30Y,1.3650
JP,2023-07-18,2Y,-0.0330
JP,2023-07-18,5Y,0.1390
JP,2023-07-18,10Y,0.4850
JP,2023-07-18,30Y,1.3950
JP,2023-07-19,2Y,-0.0370
JP,2023-07-19,5Y,0.1180
JP,2023-07-19,10Y,0.4660
JP,2023-07-19,30Y,1.3610
JP,2023-07-20,2Y,-0.0370
JP,2023-07-20,5Y,0.1140
JP,2023-07-20,10Y,0.4650
JP,2023-07-20,30Y,1.3390
JP,2023-07-21,2Y,-0.0260
JP,2023-07-21,5Y,0.1280
JP,2023-07-21,10Y,0.4810
JP,2023-07-21,30Y,1.3400
JP,2023-07-24,2Y,-0.0360
JP,2023-07-24,5Y,0.1080
JP,2023-07-24,10Y,0.4610
JP,2023-07-24,30Y,1.3040
JP,2023-07-25,2Y,-0.0380
JP,2023-07-25,5Y,0.1090
JP,2023-07-25,10Y,0.4660
JP,2023-07-25,30Y,1.3230
JP,2023-07-26,2Y,-0.0380
JP,2023-07-26,5Y,0.1000
JP,2023-07-26,10Y,0.4510
JP,2023-07-26,30Y,1.3010
JP,2023-07-27,2Y,-0.0400
JP,2023-07-27,5Y,0.1000
JP,2023-07-27,10Y,0.4430
JP,2023-07-27,30Y,1.2920
JP,2023-07-28,2Y,-0.0150
JP,2023-07-28,5Y,0.1620
JP,2023-07-28,10Y,0.5510
JP,2023-07-28,30Y,1.3560
JP,2023-07-31,2Y,0.0000
JP,2023-07-31,5Y,0.1900
JP,2023-07-31,10Y,0.6050
JP,2023-07-31,30Y,1.4580
JP,2023-08-01,2Y,0.0000
JP,2023-08-01,5Y,0.1820
JP,2023-08-01,10Y,0.5960
JP,2023-08-01,30Y,1.4910
JP,2023-08-02,2Y,0.0100
JP,2023-08-02,5Y,0.2000
JP,2023-08-02,10Y,0.6300
JP,2023-08-02,30Y,1.5030
JP,2023-08-03,2Y,0.0200
JP,2023-08-03,5Y,0.2250
JP,2023-08-03,10Y,0.6540
JP,2023-08-03,30Y,1.5320
JP,2023-08-04,2Y,0.0210
JP,2023-08-04,5Y,0.2260
JP,2023-08-04,10Y,0.6430
JP,2023-08-04,30Y,1.5530
JP,2023-08-07,2Y,0.0170
JP,2023-08-07,5Y,0.2160
JP,2023-08-07,10Y,0.6250
JP,2023-08-07,30Y,1.5410
JP,2023-08-08,2Y,0.0120
JP,2023-08-08,5Y,0.2050
JP,2023-08-08,10Y,0.6100
JP,2023-08-08,30Y,1.4990
JP,2023-08-09,2Y,0.0060
JP,2023-08-09,5Y,0.1840
JP,2023-08-09,10Y,0.5720
JP,2023-08-09,30Y,1.4580
JP,2023-08-10,2Y,0.0120
JP,2023-08-10,5Y,0.1990
JP,2023-08-10,10Y,0.5910
JP,2023-08-10,30Y,1.4950
JP,2023-08-14,2Y,0.0170
JP,2023-08-14,5Y,0.2180
JP,2023-08-14,10Y,0.6210
JP,2023-08-14,30Y,1.5320
JP,2023-08-15,2Y,0.0160
JP,2023-08-15,5Y,0.2230
JP,2023-08-15,10Y,0.6320
JP,2023-08-15,30Y,1.5370
JP,2023-08-16,2Y,0.0170
JP,2023-08-16,5Y,0.2230
JP,2023-08-16,10Y,0.6310
JP,2023-08-16,30Y,1.5200
JP,2023-08-17,2Y,0.0280
JP,2023-08-17,5Y,0.2390
JP,2023-08-17,10Y,0.6570
JP,2023-08-17,30Y,1.5770
JP,2023-08-18,2Y,0.0220
JP,2023-08-18,5Y,0.2270
JP,2023-08-18,10Y,0.6320
JP,2023-08-18,30Y,1.5650
JP,2023-08-21,2Y,0.0290
JP,2023-08-21,5Y,0.2420
JP,2023-08-21,10Y,0.6570
JP,2023-08-21,30Y,1.5860
JP,2023-08-22,2Y,0.0250
JP,2023-08-22,5Y,0.2520
JP,2023-08-22,10Y,0.6730
JP,2023-08-22,30Y,1.5980
JP,2023-08-23,2Y,0.0240
JP,2023-08-23,5Y,0.2590
JP,2023-08-23,10Y,0.6820
JP,2023-08-23,30Y,1.6100
JP,2023-08-24,2Y,0.0100
JP,2023-08-24,5Y,0.2370
JP,2023-08-24,10Y,0.6540
JP,2023-08-24,30Y,1.5820
JP,2023-08-25,2Y,0.0100
JP,2023-08-25,5Y,0.2480
JP,2023-08-25,10Y,0.6630
JP,2023-08-25,30Y,1.5890
JP,2023-08-28,2Y,0.0110
JP,2023-08-28,5Y,0.2480
JP,2023-08-28,10Y,0.6690
JP,2023-08-28,30Y,1.5930
JP,2023-08-29,2Y,0.0190
JP,2023-08-29,5Y,0.2410
JP,2023-08-29,10Y,0.6500
JP,2023-08-29,30Y,1.5810
JP,2023-08-30,2Y,0.0290
JP,2023-08-30,5Y,0.2470
JP,2023-08-30,10Y,0.6610
JP,2023-08-30,30Y,1.5940
JP,2023-08-31,2Y,0.0250
JP,2023-08-31,5Y,0.2380
JP,2023-08-31,10Y,0.6570
JP,2023-08-31,30Y,1.5980
JP,2023-09-01,2Y,0.0200
JP,2023-09-01,5Y,0.2220
JP,2023-09-01,10Y,0.6360
JP,2023-09-01,30Y,1.5690
JP,2023-09-04,2Y,0.0160
JP,2023-09-04,5Y,0.2350
JP,2023-09-04,10Y,0.6520
JP,2023-09-04,30Y,1.5820
JP,2023-09-05,2Y,0.0160
JP,2023-09-05,5Y,0.2430
JP,2023-09-05,10Y,0.6660
JP,2023-09-05,30Y,1.5860
JP,2023-09-06,2Y,0.0170
JP,2023-09-06,5Y,0.2430
JP,2023-09-06,10Y,0.6620
JP,2023-09-06,30Y,1.5740
JP,2023-09-07,2Y,0.0120
JP,2023-09-07,5Y,0.2390
JP,2023-09-07,10Y,0.6670
JP,2023-09-07,30Y,1.5810
JP,2023-09-08,2Y,0.0070
JP,2023-09-08,5Y,0.2340
JP,2023-09-08,10Y,0.6580
JP,2023-09-08,30Y,1.5930
JP,2023-09-11,2Y,0.0430
JP,2023-09-11,5Y,0.3000
JP,2023-09-11,10Y,0.7150
JP,2023-09-11,30Y,1.6300
JP,2023-09-12,2Y,0.0330
JP,2023-09-12,5Y,0.2970
JP,2023-09-12,10Y,0.7160
JP,2023-09-12,30Y,1.6370
JP,2023-09-13,2Y,0.0280
JP,2023-09-13,5Y,0.2970
JP,2023-09-13,10Y,0.7150
JP,2023-09-13,30Y,1.6050
JP,2023-09-14,2Y,0.0290
JP,2023-09-14,5Y,0.2960
JP,2023-09-14,10Y,0.7150
JP,2023-09-14,30Y,1.6010
JP,2023-09-15,2Y,0.0300
JP,2023-09-15,5Y,0.2900
JP,2023-09-15,10Y,0.7150
JP,2023-09-15,30Y,1.5980
JP,2023-09-19,2Y,0.0350
JP,2023-09-19,5Y,0.3010
JP,2023-09-19,10Y,0.7270
JP,2023-09-19,30Y,1.6220
JP,2023-09-20,2Y,0.0260
JP,2023-09-20,5Y,0.3010
JP,2023-09-20,10Y,0.7310
JP,2023-09-20,30Y,1.6180
JP,2023-09-21,2Y,0.0350
JP,2023-09-21,5Y,0.3320
JP,2023-09-21,10Y,0.7580
JP,2023-09-21,30Y,1.6070
JP,2023-09-22,2Y,0.0350
JP,2023-09-22,5Y,0.3240
JP,2023-09-22,10Y,0.7540
JP,2023-09-22,30Y,1.6110
JP,2023-09-25,2Y,0.0330
JP,2023-09-25,5Y,0.3180
JP,2023-09-25,10Y,0.7380
JP,2023-09-25,30Y,1.6120
JP,2023-09-26,2Y,0.0340
JP,2023-09-26,5Y,0.3170
JP,2023-09-26,10Y,0.7520
JP,2023-09-26,30Y,1.6190
JP,2023-09-27,2Y,0.0340
JP,2023-09-27,5Y,0.3130
JP,2023-09-27,10Y,0.7470
JP,2023-09-27,30Y,1.6270
JP,2023-09-28,2Y,0.0440
JP,2023-09-28,5Y,0.3310
JP,2023-09-28,10Y,0.7650
JP,2023-09-28,30Y,1.6340
JP,2023-09-29,2Y,0.0440
JP,2023-09-29,5Y,0.3410
JP,2023-09-29,10Y,0.7740
JP,2023-09-29,30Y,1.6490
JP,2023-10-02,2Y,0.0550
JP,2023-10-02,5Y,0.3590
JP,2023-10-02,10Y,0.7790
JP,2023-10-02,30Y,1.6720
JP,2023-10-03,2Y,0.0510
JP,2023-10-03,5Y,0.3510
JP,2023-10-03,10Y,0.7640
JP,2023-10-03,30Y,1.6760
JP,2023-10-04,2Y,0.0610
JP,2023-10-04,5Y,0.3710
JP,2023-10-04,10Y,0.8080
JP,2023-10-04,30Y,1.7110
JP,2023-10-05,2Y,0.0610
JP,2023-10-05,5Y,0.3550
JP,2023-10-05,10Y,0.8030
JP,2023-10-05,30Y,1.7410
JP,2023-10-06,2Y,0.0610
JP,2023-10-06,5Y,0.3580
JP,2023-10-06,10Y,0.8020
JP,2023-10-06,30Y,1.7500
JP,2023-10-10,2Y,0.0580
JP,2023-10-10,5Y,0.3330
JP,2023-10-10,10Y,0.7760
JP,2023-10-10,30Y,1.7370
JP,2023-10-11,2Y,0.0580
JP,2023-10-11,5Y,0.3350
JP,2023-10-11,10Y,0.7760
JP,2023-10-11,30Y,1.7160
JP,2023-10-12,2Y,0.0470
JP,2023-10-12,5Y,0.3150
JP,2023-10-12,10Y,0.7560
JP,2023-10-12,30Y,1.6820
JP,2023-10-13,2Y,0.0440
JP,2023-10-13,5Y,0.3220
JP,2023-10-13,10Y,0.7650
JP,2023-10-13,30Y,1.6990
JP,2023-10-16,2Y,0.0430
JP,2023-10-16,5Y,0.3160
JP,2023-10-16,10Y,0.7570
JP,2023-10-16,30Y,1.7160
JP,2023-10-17,2Y,0.0590
JP,2023-10-17,5Y,0.3260
JP,2023-10-17,10Y,0.7870
JP,2023-10-17,30Y,1.7550
JP,2023-10-18,2Y,0.0700
JP,2023-10-18,5Y,0.3510
JP,2023-10-18,10Y,0.8110
JP,2023-10-18,30Y,1.7670
JP,2023-10-19,2Y,0.0810
JP,2023-10-19,5Y,0.3720
JP,2023-10-19,10Y,0.8450
JP,2023-10-19,30Y,1.8000
JP,2023-10-20,2Y,0.0750
JP,2023-10-20,5Y,0.3660
JP,2023-10-20,10Y,0.8410
JP,2023-10-20,30Y,1.8170
JP,2023-10-23,2Y,0.0870
JP,2023-10-23,5Y,0.3780
JP,2023-10-23,10Y,0.8650
JP,2023-10-23,30Y,1.8680
JP,2023-10-24,2Y,0.0820
JP,2023-10-24,5Y,0.3640
JP,2023-10-24,10Y,0.8460
JP,2023-10-24,30Y,1.8470
JP,2023-10-25,2Y,0.0770
JP,2023-10-25,5Y,0.3640
JP,2023-10-25,10Y,0.8560
JP,2023-10-25,30Y,1.8260
JP,2023-10-26,2Y,0.0930
JP,2023-10-26,5Y,0.3940
JP,2023-10-26,10Y,0.8840
JP,2023-10-26,30Y,1.8440
JP,2023-10-27,2Y,0.0940
JP,2023-10-27,5Y,0.3860
JP,2023-10-27,10Y,0.8750
JP,2023-10-27,30Y,1.8310
JP,2023-10-30,2Y,0.1190
JP,2023-10-30,5Y,0.4100
JP,2023-10-30,10Y,0.8950
JP,2023-10-30,30Y,1.8480
JP,2023-10-31,2Y,0.1490
JP,2023-10-31,5Y,0.4750
JP,2023-10-31,10Y,0.9520
JP,2023-10-31,30Y,1.8640
JP,2023-11-01,2Y,0.1550
JP,2023-11-01,5Y,0.4890
JP,2023-11-01,10Y,0.9590
JP,2023-11-01,30Y,1.8800
JP,2023-11-02,2Y,0.1350
JP,2023-11-02,5Y,0.4600
JP,2023-11-02,10Y,0.9200
JP,2023-11-02,30Y,1.8510
JP,2023-11-06,2Y,0.1270
JP,2023-11-06,5Y,0.4320
JP,2023-11-06,10Y,0.8760
JP,2023-11-06,30Y,1.8140
JP,2023-11-07,2Y,0.1270
JP,2023-11-07,5Y,0.4410
JP,2023-11-07,10Y,0.8820
JP,2023-11-07,30Y,1.8100
JP,2023-11-08,2Y,0.1170
JP,2023-11-08,5Y,0.4230
JP,2023-11-08,10Y,0.8520
JP,2023-11-08,30Y,1.7730
JP,2023-11-09,2Y,0.1070
JP,2023-11-09,5Y,0.4130
JP,2023-11-09,10Y,0.8430
JP,2023-11-09,30Y,1.7260
JP,2023-11-10,2Y,0.1080
JP,2023-11-10,5Y,0.4270
JP,2023-11-10,10Y,0.8590
JP,2023-11-10,30Y,1.7430
JP,2023-11-13,2Y,0.1030
JP,2023-11-13,5Y,0.4400
JP,2023-11-13,10Y,0.8790
JP,2023-11-13,30Y,1.7730
JP,2023-11-14,2Y,0.0930
JP,2023-11-14,5Y,0.4140
JP,2023-11-14,10Y,0.8600
JP,2023-11-14,30Y,1.7630
JP,2023-11-15,2Y,0.0690
JP,2023-11-15,5Y,0.3690
JP,2023-11-15,10Y,0.8070
JP,2023-11-15,30Y,1.7170
JP,2023-11-16,2Y,0.0570
JP,2023-11-16,5Y,0.3700
JP,2023-11-16,10Y,0.7980
JP,2023-11-16,30Y,1.7290
JP,2023-11-17,2Y,0.0460
JP,2023-11-17,5Y,0.3300
JP,2023-11-17,10Y,0.7650
JP,2023-11-17,30Y,1.6940
JP,2023-11-20,2Y,0.0460
JP,2023-11-20,5Y,0.3200
JP,2023-11-20,10Y,0.7560
JP,2023-11-20,30Y,1.6850
JP,2023-11-21,2Y,0.0360
JP,2023-11-21,5Y,0.2840
JP,2023-11-21,10Y,0.7120
JP,2023-11-21,30Y,1.6220
JP,2023-11-22,2Y,0.0520
JP,2023-11-22,5Y,0.3240
JP,2023-11-22,10Y,0.7420
JP,2023-11-22,30Y,1.6690
JP,2023-11-24,2Y,0.0680
JP,2023-11-24,5Y,0.3670
JP,2023-11-24,10Y,0.7860
JP,2023-11-24,30Y,1.6990
JP,2023-11-27,2Y,0.0680
JP,2023-11-27,5Y,0.3610
JP,2023-11-27,10Y,0.7870
JP,2023-11-27,30Y,1.7160
JP,2023-11-28,2Y,0.0650
JP,2023-11-28,5Y,0.3380
JP,2023-11-28,10Y,0.7680
JP,2023-11-28,30Y,1.7190
JP,2023-11-29,2Y,0.0480
JP,2023-11-29,5Y,0.2760
JP,2023-11-29,10Y,0.6950
JP,2023-11-29,30Y,1.6560
JP,2023-11-30,2Y,0.0490
JP,2023-11-30,5Y,0.2710
JP,2023-11-30,10Y,0.6910
JP,2023-11-30,30Y,1.6830
JP,2023-12-01,2Y,0.0400
JP,2023-12-01,5Y,0.2810
JP,2023-12-01,10Y,0.7200
JP,2023-12-01,30Y,1.6830
JP,2023-12-04,2Y,0.0310
JP,2023-12-04,5Y,0.2710
JP,2023-12-04,10Y,0.7120
JP,2023-12-04,30Y,1.6880
JP,2023-12-05,2Y,0.0360
JP,2023-12-05,5Y,0.2710
JP,2023-12-05,10Y,0.6870
JP,2023-12-05,30Y,1.6830
JP,2023-12-06,2Y,0.0360
JP,2023-12-06,5Y,0.2600
JP,2023-12-06,10Y,0.6670
JP,2023-12-06,30Y,1.6260
JP,2023-12-07,2Y,0.0870
JP,2023-12-07,5Y,0.3560
JP,2023-12-07,10Y,0.7710
JP,2023-12-07,30Y,1.7090
JP,2023-12-08,2Y,0.0920
JP,2023-12-08,5Y,0.3720
JP,2023-12-08,10Y,0.7910
JP,2023-12-08,30Y,1.7590
JP,2023-12-11,2Y,0.0880
JP,2023-12-11,5Y,0.3730
JP,2023-12-11,10Y,0.7980
JP,2023-12-11,30Y,1.7630
JP,2023-12-12,2Y,0.0670
JP,2023-12-12,5Y,0.3300
JP,2023-12-12,10Y,0.7580
JP,2023-12-12,30Y,1.7380
JP,2023-12-13,2Y,0.0480
JP,2023-12-13,5Y,0.2840
JP,2023-12-13,10Y,0.7090
JP,2023-12-13,30Y,1.6700
JP,2023-12-14,2Y,0.0570
JP,2023-12-14,5Y,0.2930
JP,2023-12-14,10Y,0.6930
JP,2023-12-14,30Y,1.6420
JP,2023-12-15,2Y,0.0870
JP,2023-12-15,5Y,0.3270
JP,2023-12-15,10Y,0.7280
JP,2023-12-15,30Y,1.6520
JP,2023-12-18,2Y,0.0790
JP,2023-12-18,5Y,0.2970
JP,2023-12-18,10Y,0.6890
JP,2023-12-18,30Y,1.6350
JP,2023-12-19,2Y,0.0680
JP,2023-12-19,5Y,0.2830
JP,2023-12-19,10Y,0.6630
JP,2023-12-19,30Y,1.5920
JP,2023-12-20,2Y,0.0330
JP,2023-12-20,5Y,0.2140
JP,2023-12-20,10Y,0.5810
JP,2023-12-20,30Y,1.5220
JP,2023-12-21,2Y,0.0370
JP,2023-12-21,5Y,0.2410
JP,2023-12-21,10Y,0.6100
JP,2023-12-21,30Y,1.5580
JP,2023-12-22,2Y,0.0460
JP,2023-12-22,5Y,0.2680
JP,2023-12-22,10Y,0.6510
JP,2023-12-22,30Y,1.6190
JP,2023-12-25,2Y,0.0380
JP,2023-12-25,5Y,0.2520
JP,2023-12-25,10Y,0.6370
JP,2023-12-25,30Y,1.6140
JP,2023-12-26,2Y,0.0650
JP,2023-12-26,5Y,0.2620
JP,2023-12-26,10Y,0.6570
JP,2023-12-26,30Y,1.6270
JP,2023-12-27,2Y,0.0500
JP,2023-12-27,5Y,0.2260
JP,2023-12-27,10Y,0.6240
JP,2023-12-27,30Y,1.5870
JP,2023-12-28,2Y,0.0370
JP,2023-12-28,5Y,0.2080
JP,2023-12-28,10Y,0.6160
JP,2023-12-28,30Y,1.6280
JP,2023-12-29,2Y,0.0480
JP,2023-12-29,5Y,0.2330
JP,2023-12-29,10Y,0.6470
JP,2023-12-29,30Y,1.6620
JP,2024-01-04,2Y,0.0500
JP,2024-01-04,5Y,0.2300
JP,2024-01-04,10Y,0.6490
JP,2024-01-04,30Y,1.6660
JP,2024-01-05,2Y,0.0350
JP,2024-01-05,5Y,0.2170
JP,2024-01-05,10Y,0.6340
JP,2024-01-05,30Y,1.6400
JP,2024-01-09,2Y,0.0250
JP,2024-01-09,5Y,0.2070
JP,2024-01-09,10Y,0.6140
JP,2024-01-09,30Y,1.6260
JP,2024-01-10,2Y,0.0250
JP,2024-01-10,5Y,0.2140
JP,2024-01-10,10Y,0.6210
JP,2024-01-10,30Y,1.6180
JP,2024-01-11,2Y,0.0150
JP,2024-01-11,5Y,0.2020
JP,2024-01-11,10Y,0.6050
JP,2024-01-11,30Y,1.6150
JP,2024-01-12,2Y,0.0050
JP,2024-01-12,5Y,0.1960
JP,2024-01-12,10Y,0.5910
JP,2024-01-12,30Y,1.6100
JP,2024-01-15,2Y,-0.0010
JP,2024-01-15,5Y,0.1750
JP,2024-01-15,10Y,0.5630
JP,2024-01-15,30Y,1.5800
JP,2024-01-16,2Y,0.0200
JP,2024-01-16,5Y,0.2030
JP,2024-01-16,10Y,0.5960
JP,2024-01-16,30Y,1.5970
JP,2024-01-17,2Y,0.0250
JP,2024-01-17,5Y,0.2100
JP,2024-01-17,10Y,0.6120
JP,2024-01-17,30Y,1.6190
JP,2024-01-18,2Y,0.0360
JP,2024-01-18,5Y,0.2490
JP,2024-01-18,10Y,0.6560
JP,2024-01-18,30Y,1.6990
JP,2024-01-19,2Y,0.0310
JP,2024-01-19,5Y,0.2560
JP,2024-01-19,10Y,0.6710
JP,2024-01-19,30Y,1.7450
JP,2024-01-22,2Y,0.0250
JP,2024-01-22,5Y,0.2450
JP,2024-01-22,10Y,0.6570
JP,2024-01-22,30Y,1.7410
JP,2024-01-23,2Y,0.0250
JP,2024-01-23,5Y,0.2390
JP,2024-01-23,10Y,0.6430
JP,2024-01-23,30Y,1.7120
JP,2024-01-24,2Y,0.0700
JP,2024-01-24,5Y,0.3160
JP,2024-01-24,10Y,0.7210
JP,2024-01-24,30Y,1.7750
JP,2024-01-25,2Y,0.0670
JP,2024-01-25,5Y,0.3320
JP,2024-01-25,10Y,0.7500
JP,2024-01-25,30Y,1.7950
JP,2024-01-26,2Y,0.0520
JP,2024-01-26,5Y,0.3000
JP,2024-01-26,10Y,0.7210
JP,2024-01-26,30Y,1.7820
JP,2024-01-29,2Y,0.0630
JP,2024-01-29,5Y,0.3080
JP,2024-01-29,10Y,0.7270
JP,2024-01-29,30Y,1.7990
JP,2024-01-30,2Y,0.0740
JP,2024-01-30,5Y,0.2910
JP,2024-01-30,10Y,0.7140
JP,2024-01-30,30Y,1.7740
JP,2024-01-31,2Y,0.0940
JP,2024-01-31,5Y,0.3120
JP,2024-01-31,10Y,0.7370
JP,2024-01-31,30Y,1.7900
JP,2024-02-01,2Y,0.0850
JP,2024-02-01,5Y,0.2860
JP,2024-02-01,10Y,0.6990
JP,2024-02-01,30Y,1.7570
JP,2024-02-02,2Y,0.1000
JP,2024-02-02,5Y,0.2820
JP,2024-02-02,10Y,0.6670
JP,2024-02-02,30Y,1.7230
JP,2024-02-05,2Y,0.1110
JP,2024-02-05,5Y,0.3230
JP,2024-02-05,10Y,0.7250
JP,2024-02-05,30Y,1.7620
JP,2024-02-06,2Y,0.1060
JP,2024-02-06,5Y,0.3170
JP,2024-02-06,10Y,0.7250
JP,2024-02-06,30Y,1.7530
JP,2024-02-07,2Y,0.1010
JP,2024-02-07,5Y,0.3170
JP,2024-02-07,10Y,0.7140
JP,2024-02-07,30Y,1.7400
JP,2024-02-08,2Y,0.1010
JP,2024-02-08,5Y,0.3070
JP,2024-02-08,10Y,0.7060
JP,2024-02-08,30Y,1.7410
JP,2024-02-09,2Y,0.1160
JP,2024-02-09,5Y,0.3320
JP,2024-02-09,10Y,0.7310
JP,2024-02-09,30Y,1.7580
JP,2024-02-13,2Y,0.1280
JP,2024-02-13,5Y,0.3430
JP,2024-02-13,10Y,0.7360
JP,2024-02-13,30Y,1.7610
JP,2024-02-14,2Y,0.1430
JP,2024-02-14,5Y,0.3690
JP,2024-02-14,10Y,0.7640
JP,2024-02-14,30Y,1.7740
JP,2024-02-15,2Y,0.1370
JP,2024-02-15,5Y,0.3400
JP,2024-02-15,10Y,0.7360
JP,2024-02-15,30Y,1.7700
JP,2024-02-16,2Y,0.1430
JP,2024-02-16,5Y,0.3540
JP,2024-02-16,10Y,0.7370
JP,2024-02-16,30Y,1.7500
JP,2024-02-19,2Y,0.1500
JP,2024-02-19,5Y,0.3590
JP,2024-02-19,10Y,0.7380
JP,2024-02-19,30Y,1.7490
JP,2024-02-20,2Y,0.1510
JP,2024-02-20,5Y,0.3660
JP,2024-02-20,10Y,0.7420
JP,2024-02-20,30Y,1.7250
JP,2024-02-21,2Y,0.1550
JP,2024-02-21,5Y,0.3670
JP,2024-02-21,10Y,0.7320
JP,2024-02-21,30Y,1.7070
JP,2024-02-22,2Y,0.1580
JP,2024-02-22,5Y,0.3660
JP,2024-02-22,10Y,0.7270
JP,2024-02-22,30Y,1.6990
JP,2024-02-26,2Y,0.1590
JP,2024-02-26,5Y,0.3490
JP,2024-02-26,10Y,0.6990
JP,2024-02-26,30Y,1.6660
JP,2024-02-27,2Y,0.1730
JP,2024-02-27,5Y,0.3550
JP,2024-02-27,10Y,0.7040
JP,2024-02-27,30Y,1.6750
JP,2024-02-28,2Y,0.1660
JP,2024-02-28,5Y,0.3540
JP,2024-02-28,10Y,0.7090
JP,2024-02-28,30Y,1.7090
JP,2024-02-29,2Y,0.1900
JP,2024-02-29,5Y,0.3720
JP,2024-02-29,10Y,0.7240
JP,2024-02-29,30Y,1.7340
JP,2024-03-01,2Y,0.1800
JP,2024-03-01,5Y,0.3770
JP,2024-03-01,10Y,0.7280
JP,2024-03-01,30Y,1.7220
JP,2024-03-04,2Y,0.1760
JP,2024-03-04,5Y,0.3710
JP,2024-03-04,10Y,0.7250
JP,2024-03-04,30Y,1.7430
JP,2024-03-05,2Y,0.1750
JP,2024-03-05,5Y,0.3610
JP,2024-03-05,10Y,0.7140
JP,2024-03-05,30Y,1.7380
JP,2024-03-06,2Y,0.1860
JP,2024-03-06,5Y,0.3760
JP,2024-03-06,10Y,0.7250
JP,2024-03-06,30Y,1.7300
JP,2024-03-07,2Y,0.1910
JP,2024-03-07,5Y,0.3880
JP,2024-03-07,10Y,0.7410
JP,2024-03-07,30Y,1.7380
JP,2024-03-08,2Y,0.2020
JP,2024-03-08,5Y,0.3880
JP,2024-03-08,10Y,0.7460
JP,2024-03-08,30Y,1.7590
JP,2024-03-11,2Y,0.2020
JP,2024-03-11,5Y,0.3860
JP,2024-03-11,10Y,0.7770
JP,2024-03-11,30Y,1.7850
JP,2024-03-12,2Y,0.1970
JP,2024-03-12,5Y,0.3850
JP,2024-03-12,10Y,0.7830
JP,2024-03-12,30Y,1.7890
JP,2024-03-13,2Y,0.1970
JP,2024-03-13,5Y,0.3800
JP,2024-03-13,10Y,0.7730
JP,2024-03-13,30Y,1.7760
JP,2024-03-14,2Y,0.1980
JP,2024-03-14,5Y,0.3840
JP,2024-03-14,10Y,0.7920
JP,2024-03-14,30Y,1.8010
JP,2024-03-15,2Y,0.1930
JP,2024-03-15,5Y,0.3930
JP,2024-03-15,10Y,0.8020
JP,2024-03-15,30Y,1.8120
JP,2024-03-18,2Y,0.1880
JP,2024-03-18,5Y,0.3810
JP,2024-03-18,10Y,0.7740
JP,2024-03-18,30Y,1.7800
JP,2024-03-19,2Y,0.1780
JP,2024-03-19,5Y,0.3670
JP,2024-03-19,10Y,0.7440
JP,2024-03-19,30Y,1.7720
JP,2024-03-21,2Y,0.2050
JP,2024-03-21,5Y,0.4010
JP,2024-03-21,10Y,0.7620
JP,2024-03-21,30Y,1.7810
JP,2024-03-22,2Y,0.2060
JP,2024-03-22,5Y,0.4100
JP,2024-03-22,10Y,0.7620
JP,2024-03-22,30Y,1.7860
JP,2024-03-25,2Y,0.2060
JP,2024-03-25,5Y,0.4010
JP,2024-03-25,10Y,0.7520
JP,2024-03-25,30Y,1.7960
JP,2024-03-26,2Y,0.2070
JP,2024-03-26,5Y,0.3960
JP,2024-03-26,10Y,0.7570
JP,2024-03-26,30Y,1.7910
JP,2024-03-27,2Y,0.2040
JP,2024-03-27,5Y,0.3840
JP,2024-03-27,10Y,0.7380
JP,2024-03-27,30Y,1.7630
JP,2024-03-28,2Y,0.1960
JP,2024-03-28,5Y,0.3680
JP,2024-03-28,10Y,0.7300
JP,2024-03-28,30Y,1.7500
JP,2024-03-29,2Y,0.1890
JP,2024-03-29,5Y,0.3720
JP,2024-03-29,10Y,0.7500
JP,2024-03-29,30Y,1.7890
JP,2024-04-01,2Y,0.1950
JP,2024-04-01,5Y,0.3890
JP,2024-04-01,10Y,0.7650
JP,2024-04-01,30Y,1.8060
JP,2024-04-02,2Y,0.2000
JP,2024-04-02,5Y,0.3950
JP,2024-04-02,10Y,0.7700
JP,2024-04-02,30Y,1.8210
JP,2024-04-03,2Y,0.1910
JP,2024-04-03,5Y,0.3860
JP,2024-04-03,10Y,0.7700
JP,2024-04-03,30Y,1.8130
JP,2024-04-04,2Y,0.1960
JP,2024-04-04,5Y,0.3990
JP,2024-04-04,10Y,0.7800
JP,2024-04-04,30Y,1.8100
JP,2024-04-05,2Y,0.2110
JP,2024-04-05,5Y,0.4040
JP,2024-04-05,10Y,0.7710
JP,2024-04-05,30Y,1.8060
JP,2024-04-08,2Y,0.2280
JP,2024-04-08,5Y,0.4100
JP,2024-04-08,10Y,0.7920
JP,2024-04-08,30Y,1.8230
JP,2024-04-09,2Y,0.2230
JP,2024-04-09,5Y,0.4140
JP,2024-04-09,10Y,0.7860
JP,2024-04-09,30Y,1.8360
JP,2024-04-10,2Y,0.2330
JP,2024-04-10,5Y,0.4310
JP,2024-04-10,10Y,0.8010
JP,2024-04-10,30Y,1.8570
JP,2024-04-11,2Y,0.2700
JP,2024-04-11,5Y,0.4850
JP,2024-04-11,10Y,0.8540
JP,2024-04-11,30Y,1.9070
JP,2024-04-12,2Y,0.2810
JP,2024-04-12,5Y,0.4960
JP,2024-04-12,10Y,0.8640
JP,2024-04-12,30Y,1.8940
JP,2024-04-15,2Y,0.2750
JP,2024-04-15,5Y,0.4860
JP,2024-04-15,10Y,0.8640
JP,2024-04-15,30Y,1.8940
JP,2024-04-16,2Y,0.2810
JP,2024-04-16,5Y,0.4900
JP,2024-04-16,10Y,0.8700
JP,2024-04-16,30Y,1.9070
JP,2024-04-17,2Y,0.2880
JP,2024-04-17,5Y,0.4960
JP,2024-04-17,10Y,0.8890
JP,2024-04-17,30Y,1.9200
JP,2024-04-18,2Y,0.2780
JP,2024-04-18,5Y,0.4760
JP,2024-04-18,10Y,0.8710
JP,2024-04-18,30Y,1.8940
JP,2024-04-19,2Y,0.2630
JP,2024-04-19,5Y,0.4570
JP,2024-04-19,10Y,0.8370
JP,2024-04-19,30Y,1.8690
JP,2024-04-22,2Y,0.2900
JP,2024-04-22,5Y,0.4970
JP,2024-04-22,10Y,0.8850
JP,2024-04-22,30Y,1.9070
JP,2024-04-23,2Y,0.2970
JP,2024-04-23,5Y,0.4990
JP,2024-04-23,10Y,0.8860
JP,2024-04-23,30Y,1.9270
JP,2024-04-24,2Y,0.2980
JP,2024-04-24,5Y,0.4990
JP,2024-04-24,10Y,0.8910
JP,2024-04-24,30Y,1.9270
JP,2024-04-25,2Y,0.2980
JP,2024-04-25,5Y,0.5030
JP,2024-04-25,10Y,0.8960
JP,2024-04-25,30Y,1.9270
JP,2024-04-26,2Y,0.2980
JP,2024-04-26,5Y,0.5140
JP,2024-04-26,10Y,0.9250
JP,2024-04-26,30Y,1.9360
JP,2024-04-30,2Y,0.2750
JP,2024-04-30,5Y,0.4780
JP,2024-04-30,10Y,0.8790
JP,2024-04-30,30Y,1.9110
JP,2024-05-01,2Y,0.2900
JP,2024-05-01,5Y,0.4930
JP,2024-05-01,10Y,0.8980
JP,2024-05-01,30Y,1.9400
JP,2024-05-02,2Y,0.2900
JP,2024-05-02,5Y,0.4940
JP,2024-05-02,10Y,0.9080
JP,2024-05-02,30Y,1.9520
JP,2024-05-07,2Y,0.2820
JP,2024-05-07,5Y,0.4790
JP,2024-05-07,10Y,0.8810
JP,2024-05-07,30Y,1.9450
JP,2024-05-08,2Y,0.2880
JP,2024-05-08,5Y,0.4890
JP,2024-05-08,10Y,0.8870
JP,2024-05-08,30Y,1.9370
JP,2024-05-09,2Y,0.3130
JP,2024-05-09,5Y,0.5230
JP,2024-05-09,10Y,0.9160
JP,2024-05-09,30Y,1.9440
JP,2024-05-10,2Y,0.3190
JP,2024-05-10,5Y,0.5260
JP,2024-05-10,10Y,0.9170
JP,2024-05-10,30Y,1.9650
JP,2024-05-13,2Y,0.3350
JP,2024-05-13,5Y,0.5500
JP,2024-05-13,10Y,0.9460
JP,2024-05-13,30Y,1.9900
JP,2024-05-14,2Y,0.3460
JP,2024-05-14,5Y,0.5710
JP,2024-05-14,10Y,0.9690
JP,2024-05-14,30Y,2.0100
JP,2024-05-15,2Y,0.3410
JP,2024-05-15,5Y,0.5600
JP,2024-05-15,10Y,0.9620
JP,2024-05-15,30Y,2.0100
JP,2024-05-16,2Y,0.3260
JP,2024-05-16,5Y,0.5390
JP,2024-05-16,10Y,0.9340
JP,2024-05-16,30Y,1.9930
JP,2024-05-17,2Y,0.3370
JP,2024-05-17,5Y,0.5550
JP,2024-05-17,10Y,0.9570
JP,2024-05-17,30Y,2.0110
JP,2024-05-20,2Y,0.3490
JP,2024-05-20,5Y,0.5850
JP,2024-05-20,10Y,0.9870
JP,2024-05-20,30Y,2.0340
JP,2024-05-21,2Y,0.3490
JP,2024-05-21,5Y,0.5850
JP,2024-05-21,10Y,0.9920
JP,2024-05-21,30Y,2.0390
JP,2024-05-22,2Y,0.3560
JP,2024-05-22,5Y,0.5950
JP,2024-05-22,10Y,1.0070
JP,2024-05-22,30Y,2.0840
JP,2024-05-23,2Y,0.3450
JP,2024-05-23,5Y,0.5910
JP,2024-05-23,10Y,1.0110
JP,2024-05-23,30Y,2.1000
JP,2024-05-24,2Y,0.3450
JP,2024-05-24,5Y,0.5960
JP,2024-05-24,10Y,1.0160
JP,2024-05-24,30Y,2.1040
JP,2024-05-27,2Y,0.3570
JP,2024-05-27,5Y,0.6060
JP,2024-05-27,10Y,1.0310
JP,2024-05-27,30Y,2.1080
JP,2024-05-28,2Y,0.3570
JP,2024-05-28,5Y,0.6020
JP,2024-05-28,10Y,1.0470
JP,2024-05-28,30Y,2.1200
JP,2024-05-29,2Y,0.3870
JP,2024-05-29,5Y,0.6420
JP,2024-05-29,10Y,1.0840
JP,2024-05-29,30Y,2.1480
JP,2024-05-30,2Y,0.3990
JP,2024-05-30,5Y,0.6410
JP,2024-05-30,10Y,1.0660
JP,2024-05-30,30Y,2.1320
JP,2024-05-31,2Y,0.3990
JP,2024-05-31,5Y,0.6470
JP,2024-05-31,10Y,1.0800
JP,2024-05-31,30Y,2.1550
JP,2024-06-03,2Y,0.4010
JP,2024-06-03,5Y,0.6400
JP,2024-06-03,10Y,1.0710
JP,2024-06-03,30Y,2.1680
JP,2024-06-04,2Y,0.3860
JP,2024-06-04,5Y,0.6100
JP,2024-06-04,10Y,1.0430
JP,2024-06-04,30Y,2.1490
JP,2024-06-05,2Y,0.3560
JP,2024-06-05,5Y,0.5760
JP,2024-06-05,10Y,1.0140
JP,2024-06-05,30Y,2.1120
JP,2024-06-06,2Y,0.3360
JP,2024-06-06,5Y,0.5480
JP,2024-06-06,10Y,0.9720
JP,2024-06-06,30Y,2.0390
JP,2024-06-07,2Y,0.3510
JP,2024-06-07,5Y,0.5590
JP,2024-06-07,10Y,0.9860
JP,2024-06-07,30Y,2.0430
JP,2024-06-10,2Y,0.3830
JP,2024-06-10,5Y,0.6080
JP,2024-06-10,10Y,1.0450
JP,2024-06-10,30Y,2.1180
JP,2024-06-11,2Y,0.3720
JP,2024-06-11,5Y,0.6010
JP,2024-06-11,10Y,1.0350
JP,2024-06-11,30Y,2.1110
JP,2024-06-12,2Y,0.3430
JP,2024-06-12,5Y,0.5680
JP,2024-06-12,10Y,1.0000
JP,2024-06-12,30Y,2.0840
JP,2024-06-13,2Y,0.3320
JP,2024-06-13,5Y,0.5560
JP,2024-06-13,10Y,0.9820
JP,2024-06-13,30Y,2.0630
JP,2024-06-14,2Y,0.3020
JP,2024-06-14,5Y,0.5270
JP,2024-06-14,10Y,0.9500
JP,2024-06-14,30Y,2.0440
JP,2024-06-17,2Y,0.2910
JP,2024-06-17,5Y,0.5160
JP,2024-06-17,10Y,0.9470
JP,2024-06-17,30Y,2.0680
JP,2024-06-18,2Y,0.2880
JP,2024-06-18,5Y,0.5230
JP,2024-06-18,10Y,0.9630
JP,2024-06-18,30Y,2.0890
JP,2024-06-19,2Y,0.2860
JP,2024-06-19,5Y,0.5180
JP,2024-06-19,10Y,0.9550
JP,2024-06-19,30Y,2.0710
JP,2024-06-20,2Y,0.2920
JP,2024-06-20,5Y,0.5270
JP,2024-06-20,10Y,0.9730
JP,2024-06-20,30Y,2.0680
JP,2024-06-21,2Y,0.3130
JP,2024-06-21,5Y,0.5570
JP,2024-06-21,10Y,0.9990
JP,2024-06-21,30Y,2.0860
JP,2024-06-24,2Y,0.3090
JP,2024-06-24,5Y,0.5580
JP,2024-06-24,10Y,1.0100
JP,2024-06-24,30Y,2.1080
JP,2024-06-25,2Y,0.3060
JP,2024-06-25,5Y,0.5650
JP,2024-06-25,10Y,1.0200
JP,2024-06-25,30Y,2.1210
JP,2024-06-26,2Y,0.3120
JP,2024-06-26,5Y,0.5730
JP,2024-06-26,10Y,1.0440
JP,2024-06-26,30Y,2.1550
JP,2024-06-27,2Y,0.3720
JP,2024-06-27,5Y,0.6170
JP,2024-06-27,10Y,1.0920
JP,2024-06-27,30Y,2.1880
JP,2024-06-28,2Y,0.3530
JP,2024-06-28,5Y,0.6020
JP,2024-06-28,10Y,1.0620
JP,2024-06-28,30Y,2.1530
JP,2024-07-01,2Y,0.3600
JP,2024-07-01,5Y,0.6150
JP,2024-07-01,10Y,1.0830
JP,2024-07-01,30Y,2.1630
JP,2024-07-02,2Y,0.3650
JP,2024-07-02,5Y,0.6300
JP,2024-07-02,10Y,1.1040
JP,2024-07-02,30Y,2.1740
JP,2024-07-03,2Y,0.3500
JP,2024-07-03,5Y,0.6130
JP,2024-07-03,10Y,1.1000
JP,2024-07-03,30Y,2.1850
JP,2024-07-04,2Y,0.3400
JP,2024-07-04,5Y,0.5990
JP,2024-07-04,10Y,1.0860
JP,2024-07-04,30Y,2.1880
JP,2024-07-05,2Y,0.3460
JP,2024-07-05,5Y,0.5980
JP,2024-07-05,10Y,1.0720
JP,2024-07-05,30Y,2.2000
JP,2024-07-08,2Y,0.3620
JP,2024-07-08,5Y,0.6160
JP,2024-07-08,10Y,1.0920
JP,2024-07-08,30Y,2.2000
JP,2024-07-09,2Y,0.3530
JP,2024-07-09,5Y,0.6100
JP,2024-07-09,10Y,1.0790
JP,2024-07-09,30Y,2.2050
JP,2024-07-10,2Y,0.3430
JP,2024-07-10,5Y,0.6050
JP,2024-07-10,10Y,1.0930
JP,2024-07-10,30Y,2.2200
JP,2024-07-11,2Y,0.3430
JP,2024-07-11,5Y,0.6110
JP,2024-07-11,10Y,1.0890
JP,2024-07-11,30Y,2.2210
JP,2024-07-12,2Y,0.3330
JP,2024-07-12,5Y,0.5860
JP,2024-07-12,10Y,1.0550
JP,2024-07-12,30Y,2.1770
JP,2024-07-16,2Y,0.3200
JP,2024-07-16,5Y,0.5660
JP,2024-07-16,10Y,1.0320
JP,2024-07-16,30Y,2.1680
JP,2024-07-17,2Y,0.3300
JP,2024-07-17,5Y,0.5770
JP,2024-07-17,10Y,1.0420
JP,2024-07-17,30Y,2.1730
JP,2024-07-18,2Y,0.3470
JP,2024-07-18,5Y,0.5910
JP,2024-07-18,10Y,1.0470
JP,2024-07-18,30Y,2.1600
JP,2024-07-19,2Y,0.3520
JP,2024-07-19,5Y,0.5980
JP,2024-07-19,10Y,1.0530
JP,2024-07-19,30Y,2.1480
JP,2024-07-22,2Y,0.3480
JP,2024-07-22,5Y,0.5980
JP,2024-07-22,10Y,1.0630
JP,2024-07-22,30Y,2.1770
JP,2024-07-23,2Y,0.3620
JP,2024-07-23,5Y,0.6070
JP,2024-07-23,10Y,1.0730
JP,2024-07-23,30Y,2.1810
JP,2024-07-24,2Y,0.3790
JP,2024-07-24,5Y,0.6230
JP,2024-07-24,10Y,1.0840
JP,2024-07-24,30Y,2.1970
JP,2024-07-25,2Y,0.4030
JP,2024-07-25,5Y,0.6370
JP,2024-07-25,10Y,1.0780
JP,2024-07-25,30Y,2.1680
JP,2024-07-26,2Y,0.4080
JP,2024-07-26,5Y,0.6310
JP,2024-07-26,10Y,1.0680
JP,2024-07-26,30Y,2.1540
JP,2024-07-29,2Y,0.3940
JP,2024-07-29,5Y,0.6070
JP,2024-07-29,10Y,1.0410
JP,2024-07-29,30Y,2.1300
JP,2024-07-30,2Y,0.3740
JP,2024-07-30,5Y,0.5920
JP,2024-07-30,10Y,1.0120
JP,2024-07-30,30Y,2.1310
JP,2024-07-31,2Y,0.4500
JP,2024-07-31,5Y,0.6710
JP,2024-07-31,10Y,1.0700
JP,2024-07-31,30Y,2.1760
JP,2024-08-01,2Y,0.4600
JP,2024-08-01,5Y,0.6580
JP,2024-08-01,10Y,1.0460
JP,2024-08-01,30Y,2.1520
JP,2024-08-02,2Y,0.4100
JP,2024-08-02,5Y,0.5830
JP,2024-08-02,10Y,0.9740
JP,2024-08-02,30Y,2.0980
JP,2024-08-05,2Y,0.2650
JP,2024-08-05,5Y,0.3700
JP,2024-08-05,10Y,0.7810
JP,2024-08-05,30Y,1.9560
JP,2024-08-06,2Y,0.2900
JP,2024-08-06,5Y,0.4360
JP,2024-08-06,10Y,0.9080
JP,2024-08-06,30Y,2.1180
JP,2024-08-07,2Y,0.2700
JP,2024-08-07,5Y,0.4210
JP,2024-08-07,10Y,0.8990
JP,2024-08-07,30Y,2.1890
JP,2024-08-08,2Y,0.2690
JP,2024-08-08,5Y,0.4110
JP,2024-08-08,10Y,0.8550
JP,2024-08-08,30Y,2.1070
JP,2024-08-09,2Y,0.3010
JP,2024-08-09,5Y,0.4450
JP,2024-08-09,10Y,0.8810
JP,2024-08-09,30Y,2.0810
JP,2024-08-13,2Y,0.3000
JP,2024-08-13,5Y,0.4440
JP,2024-08-13,10Y,0.8690
JP,2024-08-13,30Y,2.0810
JP,2024-08-14,2Y,0.2960
JP,2024-08-14,5Y,0.4310
JP,2024-08-14,10Y,0.8330
JP,2024-08-14,30Y,2.0510
JP,2024-08-15,2Y,0.3210
JP,2024-08-15,5Y,0.4510
JP,2024-08-15,10Y,0.8610
JP,2024-08-15,30Y,2.0510
JP,2024-08-16,2Y,0.3570
JP,2024-08-16,5Y,0.4940
JP,2024-08-16,10Y,0.8980
JP,2024-08-16,30Y,2.0680
JP,2024-08-19,2Y,0.3740
JP,2024-08-19,5Y,0.5090
JP,2024-08-19,10Y,0.9140
JP,2024-08-19,30Y,2.0930
JP,2024-08-20,2Y,0.3630
JP,2024-08-20,5Y,0.4990
JP,2024-08-20,10Y,0.9160
JP,2024-08-20,30Y,2.1180
JP,2024-08-21,2Y,0.3520
JP,2024-08-21,5Y,0.4810
JP,2024-08-21,10Y,0.8960
JP,2024-08-21,30Y,2.1020
JP,2024-08-22,2Y,0.3630
JP,2024-08-22,5Y,0.4910
JP,2024-08-22,10Y,0.9000
JP,2024-08-22,30Y,2.0860
JP,2024-08-23,2Y,0.3720
JP,2024-08-23,5Y,0.5070
JP,2024-08-23,10Y,0.9190
JP,2024-08-23,30Y,2.0860
JP,2024-08-26,2Y,0.3640
JP,2024-08-26,5Y,0.4970
JP,2024-08-26,10Y,0.9100
JP,2024-08-26,30Y,2.0930
JP,2024-08-27,2Y,0.3670
JP,2024-08-27,5Y,0.5040
JP,2024-08-27,10Y,0.9060
JP,2024-08-27,30Y,2.0770
JP,2024-08-28,2Y,0.3800
JP,2024-08-28,5Y,0.5120
JP,2024-08-28,10Y,0.9210
JP,2024-08-28,30Y,2.0730
JP,2024-08-29,2Y,0.3680
JP,2024-08-29,5Y,0.5030
JP,2024-08-29,10Y,0.9170
JP,2024-08-29,30Y,2.0970
JP,2024-08-30,2Y,0.3630
JP,2024-08-30,5Y,0.5020
JP,2024-08-30,10Y,0.9220
JP,2024-08-30,30Y,2.1110
JP,2024-09-02,2Y,0.3700
JP,2024-09-02,5Y,0.5180
JP,2024-09-02,10Y,0.9360
JP,2024-09-02,30Y,2.1240
JP,2024-09-03,2Y,0.3900
JP,2024-09-03,5Y,0.5360
JP,2024-09-03,10Y,0.9520
JP,2024-09-03,30Y,2.1160
JP,2024-09-04,2Y,0.3750
JP,2024-09-04,5Y,0.5120
JP,2024-09-04,10Y,0.9170
JP,2024-09-04,30Y,2.0910
JP,2024-09-05,2Y,0.3750
JP,2024-09-05,5Y,0.5070
JP,2024-09-05,10Y,0.9040
JP,2024-09-05,30Y,2.0700
JP,2024-09-06,2Y,0.3800
JP,2024-09-06,5Y,0.4990
JP,2024-09-06,10Y,0.8800
JP,2024-09-06,30Y,2.0450
JP,2024-09-09,2Y,0.3960
JP,2024-09-09,5Y,0.5210
JP,2024-09-09,10Y,0.9250
JP,2024-09-09,30Y,2.0760
JP,2024-09-10,2Y,0.3960
JP,2024-09-10,5Y,0.5280
JP,2024-09-10,10Y,0.9260
JP,2024-09-10,30Y,2.0900
JP,2024-09-11,2Y,0.3800
JP,2024-09-11,5Y,0.4980
JP,2024-09-11,10Y,0.8860
JP,2024-09-11,30Y,2.0770
JP,2024-09-12,2Y,0.3910
JP,2024-09-12,5Y,0.5130
JP,2024-09-12,10Y,0.8960
JP,2024-09-12,30Y,2.0740
JP,2024-09-13,2Y,0.3920
JP,2024-09-13,5Y,0.5030
JP,2024-09-13,10Y,0.8780
JP,2024-09-13,30Y,2.0450
JP,2024-09-17,2Y,0.3870
JP,2024-09-17,5Y,0.4940
JP,2024-09-17,10Y,0.8630
JP,2024-09-17,30Y,2.0190
JP,2024-09-18,2Y,0.3800
JP,2024-09-18,5Y,0.4840
JP,2024-09-18,10Y,0.8600
JP,2024-09-18,30Y,2.0230
JP,2024-09-19,2Y,0.3890
JP,2024-09-19,5Y,0.4980
JP,2024-09-19,10Y,0.8890
JP,2024-09-19,30Y,2.0820
JP,2024-09-20,2Y,0.3950
JP,2024-09-20,5Y,0.5150
JP,2024-09-20,10Y,0.8980
JP,2024-09-20,30Y,2.1030
JP,2024-09-24,2Y,0.3500
JP,2024-09-24,5Y,0.4690
JP,2024-09-24,10Y,0.8480
JP,2024-09-24,30Y,2.0830
JP,2024-09-25,2Y,0.3550
JP,2024-09-25,5Y,0.4730
JP,2024-09-25,10Y,0.8520
JP,2024-09-25,30Y,2.0610
JP,2024-09-26,2Y,0.3490
JP,2024-09-26,5Y,0.4740
JP,2024-09-26,10Y,0.8720
JP,2024-09-26,30Y,2.1010
JP,2024-09-27,2Y,0.3230
JP,2024-09-27,5Y,0.4490
JP,2024-09-27,10Y,0.8490
JP,2024-09-27,30Y,2.1220
JP,2024-09-30,2Y,0.3940
JP,2024-09-30,5Y,0.5080
JP,2024-09-30,10Y,0.8940
JP,2024-09-30,30Y,2.0920
JP,2024-10-01,2Y,0.3900
JP,2024-10-01,5Y,0.5080
JP,2024-10-01,10Y,0.8940
JP,2024-10-01,30Y,2.0940
JP,2024-10-02,2Y,0.3650
JP,2024-10-02,5Y,0.4890
JP,2024-10-02,10Y,0.8590
JP,2024-10-02,30Y,2.0870
JP,2024-10-03,2Y,0.3650
JP,2024-10-03,5Y,0.4890
JP,2024-10-03,10Y,0.8670
JP,2024-10-03,30Y,2.1000
JP,2024-10-04,2Y,0.3700
JP,2024-10-04,5Y,0.5060
JP,2024-10-04,10Y,0.8860
JP,2024-10-04,30Y,2.1000
JP,2024-10-07,2Y,0.4070
JP,2024-10-07,5Y,0.5550
JP,2024-10-07,10Y,0.9260
JP,2024-10-07,30Y,2.1310
JP,2024-10-08,2Y,0.4020
JP,2024-10-08,5Y,0.5540
JP,2024-10-08,10Y,0.9260
JP,2024-10-08,30Y,2.1260
JP,2024-10-09,2Y,0.4020
JP,2024-10-09,5Y,0.5600
JP,2024-10-09,10Y,0.9360
JP,2024-10-09,30Y,2.1430
JP,2024-10-10,2Y,0.4120
JP,2024-10-10,5Y,0.5880
JP,2024-10-10,10Y,0.9600
JP,2024-10-10,30Y,2.1710
JP,2024-10-11,2Y,0.4120
JP,2024-10-11,5Y,0.5790
JP,2024-10-11,10Y,0.9500
JP,2024-10-11,30Y,2.1540
JP,2024-10-15,2Y,0.4230
JP,2024-10-15,5Y,0.5950
JP,2024-10-15,10Y,0.9760
JP,2024-10-15,30Y,2.1550
JP,2024-10-16,2Y,0.4230
JP,2024-10-16,5Y,0.5810
JP,2024-10-16,10Y,0.9570
JP,2024-10-16,30Y,2.1470
JP,2024-10-17,2Y,0.4340
JP,2024-10-17,5Y,0.5900
JP,2024-10-17,10Y,0.9670
JP,2024-10-17,30Y,2.1300
JP,2024-10-18,2Y,0.4380
JP,2024-10-18,5Y,0.5890
JP,2024-10-18,10Y,0.9720
JP,2024-10-18,30Y,2.1390
JP,2024-10-21,2Y,0.4330
JP,2024-10-21,5Y,0.5810
JP,2024-10-21,10Y,0.9630
JP,2024-10-21,30Y,2.1560
JP,2024-10-22,2Y,0.4540
JP,2024-10-22,5Y,0.6000
JP,2024-10-22,10Y,0.9830
JP,2024-10-22,30Y,2.1880
JP,2024-10-23,2Y,0.4490
JP,2024-10-23,5Y,0.5960
JP,2024-10-23,10Y,0.9830
JP,2024-10-23,30Y,2.1880
JP,2024-10-24,2Y,0.4490
JP,2024-10-24,5Y,0.5840
JP,2024-10-24,10Y,0.9640
JP,2024-10-24,30Y,2.1840
JP,2024-10-25,2Y,0.4490
JP,2024-10-25,5Y,0.5800
JP,2024-10-25,10Y,0.9550
JP,2024-10-25,30Y,2.1590
JP,2024-10-28,2Y,0.4610
JP,2024-10-28,5Y,0.5950
JP,2024-10-28,10Y,0.9810
JP,2024-10-28,30Y,2.1960
JP,2024-10-29,2Y,0.4530
JP,2024-10-29,5Y,0.5990
JP,2024-10-29,10Y,0.9810
JP,2024-10-29,30Y,2.1880
JP,2024-10-30,2Y,0.4430
JP,2024-10-30,5Y,0.5850
JP,2024-10-30,10Y,0.9610
JP,2024-10-30,30Y,2.2010
JP,2024-10-31,2Y,0.4340
JP,2024-10-31,5Y,0.5710
JP,2024-10-31,10Y,0.9470
JP,2024-10-31,30Y,2.1890
JP,2024-11-01,2Y,0.4650
JP,2024-11-01,5Y,0.5850
JP,2024-11-01,10Y,0.9520
JP,2024-11-01,30Y,2.1890
JP,2024-11-05,2Y,0.4550
JP,2024-11-05,5Y,0.5750
JP,2024-11-05,10Y,0.9440
JP,2024-11-05,30Y,2.1930
JP,2024-11-06,2Y,0.4800
JP,2024-11-06,5Y,0.6150
JP,2024-11-06,10Y,0.9930
JP,2024-11-06,30Y,2.2060
JP,2024-11-07,2Y,0.5010
JP,2024-11-07,5Y,0.6440
JP,2024-11-07,10Y,1.0160
JP,2024-11-07,30Y,2.2260
JP,2024-11-08,2Y,0.5010
JP,2024-11-08,5Y,0.6440
JP,2024-11-08,10Y,1.0110
JP,2024-11-08,30Y,2.2180
JP,2024-11-11,2Y,0.5010
JP,2024-11-11,5Y,0.6440
JP,2024-11-11,10Y,1.0090
JP,2024-11-11,30Y,2.2220
JP,2024-11-12,2Y,0.5010
JP,2024-11-12,5Y,0.6530
JP,2024-11-12,10Y,1.0190
JP,2024-11-12,30Y,2.2340
JP,2024-11-13,2Y,0.5270
JP,2024-11-13,5Y,0.6890
JP,2024-11-13,10Y,1.0530
JP,2024-11-13,30Y,2.2460
JP,2024-11-14,2Y,0.5320
JP,2024-11-14,5Y,0.6950
JP,2024-11-14,10Y,1.0690
JP,2024-11-14,30Y,2.2670
JP,2024-11-15,2Y,0.5520
JP,2024-11-15,5Y,0.7120
JP,2024-11-15,10Y,1.0820
JP,2024-11-15,30Y,2.2640
JP,2024-11-18,2Y,0.5530
JP,2024-11-18,5Y,0.7060
JP,2024-11-18,10Y,1.0830
JP,2024-11-18,30Y,2.2670
JP,2024-11-19,2Y,0.5540
JP,2024-11-19,5Y,0.7100
JP,2024-11-19,10Y,1.0780
JP,2024-11-19,30Y,2.2540
JP,2024-11-20,2Y,0.5540
JP,2024-11-20,5Y,0.7150
JP,2024-11-20,10Y,1.0770
JP,2024-11-20,30Y,2.2550
JP,2024-11-21,2Y,0.5800
JP,2024-11-21,5Y,0.7500
JP,2024-11-21,10Y,1.1060
JP,2024-11-21,30Y,2.2500
JP,2024-11-22,2Y,0.5900
JP,2024-11-22,5Y,0.7450
JP,2024-11-22,10Y,1.0920
JP,2024-11-22,30Y,2.2550
JP,2024-11-25,2Y,0.5900
JP,2024-11-25,5Y,0.7400
JP,2024-11-25,10Y,1.0840
JP,2024-11-25,30Y,2.2550
JP,2024-11-26,2Y,0.5920
JP,2024-11-26,5Y,0.7330
JP,2024-11-26,10Y,1.0740
JP,2024-11-26,30Y,2.2510
JP,2024-11-27,2Y,0.5960
JP,2024-11-27,5Y,0.7410
JP,2024-11-27,10Y,1.0830
JP,2024-11-27,30Y,2.2720
JP,2024-11-28,2Y,0.5810
JP,2024-11-28,5Y,0.7270
JP,2024-11-28,10Y,1.0650
JP,2024-11-28,30Y,2.2600
JP,2024-11-29,2Y,0.5990
JP,2024-11-29,5Y,0.7280
JP,2024-11-29,10Y,1.0640
JP,2024-11-29,30Y,2.2520
JP,2024-12-02,2Y,0.6200
JP,2024-12-02,5Y,0.7510
JP,2024-12-02,10Y,1.0910
JP,2024-12-02,30Y,2.2560
JP,2024-12-03,2Y,0.6100
JP,2024-12-03,5Y,0.7470
JP,2024-12-03,10Y,1.0910
JP,2024-12-03,30Y,2.2600
JP,2024-12-04,2Y,0.5850
JP,2024-12-04,5Y,0.7160
JP,2024-12-04,10Y,1.0680
JP,2024-12-04,30Y,2.2490
JP,2024-12-05,2Y,0.6000
JP,2024-12-05,5Y,0.7360
JP,2024-12-05,10Y,1.0820
JP,2024-12-05,30Y,2.2570
JP,2024-12-06,2Y,0.5900
JP,2024-12-06,5Y,0.7250
JP,2024-12-06,10Y,1.0680
JP,2024-12-06,30Y,2.2360
JP,2024-12-09,2Y,0.5750
JP,2024-12-09,5Y,0.7140
JP,2024-12-09,10Y,1.0540
JP,2024-12-09,30Y,2.2280
JP,2024-12-10,2Y,0.5850
JP,2024-12-10,5Y,0.7280
JP,2024-12-10,10Y,1.0780
JP,2024-12-10,30Y,2.2320
JP,2024-12-11,2Y,0.5910
JP,2024-12-11,5Y,0.7360
JP,2024-12-11,10Y,1.0830
JP,2024-12-11,30Y,2.2310
JP,2024-12-12,2Y,0.5790
JP,2024-12-12,5Y,0.7170
JP,2024-12-12,10Y,1.0650
JP,2024-12-12,30Y,2.2170
JP,2024-12-13,2Y,0.5640
JP,2024-12-13,5Y,0.6970
JP,2024-12-13,10Y,1.0550
JP,2024-12-13,30Y,2.2200
JP,2024-12-16,2Y,0.5850
JP,2024-12-16,5Y,0.7220
JP,2024-12-16,10Y,1.0840
JP,2024-12-16,30Y,2.2530
JP,2024-12-17,2Y,0.5950
JP,2024-12-17,5Y,0.7360
JP,2024-12-17,10Y,1.0940
JP,2024-12-17,30Y,2.2640
JP,2024-12-18,2Y,0.5890
JP,2024-12-18,5Y,0.7210
JP,2024-12-18,10Y,1.0790
JP,2024-12-18,30Y,2.2400
JP,2024-12-19,2Y,0.6060
JP,2024-12-19,5Y,0.7470
JP,2024-12-19,10Y,1.0970
JP,2024-12-19,30Y,2.2450
JP,2024-12-20,2Y,0.5760
JP,2024-12-20,5Y,0.7060
JP,2024-12-20,10Y,1.0700
JP,2024-12-20,30Y,2.2290
JP,2024-12-23,2Y,0.5880
JP,2024-12-23,5Y,0.7250
JP,2024-12-23,10Y,1.0810
JP,2024-12-23,30Y,2.2360
JP,2024-12-24,2Y,0.5880
JP,2024-12-24,5Y,0.7330
JP,2024-12-24,10Y,1.0860
JP,2024-12-24,30Y,2.2280
JP,2024-12-25,2Y,0.5880
JP,2024-12-25,5Y,0.7260
JP,2024-12-25,10Y,1.0860
JP,2024-12-25,30Y,2.2190
JP,2024-12-26,2Y,0.6020
JP,2024-12-26,5Y,0.7460
JP,2024-12-26,10Y,1.1030
JP,2024-12-26,30Y,2.2310
JP,2024-12-27,2Y,0.6020
JP,2024-12-27,5Y,0.7600
JP,2024-12-27,10Y,1.1190
JP,2024-12-27,30Y,2.2590
JP,2024-12-30,2Y,0.5990
JP,2024-12-30,5Y,0.7430
JP,2024-12-30,10Y,1.1110
JP,2024-12-30,30Y,2.2520
JP,2025-01-06,2Y,0.6260
JP,2025-01-06,5Y,0.7910
JP,2025-01-06,10Y,1.1450
JP,2025-01-06,30Y,2.2740
JP,2025-01-07,2Y,0.6320
JP,2025-01-07,5Y,0.7940
JP,2025-01-07,10Y,1.1480
JP,2025-01-07,30Y,2.2780
JP,2025-01-08,2Y,0.6480
JP,2025-01-08,5Y,0.8210
JP,2025-01-08,10Y,1.1820
JP,2025-01-08,30Y,2.2940
JP,2025-01-09,2Y,0.6430
JP,2025-01-09,5Y,0.8160
JP,2025-01-09,10Y,1.1780
JP,2025-01-09,30Y,2.2850
JP,2025-01-10,2Y,0.6490
JP,2025-01-10,5Y,0.8320
JP,2025-01-10,10Y,1.2020
JP,2025-01-10,30Y,2.3010
JP,2025-01-14,2Y,0.6870
JP,2025-01-14,5Y,0.8740
JP,2025-01-14,10Y,1.2460
JP,2025-01-14,30Y,2.3300
JP,2025-01-15,2Y,0.7070
JP,2025-01-15,5Y,0.8940
JP,2025-01-15,10Y,1.2550
JP,2025-01-15,30Y,2.3470
JP,2025-01-16,2Y,0.6980
JP,2025-01-16,5Y,0.8690
JP,2025-01-16,10Y,1.2070
JP,2025-01-16,30Y,2.3180
JP,2025-01-17,2Y,0.6930
JP,2025-01-17,5Y,0.8650
JP,2025-01-17,10Y,1.2070
JP,2025-01-17,30Y,2.2900
JP,2025-01-20,2Y,0.6830
JP,2025-01-20,5Y,0.8550
JP,2025-01-20,10Y,1.1990
JP,2025-01-20,30Y,2.2730
JP,2025-01-21,2Y,0.6770
JP,2025-01-21,5Y,0.8510
JP,2025-01-21,10Y,1.1940
JP,2025-01-21,30Y,2.2650
JP,2025-01-22,2Y,0.6980
JP,2025-01-22,5Y,0.8740
JP,2025-01-22,10Y,1.2050
JP,2025-01-22,30Y,2.2610
JP,2025-01-23,2Y,0.7040
JP,2025-01-23,5Y,0.8800
JP,2025-01-23,10Y,1.2150
JP,2025-01-23,30Y,2.2690
JP,2025-01-24,2Y,0.7180
JP,2025-01-24,5Y,0.9100
JP,2025-01-24,10Y,1.2380
JP,2025-01-24,30Y,2.2770
JP,2025-01-27,2Y,0.7050
JP,2025-01-27,5Y,0.8880
JP,2025-01-27,10Y,1.2250
JP,2025-01-27,30Y,2.2690
JP,2025-01-28,2Y,0.6950
JP,2025-01-28,5Y,0.8650
JP,2025-01-28,10Y,1.2010
JP,2025-01-28,30Y,2.2510
JP,2025-01-29,2Y,0.7040
JP,2025-01-29,5Y,0.8680
JP,2025-01-29,10Y,1.2010
JP,2025-01-29,30Y,2.2450
JP,2025-01-30,2Y,0.7180
JP,2025-01-30,5Y,0.8830
JP,2025-01-30,10Y,1.2210
JP,2025-01-30,30Y,2.2740
JP,2025-01-31,2Y,0.7290
JP,2025-01-31,5Y,0.9090
JP,2025-01-31,10Y,1.2500
JP,2025-01-31,30Y,2.2900
JP,2025-02-03,2Y,0.7200
JP,2025-02-03,5Y,0.8990
JP,2025-02-03,10Y,1.2540
JP,2025-02-03,30Y,2.3020
JP,2025-02-04,2Y,0.7410
JP,2025-02-04,5Y,0.9300
JP,2025-02-04,10Y,1.2820
JP,2025-02-04,30Y,2.3230
JP,2025-02-05,2Y,0.7560
JP,2025-02-05,5Y,0.9450
JP,2025-02-05,10Y,1.2890
JP,2025-02-05,30Y,2.3230
JP,2025-02-06,2Y,0.7620
JP,2025-02-06,5Y,0.9400
JP,2025-02-06,10Y,1.2700
JP,2025-02-06,30Y,2.2690
JP,2025-02-07,2Y,0.7980
JP,2025-02-07,5Y,0.9870
JP,2025-02-07,10Y,1.3070
JP,2025-02-07,30Y,2.2900
JP,2025-02-10,2Y,0.7980
JP,2025-02-10,5Y,0.9880
JP,2025-02-10,10Y,1.3180
JP,2025-02-10,30Y,2.2940
JP,2025-02-12,2Y,0.7990
JP,2025-02-12,5Y,1.0050
JP,2025-02-12,10Y,1.3460
JP,2025-02-12,30Y,2.3020
JP,2025-02-13,2Y,0.7940
JP,2025-02-13,5Y,1.0060
JP,2025-02-13,10Y,1.3570
JP,2025-02-13,30Y,2.3180
JP,2025-02-14,2Y,0.7940
JP,2025-02-14,5Y,1.0130
JP,2025-02-14,10Y,1.3570
JP,2025-02-14,30Y,2.3100
JP,2025-02-17,2Y,0.8090
JP,2025-02-17,5Y,1.0570
JP,2025-02-17,10Y,1.3900
JP,2025-02-17,30Y,2.3060
JP,2025-02-18,2Y,0.8270
JP,2025-02-18,5Y,1.0930
JP,2025-02-18,10Y,1.4320
JP,2025-02-18,30Y,2.3350
JP,2025-02-19,2Y,0.8200
JP,2025-02-19,5Y,1.0830
JP,2025-02-19,10Y,1.4320
JP,2025-02-19,30Y,2.3270
JP,2025-02-20,2Y,0.8210
JP,2025-02-20,5Y,1.0870
JP,2025-02-20,10Y,1.4410
JP,2025-02-20,30Y,2.3220
JP,2025-02-21,2Y,0.8180
JP,2025-02-21,5Y,1.0630
JP,2025-02-21,10Y,1.4270
JP,2025-02-21,30Y,2.3350
JP,2025-02-25,2Y,0.8030
JP,2025-02-25,5Y,1.0380
JP,2025-02-25,10Y,1.3870
JP,2025-02-25,30Y,2.3190
JP,2025-02-26,2Y,0.8010
JP,2025-02-26,5Y,1.0220
JP,2025-02-26,10Y,1.3730
JP,2025-02-26,30Y,2.3190
JP,2025-02-27,2Y,0.8260
JP,2025-02-27,5Y,1.0430
JP,2025-02-27,10Y,1.3980
JP,2025-02-27,30Y,2.3380
JP,2025-02-28,2Y,0.8060
JP,2025-02-28,5Y,1.0070
JP,2025-02-28,10Y,1.3780
JP,2025-02-28,30Y,2.3500
JP,2025-03-03,2Y,0.8250
JP,2025-03-03,5Y,1.0500
JP,2025-03-03,10Y,1.4120
JP,2025-03-03,30Y,2.3530
JP,2025-03-04,2Y,0.8310
JP,2025-03-04,5Y,1.0690
JP,2025-03-04,10Y,1.4280
JP,2025-03-04,30Y,2.3600
JP,2025-03-05,2Y,0.8310
JP,2025-03-05,5Y,1.0760
JP,2025-03-05,10Y,1.4480
JP,2025-03-05,30Y,2.3890
JP,2025-03-06,2Y,0.8520
JP,2025-03-06,5Y,1.1320
JP,2025-03-06,10Y,1.5170
JP,2025-03-06,30Y,2.4620
JP,2025-03-07,2Y,0.8480
JP,2025-03-07,5Y,1.1270
JP,2025-03-07,10Y,1.5230
JP,2025-03-07,30Y,2.4960
JP,2025-03-10,2Y,0.8750
JP,2025-03-10,5Y,1.1740
JP,2025-03-10,10Y,1.5750
JP,2025-03-10,30Y,2.5440
JP,2025-03-11,2Y,0.8340
JP,2025-03-11,5Y,1.1150
JP,2025-03-11,10Y,1.5110
JP,2025-03-11,30Y,2.5300
JP,2025-03-12,2Y,0.8500
JP,2025-03-12,5Y,1.1400
JP,2025-03-12,10Y,1.5270
JP,2025-03-12,30Y,2.5350
JP,2025-03-13,2Y,0.8610
JP,2025-03-13,5Y,1.1600
JP,2025-03-13,10Y,1.5490
JP,2025-03-13,30Y,2.5470
JP,2025-03-14,2Y,0.8400
JP,2025-03-14,5Y,1.1310
JP,2025-03-14,10Y,1.5220
JP,2025-03-14,30Y,2.5350
JP,2025-03-17,2Y,0.8110
JP,2025-03-17,5Y,1.1070
JP,2025-03-17,10Y,1.5130
JP,2025-03-17,30Y,2.5500
JP,2025-03-18,2Y,0.8150
JP,2025-03-18,5Y,1.1060
JP,2025-03-18,10Y,1.5070
JP,2025-03-18,30Y,2.5420
JP,2025-03-19,2Y,0.8420
JP,2025-03-19,5Y,1.1240
JP,2025-03-19,10Y,1.5200
JP,2025-03-19,30Y,2.5430
JP,2025-03-21,2Y,0.8540
JP,2025-03-21,5Y,1.1340
JP,2025-03-21,10Y,1.5270
JP,2025-03-21,30Y,2.5390
JP,2025-03-24,2Y,0.8710
JP,2025-03-24,5Y,1.1490
JP,2025-03-24,10Y,1.5490
JP,2025-03-24,30Y,2.5430
JP,2025-03-25,2Y,0.8870
JP,2025-03-25,5Y,1.1860
JP,2025-03-25,10Y,1.5780
JP,2025-03-25,30Y,2.5410
JP,2025-03-26,2Y,0.8920
JP,2025-03-26,5Y,1.1970
JP,2025-03-26,10Y,1.5830
JP,2025-03-26,30Y,2.5430
JP,2025-03-27,2Y,0.8930
JP,2025-03-27,5Y,1.1940
JP,2025-03-27,10Y,1.5880
JP,2025-03-27,30Y,2.5300
JP,2025-03-28,2Y,0.8770
JP,2025-03-28,5Y,1.1670
JP,2025-03-28,10Y,1.5510
JP,2025-03-28,30Y,2.4860
JP,2025-03-31,2Y,0.8540
JP,2025-03-31,5Y,1.1130
JP,2025-03-31,10Y,1.4970
JP,2025-03-31,30Y,2.4800
JP,2025-04-01,2Y,0.8550
JP,2025-04-01,5Y,1.1220
JP,2025-04-01,10Y,1.5110
JP,2025-04-01,30Y,2.4980
JP,2025-04-02,2Y,0.8340
JP,2025-04-02,5Y,1.0920
JP,2025-04-02,10Y,1.4810
JP,2025-04-02,30Y,2.4440
JP,2025-04-03,2Y,0.7540
JP,2025-04-03,5Y,0.9870
JP,2025-04-03,10Y,1.3660
JP,2025-04-03,30Y,2.3800
JP,2025-04-04,2Y,0.6120
JP,2025-04-04,5Y,0.7970
JP,2025-04-04,10Y,1.1760
JP,2025-04-04,30Y,2.3030
JP,2025-04-07,2Y,0.5860
JP,2025-04-07,5Y,0.7610
JP,2025-04-07,10Y,1.1290
JP,2025-04-07,30Y,2.2820
JP,2025-04-08,2Y,0.6470
JP,2025-04-08,5Y,0.8690
JP,2025-04-08,10Y,1.2680
JP,2025-04-08,30Y,2.4790
JP,2025-04-09,2Y,0.6110
JP,2025-04-09,5Y,0.8530
JP,2025-04-09,10Y,1.2840
JP,2025-04-09,30Y,2.6430
JP,2025-04-10,2Y,0.6760
JP,2025-04-10,5Y,0.9310
JP,2025-04-10,10Y,1.3790
JP,2025-04-10,30Y,2.6110
JP,2025-04-11,2Y,0.6110
JP,2025-04-11,5Y,0.8440
JP,2025-04-11,10Y,1.3570
JP,2025-04-11,30Y,2.6610
JP,2025-04-14,2Y,0.5890
JP,2025-04-14,5Y,0.8170
JP,2025-04-14,10Y,1.3500
JP,2025-04-14,30Y,2.7560
JP,2025-04-15,2Y,0.6460
JP,2025-04-15,5Y,0.8850
JP,2025-04-15,10Y,1.3770
JP,2025-04-15,30Y,2.7330
JP,2025-04-16,2Y,0.6150
JP,2025-04-16,5Y,0.8420
JP,2025-04-16,10Y,1.3050
JP,2025-04-16,30Y,2.6460
JP,2025-04-17,2Y,0.6500
JP,2025-04-17,5Y,0.8670
JP,2025-04-17,10Y,1.3200
JP,2025-04-17,30Y,2.6070
JP,2025-04-18,2Y,0.6360
JP,2025-04-18,5Y,0.8440
JP,2025-04-18,10Y,1.3020
JP,2025-04-18,30Y,2.6500
JP,2025-04-21,2Y,0.6490
JP,2025-04-21,5Y,0.8480
JP,2025-04-21,10Y,1.3020
JP,2025-04-21,30Y,2.6770
JP,2025-04-22,2Y,0.6700
JP,2025-04-22,5Y,0.8780
JP,2025-04-22,10Y,1.3230
JP,2025-04-22,30Y,2.6730
JP,2025-04-23,2Y,0.6840
JP,2025-04-23,5Y,0.9060
JP,2025-04-23,10Y,1.3400
JP,2025-04-23,30Y,2.6260
JP,2025-04-24,2Y,0.6790
JP,2025-04-24,5Y,0.8840
JP,2025-04-24,10Y,1.3280
JP,2025-04-24,30Y,2.6340
JP,2025-04-25,2Y,0.6890
JP,2025-04-25,5Y,0.9030
JP,2025-04-25,10Y,1.3470
JP,2025-04-25,30Y,2.6390
JP,2025-04-28,2Y,0.6860
JP,2025-04-28,5Y,0.8980
JP,2025-04-28,10Y,1.3290
JP,2025-04-28,30Y,2.6390
JP,2025-04-30,2Y,0.6760
JP,2025-04-30,5Y,0.8880
JP,2025-04-30,10Y,1.3300
JP,2025-04-30,30Y,2.6450
JP,2025-05-01,2Y,0.6290
JP,2025-05-01,5Y,0.8440
JP,2025-05-01,10Y,1.2910
JP,2025-05-01,30Y,2.6530
JP,2025-05-02,2Y,0.6090
JP,2025-05-02,5Y,0.8300
JP,2025-05-02,10Y,1.2830
JP,2025-05-02,30Y,2.6930
JP,2025-05-07,2Y,0.6090
JP,2025-05-07,5Y,0.8500
JP,2025-05-07,10Y,1.3180
JP,2025-05-07,30Y,2.7910
JP,2025-05-08,2Y,0.6190
JP,2025-05-08,5Y,0.8710
JP,2025-05-08,10Y,1.3430
JP,2025-05-08,30Y,2.7790
JP,2025-05-09,2Y,0.6340
JP,2025-05-09,5Y,0.8910
JP,2025-05-09,10Y,1.3700
JP,2025-05-09,30Y,2.8020
JP,2025-05-12,2Y,0.6600
JP,2025-05-12,5Y,0.9220
JP,2025-05-12,10Y,1.4050
JP,2025-05-12,30Y,2.8360
JP,2025-05-13,2Y,0.7180
JP,2025-05-13,5Y,0.9890
JP,2025-05-13,10Y,1.4600
JP,2025-05-13,30Y,2.7790
JP,2025-05-14,2Y,0.7060
JP,2025-05-14,5Y,0.9770
JP,2025-05-14,10Y,1.4660
JP,2025-05-14,30Y,2.8110
JP,2025-05-15,2Y,0.7170
JP,2025-05-15,5Y,1.0100
JP,2025-05-15,10Y,1.4890
JP,2025-05-15,30Y,2.8390
JP,2025-05-16,2Y,0.7070
JP,2025-05-16,5Y,0.9920
JP,2025-05-16,10Y,1.4660
JP,2025-05-16,30Y,2.8400
JP,2025-05-19,2Y,0.7180
JP,2025-05-19,5Y,1.0070
JP,2025-05-19,10Y,1.4940
JP,2025-05-19,30Y,2.8510
JP,2025-05-20,2Y,0.7280
JP,2025-05-20,5Y,1.0180
JP,2025-05-20,10Y,1.5300
JP,2025-05-20,30Y,2.9690
JP,2025-05-21,2Y,0.7200
JP,2025-05-21,5Y,1.0080
JP,2025-05-21,10Y,1.5300
JP,2025-05-21,30Y,2.9760
JP,2025-05-22,2Y,0.7370
JP,2025-05-22,5Y,1.0450
JP,2025-05-22,10Y,1.5730
JP,2025-05-22,30Y,2.9990
JP,2025-05-23,2Y,0.7310
JP,2025-05-23,5Y,1.0440
JP,2025-05-23,10Y,1.5590
JP,2025-05-23,30Y,2.9250
JP,2025-05-26,2Y,0.7280
JP,2025-05-26,5Y,1.0230
JP,2025-05-26,10Y,1.5220
JP,2025-05-26,30Y,2.9000
JP,2025-05-27,2Y,0.7390
JP,2025-05-27,5Y,1.0120
JP,2025-05-27,10Y,1.4790
JP,2025-05-27,30Y,2.7430
JP,2025-05-28,2Y,0.7530
JP,2025-05-28,5Y,1.0540
JP,2025-05-28,10Y,1.5310
JP,2025-05-28,30Y,2.7960
JP,2025-05-29,2Y,0.7580
JP,2025-05-29,5Y,1.0430
JP,2025-05-29,10Y,1.5320
JP,2025-05-29,30Y,2.8530
JP,2025-05-30,2Y,0.7500
JP,2025-05-30,5Y,1.0290
JP,2025-05-30,10Y,1.5180
JP,2025-05-30,30Y,2.8460
JP,2025-06-02,2Y,0.7550
JP,2025-06-02,5Y,1.0430
JP,2025-06-02,10Y,1.5230
JP,2025-06-02,30Y,2.8210
JP,2025-06-03,2Y,0.7550
JP,2025-06-03,5Y,1.0350
JP,2025-06-03,10Y,1.4990
JP,2025-06-03,30Y,2.8250
JP,2025-06-04,2Y,0.7650
JP,2025-06-04,5Y,1.0550
JP,2025-06-04,10Y,1.5180
JP,2025-06-04,30Y,2.8330
JP,2025-06-05,2Y,0.7550
JP,2025-06-05,5Y,1.0200
JP,2025-06-05,10Y,1.4810
JP,2025-06-05,30Y,2.7870
JP,2025-06-06,2Y,0.7600
JP,2025-06-06,5Y,1.0230
JP,2025-06-06,10Y,1.4770
JP,2025-06-06,30Y,2.7800
JP,2025-06-09,2Y,0.7750
JP,2025-06-09,5Y,1.0430
JP,2025-06-09,10Y,1.4910
JP,2025-06-09,30Y,2.8050
JP,2025-06-10,2Y,0.7710
JP,2025-06-10,5Y,1.0450
JP,2025-06-10,10Y,1.4980
JP,2025-06-10,30Y,2.8090
JP,2025-06-11,2Y,0.7560
JP,2025-06-11,5Y,1.0290
JP,2025-06-11,10Y,1.4800
JP,2025-06-11,30Y,2.8080
JP,2025-06-12,2Y,0.7560
JP,2025-06-12,5Y,1.0240
JP,2025-06-12,10Y,1.4800
JP,2025-06-12,30Y,2.8040
JP,2025-06-13,2Y,0.7360
JP,2025-06-13,5Y,0.9790
JP,2025-06-13,10Y,1.4290
JP,2025-06-13,30Y,2.7810
JP,2025-06-16,2Y,0.7580
JP,2025-06-16,5Y,1.0250
JP,2025-06-16,10Y,1.4770
JP,2025-06-16,30Y,2.7990
JP,2025-06-17,2Y,0.7690
JP,2025-06-17,5Y,1.0470
JP,2025-06-17,10Y,1.4980
JP,2025-06-17,30Y,2.8230
JP,2025-06-18,2Y,0.7550
JP,2025-06-18,5Y,1.0220
JP,2025-06-18,10Y,1.4790
JP,2025-06-18,30Y,2.8190
JP,2025-06-19,2Y,0.7280
JP,2025-06-19,5Y,0.9730
JP,2025-06-19,10Y,1.4390
JP,2025-06-19,30Y,2.8080
JP,2025-06-20,2Y,0.7280
JP,2025-06-20,5Y,0.9650
JP,2025-06-20,10Y,1.4240
JP,2025-06-20,30Y,2.7980
JP,2025-06-23,2Y,0.7380
JP,2025-06-23,5Y,0.9810
JP,2025-06-23,10Y,1.4370
JP,2025-06-23,30Y,2.8080
JP,2025-06-24,2Y,0.7380
JP,2025-06-24,5Y,0.9810
JP,2025-06-24,10Y,1.4450
JP,2025-06-24,30Y,2.8110
JP,2025-06-25,2Y,0.7240
JP,2025-06-25,5Y,0.9670
JP,2025-06-25,10Y,1.4260
JP,2025-06-25,30Y,2.7960
JP,2025-06-26,2Y,0.7350
JP,2025-06-26,5Y,0.9860
JP,2025-06-26,10Y,1.4450
JP,2025-06-26,30Y,2.7920
JP,2025-06-27,2Y,0.7400
JP,2025-06-27,5Y,0.9940
JP,2025-06-27,10Y,1.4590
JP,2025-06-27,30Y,2.8000
JP,2025-06-30,2Y,0.7460
JP,2025-06-30,5Y,0.9990
JP,2025-06-30,10Y,1.4620
JP,2025-06-30,30Y,2.8030
JP,2025-07-01,2Y,0.7350
JP,2025-07-01,5Y,0.9860
JP,2025-07-01,10Y,1.4190
JP,2025-07-01,30Y,2.7890
JP,2025-07-02,2Y,0.7410
JP,2025-07-02,5Y,0.9920
JP,2025-07-02,10Y,1.4340
JP,2025-07-02,30Y,2.7850
JP,2025-07-03,2Y,0.7460
JP,2025-07-03,5Y,1.0090
JP,2025-07-03,10Y,1.4480
JP,2025-07-03,30Y,2.8440
JP,2025-07-04,2Y,0.7360
JP,2025-07-04,5Y,0.9920
JP,2025-07-04,10Y,1.4440
JP,2025-07-04,30Y,2.8520
JP,2025-07-07,2Y,0.7320
JP,2025-07-07,5Y,0.9930
JP,2025-07-07,10Y,1.4630
JP,2025-07-07,30Y,2.9320
JP,2025-07-08,2Y,0.7330
JP,2025-07-08,5Y,1.0090
JP,2025-07-08,10Y,1.4920
JP,2025-07-08,30Y,3.0070
JP,2025-07-09,2Y,0.7540
JP,2025-07-09,5Y,1.0290
JP,2025-07-09,10Y,1.5070
JP,2025-07-09,30Y,3.0030
JP,2025-07-10,2Y,0.7600
JP,2025-07-10,5Y,1.0250
JP,2025-07-10,10Y,1.4980
JP,2025-07-10,30Y,3.0080
JP,2025-07-11,2Y,0.7640
JP,2025-07-11,5Y,1.0350
JP,2025-07-11,10Y,1.5070
JP,2025-07-11,30Y,2.9920
JP,2025-07-14,2Y,0.7810
JP,2025-07-14,5Y,1.0740
JP,2025-07-14,10Y,1.5740
JP,2025-07-14,30Y,3.0830
JP,2025-07-15,2Y,0.7920
JP,2025-07-15,5Y,1.0850
JP,2025-07-15,10Y,1.5880
JP,2025-07-15,30Y,3.0870
JP,2025-07-16,2Y,0.7930
JP,2025-07-16,5Y,1.0850
JP,2025-07-16,10Y,1.5750
JP,2025-07-16,30Y,3.0110
JP,2025-07-17,2Y,0.7880
JP,2025-07-17,5Y,1.0810
JP,2025-07-17,10Y,1.5610
JP,2025-07-17,30Y,3.0290
JP,2025-07-18,2Y,0.7720
JP,2025-07-18,5Y,1.0460
JP,2025-07-18,10Y,1.5280
JP,2025-07-18,30Y,3.0140
JP,2025-07-22,2Y,0.7600
JP,2025-07-22,5Y,1.0270
JP,2025-07-22,10Y,1.5100
JP,2025-07-22,30Y,3.0220
JP,2025-07-23,2Y,0.8380
JP,2025-07-23,5Y,1.1250
JP,2025-07-23,10Y,1.5960
JP,2025-07-23,30Y,3.0620
JP,2025-07-24,2Y,0.8540
JP,2025-07-24,5Y,1.1400
JP,2025-07-24,10Y,1.6050
JP,2025-07-24,30Y,3.0340
JP,2025-07-25,2Y,0.8630
JP,2025-07-25,5Y,1.1550
JP,2025-07-25,10Y,1.6050
JP,2025-07-25,30Y,3.0060
JP,2025-07-28,2Y,0.8490
JP,2025-07-28,5Y,1.1220
JP,2025-07-28,10Y,1.5710
JP,2025-07-28,30Y,2.9750
JP,2025-07-29,2Y,0.8350
JP,2025-07-29,5Y,1.1080
JP,2025-07-29,10Y,1.5640
JP,2025-07-29,30Y,2.9990
JP,2025-07-30,2Y,0.8260
JP,2025-07-30,5Y,1.0970
JP,2025-07-30,10Y,1.5650
JP,2025-07-30,30Y,3.0190
JP,2025-07-31,2Y,0.8260
JP,2025-07-31,5Y,1.0970
JP,2025-07-31,10Y,1.5590
JP,2025-07-31,30Y,3.0260
JP,2025-08-01,2Y,0.8140
JP,2025-08-01,5Y,1.0890
JP,2025-08-01,10Y,1.5600
JP,2025-08-01,30Y,3.0370
JP,2025-08-04,2Y,0.7640
JP,2025-08-04,5Y,1.0350
JP,2025-08-04,10Y,1.5200
JP,2025-08-04,30Y,3.0460
JP,2025-08-05,2Y,0.7540
JP,2025-08-05,5Y,1.0160
JP,2025-08-05,10Y,1.4870
JP,2025-08-05,30Y,3.0190
JP,2025-08-06,2Y,0.7740
JP,2025-08-06,5Y,1.0340
JP,2025-08-06,10Y,1.5090
JP,2025-08-06,30Y,3.0150
JP,2025-08-07,2Y,0.7700
JP,2025-08-07,5Y,1.0340
JP,2025-08-07,10Y,1.5000
JP,2025-08-07,30Y,3.0060
JP,2025-08-08,2Y,0.7700
JP,2025-08-08,5Y,1.0450
JP,2025-08-08,10Y,1.5020
JP,2025-08-08,30Y,3.0140
JP,2025-08-12,2Y,0.7750
JP,2025-08-12,5Y,1.0510
JP,2025-08-12,10Y,1.5160
JP,2025-08-12,30Y,3.0290
JP,2025-08-13,2Y,0.7850
JP,2025-08-13,5Y,1.0740
JP,2025-08-13,10Y,1.5300
JP,2025-08-13,30Y,3.0250
JP,2025-08-14,2Y,0.8220
JP,2025-08-14,5Y,1.1140
JP,2025-08-14,10Y,1.5630
JP,2025-08-14,30Y,3.0240
JP,2025-08-15,2Y,0.8260
JP,2025-08-15,5Y,1.1200
JP,2025-08-15,10Y,1.5740
JP,2025-08-15,30Y,3.0320
JP,2025-08-18,2Y,0.8330
JP,2025-08-18,5Y,1.1240
JP,2025-08-18,10Y,1.5840
JP,2025-08-18,30Y,3.0490
JP,2025-08-19,2Y,0.8490
JP,2025-08-19,5Y,1.1440
JP,2025-08-19,10Y,1.6030
JP,2025-08-19,30Y,3.0680
JP,2025-08-20,2Y,0.8580
JP,2025-08-20,5Y,1.1550
JP,2025-08-20,10Y,1.6170
JP,2025-08-20,30Y,3.0950
JP,2025-08-21,2Y,0.8620
JP,2025-08-21,5Y,1.1590
JP,2025-08-21,10Y,1.6170
JP,2025-08-21,30Y,3.0980
JP,2025-08-22,2Y,0.8730
JP,2025-08-22,5Y,1.1640
JP,2025-08-22,10Y,1.6260
JP,2025-08-22,30Y,3.1200
JP,2025-08-25,2Y,0.8690
JP,2025-08-25,5Y,1.1650
JP,2025-08-25,10Y,1.6280
JP,2025-08-25,30Y,3.1190
JP,2025-08-26,2Y,0.8740
JP,2025-08-26,5Y,1.1660
JP,2025-08-26,10Y,1.6310
JP,2025-08-26,30Y,3.1100
JP,2025-08-27,2Y,0.8690
JP,2025-08-27,5Y,1.1700
JP,2025-08-27,10Y,1.6370
JP,2025-08-27,30Y,3.1340
JP,2025-08-28,2Y,0.8710
JP,2025-08-28,5Y,1.1670
JP,2025-08-28,10Y,1.6280
JP,2025-08-28,30Y,3.1220
JP,2025-08-29,2Y,0.8710
JP,2025-08-29,5Y,1.1620
JP,2025-08-29,10Y,1.6130
JP,2025-08-29,30Y,3.0960
JP,2025-09-01,2Y,0.8800
JP,2025-09-01,5Y,1.1780
JP,2025-09-01,10Y,1.6330
JP,2025-09-01,30Y,3.1020
JP,2025-09-02,2Y,0.8700
JP,2025-09-02,5Y,1.1570
JP,2025-09-02,10Y,1.6150
JP,2025-09-02,30Y,3.1110
JP,2025-09-03,2Y,0.8700
JP,2025-09-03,5Y,1.1690
JP,2025-09-03,10Y,1.6430
JP,2025-09-03,30Y,3.1700
JP,2025-09-04,2Y,0.8550
JP,2025-09-04,5Y,1.1500
JP,2025-09-04,10Y,1.6170
JP,2025-09-04,30Y,3.1580
JP,2025-09-05,2Y,0.8410
JP,2025-09-05,5Y,1.1190
JP,2025-09-05,10Y,1.5900
JP,2025-09-05,30Y,3.1280
JP,2025-09-08,2Y,0.8310
JP,2025-09-08,5Y,1.1110
JP,2025-09-08,10Y,1.5860
JP,2025-09-08,30Y,3.1670
JP,2025-09-09,2Y,0.8420
JP,2025-09-09,5Y,1.1100
JP,2025-09-09,10Y,1.5800
JP,2025-09-09,30Y,3.1470
JP,2025-09-10,2Y,0.8570
JP,2025-09-10,5Y,1.1250
JP,2025-09-10,10Y,1.5850
JP,2025-09-10,30Y,3.1230
JP,2025-09-11,2Y,0.8620
JP,2025-09-11,5Y,1.1340
JP,2025-09-11,10Y,1.5940
JP,2025-09-11,30Y,3.1150
JP,2025-09-12,2Y,0.8730
JP,2025-09-12,5Y,1.1560
JP,2025-09-12,10Y,1.6130
JP,2025-09-12,30Y,3.1030
JP,2025-09-16,2Y,0.8840
JP,2025-09-16,5Y,1.1710
JP,2025-09-16,10Y,1.6230
JP,2025-09-16,30Y,3.1320
JP,2025-09-17,2Y,0.8830
JP,2025-09-17,5Y,1.1610
JP,2025-09-17,10Y,1.6110
JP,2025-09-17,30Y,3.1080
JP,2025-09-18,2Y,0.8880
JP,2025-09-18,5Y,1.1700
JP,2025-09-18,10Y,1.6150
JP,2025-09-18,30Y,3.0930
JP,2025-09-19,2Y,0.9180
JP,2025-09-19,5Y,1.2140
JP,2025-09-19,10Y,1.6550
JP,2025-09-19,30Y,3.0720
JP,2025-09-22,2Y,0.9350
JP,2025-09-22,5Y,1.2440
JP,2025-09-22,10Y,1.6690
JP,2025-09-22,30Y,3.0940
JP,2025-09-24,2Y,0.9320
JP,2025-09-24,5Y,1.2390
JP,2025-09-24,10Y,1.6550
JP,2025-09-24,30Y,3.0740
JP,2025-09-25,2Y,0.9360
JP,2025-09-25,5Y,1.2500
JP,2025-09-25,10Y,1.6590
JP,2025-09-25,30Y,3.0540
JP,2025-09-26,2Y,0.9310
JP,2025-09-26,5Y,1.2450
JP,2025-09-26,10Y,1.6690
JP,2025-09-26,30Y,3.0840
JP,2025-09-29,2Y,0.9310
JP,2025-09-29,5Y,1.2410
JP,2025-09-29,10Y,1.6570
JP,2025-09-29,30Y,3.0500
JP,2025-09-30,2Y,0.9580
JP,2025-09-30,5Y,1.2440
JP,2025-09-30,10Y,1.6620
JP,2025-09-30,30Y,3.0670
JP,2025-10-01,2Y,0.9540
JP,2025-10-01,5Y,1.2480
JP,2025-10-01,10Y,1.6630
JP,2025-10-01,30Y,3.0740
JP,2025-10-02,2Y,0.9550
JP,2025-10-02,5Y,1.2570
JP,2025-10-02,10Y,1.6750
JP,2025-10-02,30Y,3.0870
JP,2025-10-03,2Y,0.9450
JP,2025-10-03,5Y,1.2410
JP,2025-10-03,10Y,1.6670
JP,2025-10-03,30Y,3.0720
JP,2025-10-06,2Y,0.8990
JP,2025-10-06,5Y,1.2170
JP,2025-10-06,10Y,1.6770
JP,2025-10-06,30Y,3.1750
JP,2025-10-07,2Y,0.9090
JP,2025-10-07,5Y,1.2300
JP,2025-10-07,10Y,1.6820
JP,2025-10-07,30Y,3.1770
JP,2025-10-08,2Y,0.9300
JP,2025-10-08,5Y,1.2520
JP,2025-10-08,10Y,1.7010
JP,2025-10-08,30Y,3.1640
JP,2025-10-09,2Y,0.9300
JP,2025-10-09,5Y,1.2430
JP,2025-10-09,10Y,1.6970
JP,2025-10-09,30Y,3.1800
JP,2025-10-10,2Y,0.9250
JP,2025-10-10,5Y,1.2310
JP,2025-10-10,10Y,1.6970
JP,2025-10-10,30Y,3.1870
JP,2025-10-14,2Y,0.8950
JP,2025-10-14,5Y,1.1950
JP,2025-10-14,10Y,1.6700
JP,2025-10-14,30Y,3.2180
JP,2025-10-15,2Y,0.9000
JP,2025-10-15,5Y,1.1990
JP,2025-10-15,10Y,1.6620
JP,2025-10-15,30Y,3.1750
JP,2025-10-16,2Y,0.9200
JP,2025-10-16,5Y,1.2140
JP,2025-10-16,10Y,1.6630
JP,2025-10-16,30Y,3.1340
JP,2025-10-17,2Y,0.9090
JP,2025-10-17,5Y,1.1990
JP,2025-10-17,10Y,1.6380
JP,2025-10-17,30Y,3.1340
JP,2025-10-20,2Y,0.9500
JP,2025-10-20,5Y,1.2480
JP,2025-10-20,10Y,1.6760
JP,2025-10-20,30Y,3.1290
JP,2025-10-21,2Y,0.9400
JP,2025-10-21,5Y,1.2330
JP,2025-10-21,10Y,1.6670
JP,2025-10-21,30Y,3.1380
JP,2025-10-22,2Y,0.9290
JP,2025-10-22,5Y,1.2250
JP,2025-10-22,10Y,1.6630
JP,2025-10-22,30Y,3.1300
JP,2025-10-23,2Y,0.9330
JP,2025-10-23,5Y,1.2290
JP,2025-10-23,10Y,1.6670
JP,2025-10-23,30Y,3.1010
JP,2025-10-24,2Y,0.9320
JP,2025-10-24,5Y,1.2290
JP,2025-10-24,10Y,1.6670
JP,2025-10-24,30Y,3.0810
JP,2025-10-27,2Y,0.9430
JP,2025-10-27,5Y,1.2420
JP,2025-10-27,10Y,1.6830
JP,2025-10-27,30Y,3.0970
JP,2025-10-28,2Y,0.9400
JP,2025-10-28,5Y,1.2260
JP,2025-10-28,10Y,1.6540
JP,2025-10-28,30Y,3.0830
JP,2025-10-29,2Y,0.9430
JP,2025-10-29,5Y,1.2370
JP,2025-10-29,10Y,1.6640
JP,2025-10-29,30Y,3.0720
JP,2025-10-30,2Y,0.9290
JP,2025-10-30,5Y,1.2220
JP,2025-10-30,10Y,1.6600
JP,2025-10-30,30Y,3.0630
JP,2025-10-31,2Y,0.9280
JP,2025-10-31,5Y,1.2350
JP,2025-10-31,10Y,1.6700
JP,2025-10-31,30Y,3.0680
JP,2025-11-04,2Y,0.9450
JP,2025-11-04,5Y,1.2530
JP,2025-11-04,10Y,1.6840
JP,2025-11-04,30Y,3.1050
JP,2025-11-05,2Y,0.9300
JP,2025-11-05,5Y,1.2340
JP,2025-11-05,10Y,1.6760
JP,2025-11-05,30Y,3.1010
JP,2025-11-06,2Y,0.9410
JP,2025-11-06,5Y,1.2530
JP,2025-11-06,10Y,1.6940
JP,2025-11-06,30Y,3.1050
JP,2025-11-07,2Y,0.9410
JP,2025-11-07,5Y,1.2570
JP,2025-11-07,10Y,1.6880
JP,2025-11-07,30Y,3.1170
JP,2025-11-10,2Y,0.9480
JP,2025-11-10,5Y,1.2720
JP,2025-11-10,10Y,1.7120
JP,2025-11-10,30Y,3.1410
JP,2025-11-11,2Y,0.9370
JP,2025-11-11,5Y,1.2580
JP,2025-11-11,10Y,1.7040
JP,2025-11-11,30Y,3.1770
JP,2025-11-12,2Y,0.9420
JP,2025-11-12,5Y,1.2580
JP,2025-11-12,10Y,1.7000
JP,2025-11-12,30Y,3.1890
JP,2025-11-13,2Y,0.9320
JP,2025-11-13,5Y,1.2540
JP,2025-11-13,10Y,1.7050
JP,2025-11-13,30Y,3.1880
JP,2025-11-14,2Y,0.9320
JP,2025-11-14,5Y,1.2590
JP,2025-11-14,10Y,1.7140
JP,2025-11-14,30Y,3.2050
JP,2025-11-17,2Y,0.9380
JP,2025-11-17,5Y,1.2700
JP,2025-11-17,10Y,1.7450
JP,2025-11-17,30Y,3.2410
JP,2025-11-18,2Y,0.9280
JP,2025-11-18,5Y,1.2650
JP,2025-11-18,10Y,1.7590
JP,2025-11-18,30Y,3.2850
JP,2025-11-19,2Y,0.9340
JP,2025-11-19,5Y,1.2750
JP,2025-11-19,10Y,1.7790
JP,2025-11-19,30Y,3.3080
JP,2025-11-20,2Y,0.9650
JP,2025-11-20,5Y,1.3350
JP,2025-11-20,10Y,1.8240
JP,2025-11-20,30Y,3.3340
JP,2025-11-21,2Y,0.9590
JP,2025-11-21,5Y,1.3240
JP,2025-11-21,10Y,1.7920
JP,2025-11-21,30Y,3.2910
JP,2025-11-25,2Y,0.9750
JP,2025-11-25,5Y,1.3440
JP,2025-11-25,10Y,1.8110
JP,2025-11-25,30Y,3.3020
JP,2025-11-26,2Y,0.9850
JP,2025-11-26,5Y,1.3490
JP,2025-11-26,10Y,1.8250
JP,2025-11-26,30Y,3.2940
JP,2025-11-27,2Y,0.9770
JP,2025-11-27,5Y,1.3320
JP,2025-11-27,10Y,1.8070
JP,2025-11-27,30Y,3.2970
JP,2025-11-28,2Y,0.9920
JP,2025-11-28,5Y,1.3260
JP,2025-11-28,10Y,1.8120
JP,2025-11-28,30Y,3.3000
JP,2025-12-01,2Y,1.0200
JP,2025-12-01,5Y,1.3970
JP,2025-12-01,10Y,1.8810
JP,2025-12-01,30Y,3.3430
JP,2025-12-02,2Y,1.0050
JP,2025-12-02,5Y,1.3820
JP,2025-12-02,10Y,1.8640
JP,2025-12-02,30Y,3.3310
JP,2025-12-03,2Y,1.0160
JP,2025-12-03,5Y,1.4000
JP,2025-12-03,10Y,1.8970
JP,2025-12-03,30Y,3.3670
JP,2025-12-04,2Y,1.0210
JP,2025-12-04,5Y,1.4250
JP,2025-12-04,10Y,1.9390
JP,2025-12-04,30Y,3.3430
JP,2025-12-05,2Y,1.0520
JP,2025-12-05,5Y,1.4500
JP,2025-12-05,10Y,1.9510
JP,2025-12-05,30Y,3.3150
JP,2025-12-08,2Y,1.0630
JP,2025-12-08,5Y,1.4620
JP,2025-12-08,10Y,1.9660
JP,2025-12-08,30Y,3.3380
JP,2025-12-09,2Y,1.0690
JP,2025-12-09,5Y,1.4570
JP,2025-12-09,10Y,1.9620
JP,2025-12-09,30Y,3.3340
JP,2025-12-10,2Y,1.0740
JP,2025-12-10,5Y,1.4620
JP,2025-12-10,10Y,1.9580
JP,2025-12-10,30Y,3.3460
JP,2025-12-11,2Y,1.0540
JP,2025-12-11,5Y,1.4390
JP,2025-12-11,10Y,1.9330
JP,2025-12-11,30Y,3.3340
JP,2025-12-12,2Y,1.0700
JP,2025-12-12,5Y,1.4560
JP,2025-12-12,10Y,1.9560
JP,2025-12-12,30Y,3.3090
JP,2025-12-15,2Y,1.0710
JP,2025-12-15,5Y,1.4520
JP,2025-12-15,10Y,1.9610
JP,2025-12-15,30Y,3.3200
JP,2025-12-16,2Y,1.0670
JP,2025-12-16,5Y,1.4520
JP,2025-12-16,10Y,1.9570
JP,2025-12-16,30Y,3.3070
JP,2025-12-17,2Y,1.0770
JP,2025-12-17,5Y,1.4620
JP,2025-12-17,10Y,1.9800
JP,2025-12-17,30Y,3.3110
JP,2025-12-18,2Y,1.0730
JP,2025-12-18,5Y,1.4540
JP,2025-12-18,10Y,1.9720
JP,2025-12-18,30Y,3.3300
JP,2025-12-19,2Y,1.1010
JP,2025-12-19,5Y,1.5060
JP,2025-12-19,10Y,2.0210
JP,2025-12-19,30Y,3.3620
JP,2025-12-22,2Y,1.1290
JP,2025-12-22,5Y,1.5580
JP,2025-12-22,10Y,2.0730
JP,2025-12-22,30Y,3.3740
JP,2025-12-23,2Y,1.1110
JP,2025-12-23,5Y,1.5150
JP,2025-12-23,10Y,2.0390
JP,2025-12-23,30Y,3.3710
JP,2025-12-24,2Y,1.1110
JP,2025-12-24,5Y,1.5150
JP,2025-12-24,10Y,2.0440
JP,2025-12-24,30Y,3.3710
JP,2025-12-25,2Y,1.1470
JP,2025-12-25,5Y,1.5440
JP,2025-12-25,10Y,2.0420
JP,2025-12-25,30Y,3.3490
JP,2025-12-26,2Y,1.1410
JP,2025-12-26,5Y,1.5390
JP,2025-12-26,10Y,2.0390
JP,2025-12-26,30Y,3.3350
JP,2025-12-29,2Y,1.1500
JP,2025-12-29,5Y,1.5490
JP,2025-12-29,10Y,2.0520
JP,2025-12-29,30Y,3.3710
JP,2025-12-30,2Y,1.1670
JP,2025-12-30,5Y,1.5670
JP,2025-12-30,10Y,2.0660
JP,2025-12-30,30Y,3.3540
JP,2026-01-05,2Y,1.1940
JP,2026-01-05,5Y,1.6200
JP,2026-01-05,10Y,2.1110
JP,2026-01-05,30Y,3.3930
JP,2026-01-06,2Y,1.1850
JP,2026-01-06,5Y,1.6150
JP,2026-01-06,10Y,2.1230
JP,2026-01-06,30Y,3.4200
JP,2026-01-07,2Y,1.1700
JP,2026-01-07,5Y,1.6050
JP,2026-01-07,10Y,2.1240
JP,2026-01-07,30Y,3.4280
JP,2026-01-08,2Y,1.1290
JP,2026-01-08,5Y,1.5540
JP,2026-01-08,10Y,2.0830
JP,2026-01-08,30Y,3.4350
JP,2026-01-09,2Y,1.1510
JP,2026-01-09,5Y,1.5800
JP,2026-01-09,10Y,2.0960
JP,2026-01-09,30Y,3.3990
JP,2026-01-13,2Y,1.1640
JP,2026-01-13,5Y,1.6260
JP,2026-01-13,10Y,2.1630
JP,2026-01-13,30Y,3.4620
JP,2026-01-14,2Y,1.1860
JP,2026-01-14,5Y,1.6470
JP,2026-01-14,10Y,2.1820
JP,2026-01-14,30Y,3.4860
JP,2026-01-15,2Y,1.1900
JP,2026-01-15,5Y,1.6360
JP,2026-01-15,10Y,2.1640
JP,2026-01-15,30Y,3.4540
JP,2026-01-16,2Y,1.2050
JP,2026-01-16,5Y,1.6470
JP,2026-01-16,10Y,2.1820
JP,2026-01-16,30Y,3.4620
JP,2026-01-19,2Y,1.2300
JP,2026-01-19,5Y,1.6910
JP,2026-01-19,10Y,2.2660
JP,2026-01-19,30Y,3.5620
JP,2026-01-20,2Y,1.2200
JP,2026-01-20,5Y,1.7030
JP,2026-01-20,10Y,2.3300
JP,2026-01-20,30Y,3.7650
JP,2026-01-21,2Y,1.2350
JP,2026-01-21,5Y,1.6870
JP,2026-01-21,10Y,2.2800
JP,2026-01-21,30Y,3.6470
JP,2026-01-22,2Y,1.2240
JP,2026-01-22,5Y,1.6680
JP,2026-01-22,10Y,2.2390
JP,2026-01-22,30Y,3.6040
JP,2026-01-23,2Y,1.2620
JP,2026-01-23,5Y,1.6960
JP,2026-01-23,10Y,2.2530
JP,2026-01-23,30Y,3.5850
JP,2026-01-26,2Y,1.2770
JP,2026-01-26,5Y,1.6920
JP,2026-01-26,10Y,2.2360
JP,2026-01-26,30Y,3.5680
JP,2026-01-27,2Y,1.2840
JP,2026-01-27,5Y,1.7170
JP,2026-01-27,10Y,2.2810
JP,2026-01-27,30Y,3.5990
JP,2026-01-28,2Y,1.2570
JP,2026-01-28,5Y,1.6720
JP,2026-01-28,10Y,2.2370
JP,2026-01-28,30Y,3.5790
JP,2026-01-29,2Y,1.2640
JP,2026-01-29,5Y,1.6840
JP,2026-01-29,10Y,2.2520
JP,2026-01-29,30Y,3.5660
JP,2026-01-30,2Y,1.2510
JP,2026-01-30,5Y,1.6660
JP,2026-01-30,10Y,2.2470
JP,2026-01-30,30Y,3.5770
JP,2026-02-02,2Y,1.2650
JP,2026-02-02,5Y,1.6590
JP,2026-02-02,10Y,2.2350
JP,2026-02-02,30Y,3.5830
JP,2026-02-03,2Y,1.2860
JP,2026-02-03,5Y,1.6930
JP,2026-02-03,10Y,2.2580
JP,2026-02-03,30Y,3.5800
JP,2026-02-04,2Y,1.2760
JP,2026-02-04,5Y,1.6870
JP,2026-02-04,10Y,2.2490
JP,2026-02-04,30Y,3.5790
JP,2026-02-05,2Y,1.2760
JP,2026-02-05,5Y,1.6930
JP,2026-02-05,10Y,2.2310
JP,2026-02-05,30Y,3.5250
JP,2026-02-06,2Y,1.2810
JP,2026-02-06,5Y,1.6970
JP,2026-02-06,10Y,2.2360
JP,2026-02-06,30Y,3.5130
JP,2026-02-09,2Y,1.3130
JP,2026-02-09,5Y,1.7510
JP,2026-02-09,10Y,2.2890
JP,2026-02-09,30Y,3.5200
JP,2026-02-10,2Y,1.3030
JP,2026-02-10,5Y,1.7120
JP,2026-02-10,10Y,2.2410
JP,2026-02-10,30Y,3.4680
JP,2026-02-12,2Y,1.3050
JP,2026-02-12,5Y,1.7130
JP,2026-02-12,10Y,2.2380
JP,2026-02-12,30Y,3.4130
JP,2026-02-13,2Y,1.2890
JP,2026-02-13,5Y,1.6920
JP,2026-02-13,10Y,2.2180
JP,2026-02-13,30Y,3.4220
JP,2026-02-16,2Y,1.2750
JP,2026-02-16,5Y,1.6850
JP,2026-02-16,10Y,2.2200
JP,2026-02-16,30Y,3.4610
JP,2026-02-17,2Y,1.2330
JP,2026-02-17,5Y,1.6300
JP,2026-02-17,10Y,2.1430
JP,2026-02-17,30Y,3.3820
JP,2026-02-18,2Y,1.2420
JP,2026-02-18,5Y,1.6340
JP,2026-02-18,10Y,2.1520
JP,2026-02-18,30Y,3.3710
JP,2026-02-19,2Y,1.2650
JP,2026-02-19,5Y,1.6460
JP,2026-02-19,10Y,2.1570
JP,2026-02-19,30Y,3.3400
JP,2026-02-20,2Y,1.2600
JP,2026-02-20,5Y,1.6220
JP,2026-02-20,10Y,2.1250
JP,2026-02-20,30Y,3.3230
JP,2026-02-24,2Y,1.2510
JP,2026-02-24,5Y,1.6120
JP,2026-02-24,10Y,2.1190
JP,2026-02-24,30Y,3.2950
JP,2026-02-25,2Y,1.2240
JP,2026-02-25,5Y,1.6010
JP,2026-02-25,10Y,2.1540
JP,2026-02-25,30Y,3.3800
JP,2026-02-26,2Y,1.2460
JP,2026-02-26,5Y,1.6250
JP,2026-02-26,10Y,2.1680
JP,2026-02-26,30Y,3.3660
JP,2026-02-27,2Y,1.2500
JP,2026-02-27,5Y,1.5940
JP,2026-02-27,10Y,2.1320
JP,2026-02-27,30Y,3.3420
JP,2026-03-02,2Y,1.2190
JP,2026-03-02,5Y,1.5520
JP,2026-03-02,10Y,2.0870
JP,2026-03-02,30Y,3.2930
JP,2026-03-03,2Y,1.2500
JP,2026-03-03,5Y,1.6110
JP,2026-03-03,10Y,2.1480
JP,2026-03-03,30Y,3.3370
JP,2026-03-04,2Y,1.2350
JP,2026-03-04,5Y,1.5970
JP,2026-03-04,10Y,2.1340
JP,2026-03-04,30Y,3.3530
JP,2026-03-05,2Y,1.2560
JP,2026-03-05,5Y,1.6410
JP,2026-03-05,10Y,2.1750
JP,2026-03-05,30Y,3.3740
JP,2026-03-06,2Y,1.2460
JP,2026-03-06,5Y,1.6370
JP,2026-03-06,10Y,2.1800
JP,2026-03-06,30Y,3.3840
JP,2026-03-09,2Y,1.2420
JP,2026-03-09,5Y,1.6440
JP,2026-03-09,10Y,2.2050
JP,2026-03-09,30Y,3.4400
JP,2026-03-10,2Y,1.2580
JP,2026-03-10,5Y,1.6480
JP,2026-03-10,10Y,2.1990
JP,2026-03-10,30Y,3.4120
JP,2026-03-11,2Y,1.2530
JP,2026-03-11,5Y,1.6330
JP,2026-03-11,10Y,2.1780
JP,2026-03-11,30Y,3.4210
JP,2026-03-12,2Y,1.2630
JP,2026-03-12,5Y,1.6460
JP,2026-03-12,10Y,2.2010
JP,2026-03-12,30Y,3.4510
JP,2026-03-13,2Y,1.2890
JP,2026-03-13,5Y,1.7000
JP,2026-03-13,10Y,2.2550
JP,2026-03-13,30Y,3.4790
JP,2026-03-16,2Y,1.2870
JP,2026-03-16,5Y,1.7090
JP,2026-03-16,10Y,2.2880
JP,2026-03-16,30Y,3.5150
JP,2026-03-17,2Y,1.2800
JP,2026-03-17,5Y,1.7000
JP,2026-03-17,10Y,2.2790
JP,2026-03-17,30Y,3.5140
JP,2026-03-18,2Y,1.2610
JP,2026-03-18,5Y,1.6630
JP,2026-03-18,10Y,2.2310
JP,2026-03-18,30Y,3.4620
JP,2026-03-19,2Y,1.2770
JP,2026-03-19,5Y,1.6910
JP,2026-03-19,10Y,2.2730
JP,2026-03-19,30Y,3.4910
JP,2026-03-23,2Y,1.3110
JP,2026-03-23,5Y,1.7460
JP,2026-03-23,10Y,2.3220
JP,2026-03-23,30Y,3.5220
JP,2026-03-24,2Y,1.3110
JP,2026-03-24,5Y,1.7310
JP,2026-03-24,10Y,2.2820
JP,2026-03-24,30Y,3.5090
JP,2026-03-25,2Y,1.3170
JP,2026-03-25,5Y,1.7400
JP,2026-03-25,10Y,2.2670
JP,2026-03-25,30Y,3.4790
JP,2026-03-26,2Y,1.3480
JP,2026-03-26,5Y,1.7610
JP,2026-03-26,10Y,2.2860
JP,2026-03-26,30Y,3.4890
JP,2026-03-27,2Y,1.3930
JP,2026-03-27,5Y,1.8360
JP,2026-03-27,10Y,2.3800
JP,2026-03-27,30Y,3.6290
JP,2026-03-30,2Y,1.3690
JP,2026-03-30,5Y,1.8040
JP,2026-03-30,10Y,2.3680
JP,2026-03-30,30Y,3.6980
JP,2026-03-31,2Y,1.3750
JP,2026-03-31,5Y,1.8040
JP,2026-03-31,10Y,2.3660
JP,2026-03-31,30Y,3.6400
JP,2026-04-01,2Y,1.3490
JP,2026-04-01,5Y,1.7550
JP,2026-04-01,10Y,2.3150
JP,2026-04-01,30Y,3.5640
JP,2026-04-02,2Y,1.3900
JP,2026-04-02,5Y,1.8230
JP,2026-04-02,10Y,2.3950
JP,2026-04-02,30Y,3.6140
JP,2026-04-03,2Y,1.3910
JP,2026-04-03,5Y,1.8180
JP,2026-04-03,10Y,2.3860
JP,2026-04-03,30Y,3.6110
JP,2026-04-06,2Y,1.4020
JP,2026-04-06,5Y,1.8500
JP,2026-04-06,10Y,2.4290
JP,2026-04-06,30Y,3.6720
JP,2026-04-07,2Y,1.3870
JP,2026-04-07,5Y,1.8310
JP,2026-04-07,10Y,2.4110
JP,2026-04-07,30Y,3.6670
JP,2026-04-08,2Y,1.3820
JP,2026-04-08,5Y,1.8120
JP,2026-04-08,10Y,2.3740
JP,2026-04-08,30Y,3.6150
JP,2026-04-09,2Y,1.3940
JP,2026-04-09,5Y,1.8310
JP,2026-04-09,10Y,2.3970
JP,2026-04-09,30Y,3.6190
JP,2026-04-10,2Y,1.4050
JP,2026-04-10,5Y,1.8660
JP,2026-04-10,10Y,2.4390
JP,2026-04-10,30Y,3.6380
JP,2026-04-13,2Y,1.4010
JP,2026-04-13,5Y,1.8760
JP,2026-04-13,10Y,2.4670
JP,2026-04-13,30Y,3.6980
JP,2026-04-14,2Y,1.3820
JP,2026-04-14,5Y,1.8420
JP,2026-04-14,10Y,2.4230
JP,2026-04-14,30Y,3.6330
JP,2026-04-15,2Y,1.3820
JP,2026-04-15,5Y,1.8380
JP,2026-04-15,10Y,2.4140
JP,2026-04-15,30Y,3.6060
JP,2026-04-16,2Y,1.3660
JP,2026-04-16,5Y,1.8300
JP,2026-04-16,10Y,2.4090
JP,2026-04-16,30Y,3.6230
JP,2026-04-17,2Y,1.3720
JP,2026-04-17,5Y,1.8430
JP,2026-04-17,10Y,2.4280
JP,2026-04-17,30Y,3.6220
JP,2026-04-20,2Y,1.3690
JP,2026-04-20,5Y,1.8250
JP,2026-04-20,10Y,2.4050
JP,2026-04-20,30Y,3.5860
JP,2026-04-21,2Y,1.3590
JP,2026-04-21,5Y,1.8160
JP,2026-04-21,10Y,2.3920
JP,2026-04-21,30Y,3.5810
JP,2026-04-22,2Y,1.3620
JP,2026-04-22,5Y,1.8320
JP,2026-04-22,10Y,2.4060
JP,2026-04-22,30Y,3.5970
JP,2026-04-23,2Y,1.3650
JP,2026-04-23,5Y,1.8450
JP,2026-04-23,10Y,2.4290
JP,2026-04-23,30Y,3.6300
JP,2026-04-24,2Y,1.3630
JP,2026-04-24,5Y,1.8420
JP,2026-04-24,10Y,2.4430
JP,2026-04-24,30Y,3.6600
JP,2026-04-27,2Y,1.3750
JP,2026-04-27,5Y,1.8620
JP,2026-04-27,10Y,2.4770
JP,2026-04-27,30Y,3.6750
JP,2026-04-28,2Y,1.3890
JP,2026-04-28,5Y,1.8680
JP,2026-04-28,10Y,2.4680
JP,2026-04-28,30Y,3.6470
JP,2026-04-30,2Y,1.4020
JP,2026-04-30,5Y,1.9030
JP,2026-04-30,10Y,2.5200
JP,2026-04-30,30Y,3.7210
JP,2026-05-01,2Y,1.3850
JP,2026-05-01,5Y,1.8880
JP,2026-05-01,10Y,2.5070
JP,2026-05-01,30Y,3.7060
JP,2026-05-07,2Y,1.3720
JP,2026-05-07,5Y,1.8660
JP,2026-05-07,10Y,2.4850
JP,2026-05-07,30Y,3.7140
JP,2026-05-08,2Y,1.3780
JP,2026-05-08,5Y,1.8750
JP,2026-05-08,10Y,2.4850
JP,2026-05-08,30Y,3.7060
JP,2026-05-11,2Y,1.3950
JP,2026-05-11,5Y,1.9080
JP,2026-05-11,10Y,2.5270
JP,2026-05-11,30Y,3.7410
JP,2026-05-12,2Y,1.4010
JP,2026-05-12,5Y,1.9320
JP,2026-05-12,10Y,2.5460
JP,2026-05-12,30Y,3.7800
JP,2026-05-13,2Y,1.4010
JP,2026-05-13,5Y,1.9450
JP,2026-05-13,10Y,2.5870
JP,2026-05-13,30Y,3.7830
JP,2026-05-14,2Y,1.4070
JP,2026-05-14,5Y,1.9620
JP,2026-05-14,10Y,2.6280
JP,2026-05-14,30Y,3.8520
JP,2026-05-15,2Y,1.4130
JP,2026-05-15,5Y,2.0000
JP,2026-05-15,10Y,2.6910
JP,2026-05-15,30Y,3.9220
JP,2026-05-18,2Y,1.4310
JP,2026-05-18,5Y,2.0150
JP,2026-05-18,10Y,2.7290
JP,2026-05-18,30Y,4.0000
JP,2026-05-19,2Y,1.4520
JP,2026-05-19,5Y,2.0510
JP,2026-05-19,10Y,2.7830
JP,2026-05-19,30Y,4.0430
JP,2026-05-20,2Y,1.4640
JP,2026-05-20,5Y,2.0580
JP,2026-05-20,10Y,2.7700
JP,2026-05-20,30Y,4.0000
JP,2026-05-21,2Y,1.4530
JP,2026-05-21,5Y,2.0310
JP,2026-05-21,10Y,2.7480
JP,2026-05-21,30Y,3.9390
JP,2026-05-22,2Y,1.4430
JP,2026-05-22,5Y,2.0260
JP,2026-05-22,10Y,2.7490
JP,2026-05-22,30Y,3.9310
JP,2026-05-25,2Y,1.4200
JP,2026-05-25,5Y,1.9850
JP,2026-05-25,10Y,2.6860
JP,2026-05-25,30Y,3.8760
JP,2026-05-26,2Y,1.4210
JP,2026-05-26,5Y,1.9950
JP,2026-05-26,10Y,2.7130
JP,2026-05-26,30Y,3.8660
JP,2026-05-27,2Y,1.3990
JP,2026-05-27,5Y,1.9630
JP,2026-05-27,10Y,2.6870
JP,2026-05-27,30Y,3.8560
JP,2026-05-28,2Y,1.3660
JP,2026-05-28,5Y,1.9400
JP,2026-05-28,10Y,2.6920
JP,2026-05-28,30Y,3.8960
JP,2026-05-29,2Y,1.3930
JP,2026-05-29,5Y,1.9190
JP,2026-05-29,10Y,2.6570
JP,2026-05-29,30Y,3.8590
JP,2026-06-01,2Y,1.4000
JP,2026-06-01,5Y,1.9480
JP,2026-06-01,10Y,2.6820
JP,2026-06-01,30Y,3.8630
JP,2026-06-02,2Y,1.3800
JP,2026-06-02,5Y,1.8890
JP,2026-06-02,10Y,2.5770
JP,2026-06-02,30Y,3.8100
JP,2026-06-03,2Y,1.4010
JP,2026-06-03,5Y,1.9430
JP,2026-06-03,10Y,2.6450
JP,2026-06-03,30Y,3.8170
JP,2026-06-04,2Y,1.4170
JP,2026-06-04,5Y,1.9660
JP,2026-06-04,10Y,2.6710
JP,2026-06-04,30Y,3.8330
JP,2026-06-05,2Y,1.4120
JP,2026-06-05,5Y,1.9550
JP,2026-06-05,10Y,2.6690
JP,2026-06-05,30Y,3.8410
JP,2026-06-08,2Y,1.4200
JP,2026-06-08,5Y,1.9780
JP,2026-06-08,10Y,2.7150
JP,2026-06-08,30Y,3.8760
JP,2026-06-09,2Y,1.4200
JP,2026-06-09,5Y,1.9620
JP,2026-06-09,10Y,2.6690
JP,2026-06-09,30Y,3.8230
JP,2026-06-10,2Y,1.4260
JP,2026-06-10,5Y,1.9710
JP,2026-06-10,10Y,2.6810
JP,2026-06-10,30Y,3.8110
JP,2026-06-11,2Y,1.4270
JP,2026-06-11,5Y,1.9630
JP,2026-06-11,10Y,2.6820
JP,2026-06-11,30Y,3.8230
JP,2026-06-12,2Y,1.4170
JP,2026-06-12,5Y,1.9380
JP,2026-06-12,10Y,2.6430
JP,2026-06-12,30Y,3.7670
JP,2026-06-15,2Y,1.4090
JP,2026-06-15,5Y,1.9010
JP,2026-06-15,10Y,2.5890
JP,2026-06-15,30Y,3.7250
JP,2026-06-16,2Y,1.4140
JP,2026-06-16,5Y,1.9450
JP,2026-06-16,10Y,2.6550
JP,2026-06-16,30Y,3.7470
JP,2026-06-17,2Y,1.3980
JP,2026-06-17,5Y,1.8970
JP,2026-06-17,10Y,2.6130
JP,2026-06-17,30Y,3.7090
JP,2026-06-18,2Y,1.4000
JP,2026-06-18,5Y,1.8980
JP,2026-06-18,10Y,2.6280
JP,2026-06-18,30Y,3.7370
JP,2026-06-19,2Y,1.4090
JP,2026-06-19,5Y,1.9280
JP,2026-06-19,10Y,2.6560
JP,2026-06-19,30Y,3.7860
JP,2026-06-22,2Y,1.4150
JP,2026-06-22,5Y,1.9460
JP,2026-06-22,10Y,2.6770
JP,2026-06-22,30Y,3.7970
JP,2026-06-23,2Y,1.4260
JP,2026-06-23,5Y,1.9570
JP,2026-06-23,10Y,2.6830
JP,2026-06-23,30Y,3.7900
JP,2026-06-24,2Y,1.4320
JP,2026-06-24,5Y,1.9500
JP,2026-06-24,10Y,2.6740
JP,2026-06-24,30Y,3.8080
JP,2026-06-25,2Y,1.4210
JP,2026-06-25,5Y,1.9230
JP,2026-06-25,10Y,2.6370
JP,2026-06-25,30Y,3.7810
JP,2026-06-26,2Y,1.4090
JP,2026-06-26,5Y,1.9150
JP,2026-06-26,10Y,2.6110
JP,2026-06-26,30Y,3.7590
JP,2026-06-29,2Y,1.4110
JP,2026-06-29,5Y,1.9160
JP,2026-06-29,10Y,2.6440
JP,2026-06-29,30Y,3.7850
JP,2026-06-30,2Y,1.3820
JP,2026-06-30,5Y,1.9370
JP,2026-06-30,10Y,2.6900
JP,2026-06-30,30Y,3.8730
JP,2026-07-01,2Y,1.4000
JP,2026-07-01,5Y,1.9590
JP,2026-07-01,10Y,2.7110
JP,2026-07-01,30Y,3.8830
JP,2026-07-02,2Y,1.3950
JP,2026-07-02,5Y,1.9790
JP,2026-07-02,10Y,2.7780
JP,2026-07-02,30Y,3.9370
JP,2026-07-03,2Y,1.3900
JP,2026-07-03,5Y,1.9710
JP,2026-07-03,10Y,2.7680
JP,2026-07-03,30Y,3.9400
JP,2026-07-06,2Y,1.3960
JP,2026-07-06,5Y,1.9940
JP,2026-07-06,10Y,2.8230
JP,2026-07-06,30Y,3.9760
JP,2026-07-07,2Y,1.4020
JP,2026-07-07,5Y,2.0070
JP,2026-07-07,10Y,2.8340
JP,2026-07-07,30Y,3.9510
JP,2026-07-08,2Y,1.4330
JP,2026-07-08,5Y,2.0390
JP,2026-07-08,10Y,2.8560
JP,2026-07-08,30Y,3.9980
JP,2026-07-09,2Y,1.4440
JP,2026-07-09,5Y,2.0390
JP,2026-07-09,10Y,2.8660
JP,2026-07-09,30Y,4.0130
JP,2026-07-10,2Y,1.4340
JP,2026-07-10,5Y,1.9900
JP,2026-07-10,10Y,2.7610
JP,2026-07-10,30Y,3.9380
JP,2026-07-13,2Y,1.4510
JP,2026-07-13,5Y,2.0060
JP,2026-07-13,10Y,2.7860
JP,2026-07-13,30Y,3.9220
JP,2026-07-14,2Y,1.4350
JP,2026-07-14,5Y,1.9630
JP,2026-07-14,10Y,2.7130
JP,2026-07-14,30Y,3.7870
JP,2026-07-15,2Y,1.4360
JP,2026-07-15,5Y,1.9480
JP,2026-07-15,10Y,2.6970
JP,2026-07-15,30Y,3.8020
JP,2026-07-16,2Y,1.4400
JP,2026-07-16,5Y,1.9640
JP,2026-07-16,10Y,2.7190
JP,2026-07-16,30Y,3.8620
JP,2026-07-17,2Y,1.4360
JP,2026-07-17,5Y,1.9450
JP,2026-07-17,10Y,2.7150
JP,2026-07-17,30Y,3.8940
JP,2026-07-21,2Y,1.4410
JP,2026-07-21,5Y,1.9580
JP,2026-07-21,10Y,2.7310
JP,2026-07-21,30Y,3.9050
JP,2026-07-22,2Y,1.4500
JP,2026-07-22,5Y,1.9780
JP,2026-07-22,10Y,2.7450
JP,2026-07-22,30Y,3.9010
JP,2026-07-23,2Y,1.4990
JP,2026-07-23,5Y,2.0150
JP,2026-07-23,10Y,2.7760
JP,2026-07-23,30Y,3.9290
JP,2026-07-24,2Y,1.5310
JP,2026-07-24,5Y,2.0600
JP,2026-07-24,10Y,2.8150
JP,2026-07-24,30Y,3.9800
JP,2026-07-27,2Y,1.5130
JP,2026-07-27,5Y,2.0320
JP,2026-07-27,10Y,2.7780
JP,2026-07-27,30Y,3.9690
JP,2026-07-28,2Y,1.5040
JP,2026-07-28,5Y,2.0240
JP,2026-07-28,10Y,2.7830
JP,2026-07-28,30Y,3.9800
JP,2026-07-29,2Y,1.4880
JP,2026-07-29,5Y,2.0000
JP,2026-07-29,10Y,2.7570
JP,2026-07-29,30Y,3.9410
JP,2026-07-30,2Y,1.4970
JP,2026-07-30,5Y,2.0330
JP,2026-07-30,10Y,2.8010
JP,2026-07-30,30Y,3.9710
JP,2026-07-31,2Y,1.5070
JP,2026-07-31,5Y,2.0440
JP,2026-07-31,10Y,2.8010
JP,2026-07-31,30Y,3.9820
JP,2026-08-03,2Y,1.5620
JP,2026-08-03,5Y,2.1000
JP,2026-08-03,10Y,2.8240
JP,2026-08-03,30Y,3.9820
JP,2026-08-04,2Y,1.5680
JP,2026-08-04,5Y,2.0960
JP,2026-08-04,10Y,2.8480
JP,2026-08-04,30Y,3.9900
JP,2026-08-05,2Y,1.5690
JP,2026-08-05,5Y,2.0680
JP,2026-08-05,10Y,2.8130
JP,2026-08-05,30Y,3.9660
JP,2026-08-06,2Y,1.5650
JP,2026-08-06,5Y,2.0440
JP,2026-08-06,10Y,2.7730
JP,2026-08-06,30Y,3.9190
JP,2026-08-07,2Y,1.6110
JP,2026-08-07,5Y,2.0910
JP,2026-08-07,10Y,2.8040
JP,2026-08-07,30Y,3.9250
JP,2026-08-10,2Y,1.6180
JP,2026-08-10,5Y,2.1010
JP,2026-08-10,10Y,2.8150
JP,2026-08-10,30Y,3.9570
JP,2026-08-12,2Y,1.6460
JP,2026-08-12,5Y,2.1200
JP,2026-08-12,10Y,2.8560
JP,2026-08-12,30Y,3.9890
JP,2026-08-13,2Y,1.6510
JP,2026-08-13,5Y,2.1340
JP,2026-08-13,10Y,2.8730
JP,2026-08-13,30Y,4.0020
JP,2026-08-14,2Y,1.6570
JP,2026-08-14,5Y,2.1510
JP,2026-08-14,10Y,2.8780
JP,2026-08-14,30Y,4.0020
JP,2026-08-17,2Y,1.6960
JP,2026-08-17,5Y,2.1770
JP,2026-08-17,10Y,2.9190
JP,2026-08-17,30Y,4.0500
JP,2026-08-18,2Y,1.6910
JP,2026-08-18,5Y,2.1770
JP,2026-08-18,10Y,2.9340
JP,2026-08-18,30Y,4.0960
JP,2026-08-19,2Y,1.6810
JP,2026-08-19,5Y,2.1460
JP,2026-08-19,10Y,2.8940
JP,2026-08-19,30Y,4.0540
JP,2026-08-20,2Y,1.6820
JP,2026-08-20,5Y,2.1270
JP,2026-08-20,10Y,2.8540
JP,2026-08-20,30Y,3.9950
JP,2026-08-21,2Y,1.6820
JP,2026-08-21,5Y,2.1460
JP,2026-08-21,10Y,2.8820
JP,2026-08-21,30Y,4.0420
JP,2026-08-24,2Y,1.6850
JP,2026-08-24,5Y,2.1550
JP,2026-08-24,10Y,2.8870
JP,2026-08-24,30Y,4.0360
JP,2026-08-25,2Y,1.6840
JP,2026-08-25,5Y,2.1670
JP,2026-08-25,10Y,2.8970
JP,2026-08-25,30Y,4.0400
JP,2026-08-26,2Y,1.6970
JP,2026-08-26,5Y,2.1720
JP,2026-08-26,10Y,2.8920
JP,2026-08-26,30Y,4.0390
JP,2026-08-27,2Y,1.6960
JP,2026-08-27,5Y,2.1820
JP,2026-08-27,10Y,2.8970
JP,2026-08-27,30Y,4.0380
JP,2026-08-28,2Y,1.7190
JP,2026-08-28,5Y,2.2120
JP,2026-08-28,10Y,2.9300
JP,2026-08-28,30Y,4.0840
JP,2026-08-31,2Y,1.7430
JP,2026-08-31,5Y,2.2330
JP,2026-08-31,10Y,2.9430
JP,2026-08-31,30Y,4.0920
JP,2026-09-01,2Y,1.8020
JP,2026-09-01,5Y,2.2800
JP,2026-09-01,10Y,2.9870
JP,2026-09-01,30Y,4.1310
